device_id,variable,timestamp,actual,predicted,naive,used_for_metrics
101990961244800083,rainfall_mm,2026-07-16 15:00:00+00:00,0.0,0.053764542471826555,0.0,True
101990961244800083,rainfall_mm,2026-07-16 16:00:00+00:00,0.0,0.033034294398193234,0.0,True
101990961244800083,rainfall_mm,2026-07-16 17:00:00+00:00,0.0,0.011046296022679276,0.0,True
101990961244800083,rainfall_mm,2026-07-16 18:00:00+00:00,0.0,0.007911632188559035,0.0,True
101990961244800083,rainfall_mm,2026-07-16 19:00:00+00:00,0.0,0.01220919587065829,0.0,True
101990961244800083,rainfall_mm,2026-07-16 20:00:00+00:00,0.0,0.07712591782663732,0.0,True
101990961244800083,rainfall_mm,2026-07-16 21:00:00+00:00,0.0,0.004033986641712629,0.0,True
101990961244800083,rainfall_mm,2026-07-16 22:00:00+00:00,,0.013027763888345836,0.0,False
101990961244800083,rainfall_mm,2026-07-16 23:00:00+00:00,,0.08886063513876635,,False
101990961244800083,rainfall_mm,2026-07-17 00:00:00+00:00,,0.0892566424822809,,False
101990961244800083,rainfall_mm,2026-07-17 01:00:00+00:00,,0.03502882499341018,,False
101990961244800083,rainfall_mm,2026-07-17 02:00:00+00:00,,0.01902268738733684,,False
101990961244800083,rainfall_mm,2026-07-17 03:00:00+00:00,,0.025903689715962405,,False
101990961244800083,rainfall_mm,2026-07-17 04:00:00+00:00,0.0,0.1206090958458573,,False
101990961244800083,rainfall_mm,2026-07-17 05:00:00+00:00,0.0,-0.015024838183999599,0.0,True
101990961244800083,rainfall_mm,2026-07-17 06:00:00+00:00,0.0,7.829726883164133e-05,0.0,True
101990961244800083,rainfall_mm,2026-07-17 07:00:00+00:00,0.0,0.00031073966889006533,0.0,True
101990961244800083,rainfall_mm,2026-07-17 08:00:00+00:00,0.0,0.0007350570335827426,0.0,True
101990961244800083,rainfall_mm,2026-07-17 09:00:00+00:00,0.0,0.0024325104242748003,0.0,True
101990961244800083,rainfall_mm,2026-07-17 10:00:00+00:00,0.0,-0.0004857062190313987,0.0,True
101990961244800083,rainfall_mm,2026-07-17 11:00:00+00:00,0.0,0.01066398644148744,0.0,True
101990961244800083,rainfall_mm,2026-07-17 12:00:00+00:00,0.0,0.027626218817428133,0.0,True
101990961244800083,rainfall_mm,2026-07-17 13:00:00+00:00,0.0,0.10606568810789255,0.0,True
101990961244800083,rainfall_mm,2026-07-17 14:00:00+00:00,0.0,0.0767164378016934,0.0,True
101990961244800083,rainfall_mm,2026-07-17 15:00:00+00:00,0.0,0.05296726078291582,0.0,True
101990961244800083,rainfall_mm,2026-07-17 16:00:00+00:00,0.0,0.03254253645192298,0.0,True
101990961244800083,rainfall_mm,2026-07-17 17:00:00+00:00,0.0,0.010880976490962736,0.0,True
101990961244800083,rainfall_mm,2026-07-17 18:00:00+00:00,0.0,0.007788012647343675,0.0,True
101990961244800083,rainfall_mm,2026-07-17 19:00:00+00:00,0.0,0.012017411797151236,0.0,True
101990961244800083,rainfall_mm,2026-07-17 20:00:00+00:00,0.0,0.07586243280110426,0.0,True
101990961244800083,rainfall_mm,2026-07-17 21:00:00+00:00,,0.003957402331094773,0.0,False
101990961244800083,rainfall_mm,2026-07-17 22:00:00+00:00,,0.013633603030916106,,False
101990961244800083,rainfall_mm,2026-07-17 23:00:00+00:00,,0.0889531916948045,,False
101990961244800083,rainfall_mm,2026-07-18 00:00:00+00:00,,0.0892695285482161,,False
101990961244800083,rainfall_mm,2026-07-18 01:00:00+00:00,,0.03502238043914988,,False
101990961244800083,rainfall_mm,2026-07-18 02:00:00+00:00,,0.018966720392352875,,False
101990961244800083,rainfall_mm,2026-07-18 03:00:00+00:00,,0.02553600278944785,,False
101990961244800083,rainfall_mm,2026-07-18 04:00:00+00:00,,0.11819964408737872,,False
101990961244800083,rainfall_mm,2026-07-18 05:00:00+00:00,,0.0033152541768044063,,False
101990961244800083,rainfall_mm,2026-07-18 06:00:00+00:00,0.0,0.0005846364866780164,,False
101990961244800083,rainfall_mm,2026-07-18 07:00:00+00:00,0.0,0.0003059854853175965,0.0,True
101990961244800083,rainfall_mm,2026-07-18 08:00:00+00:00,0.0,0.0007238285881854615,0.0,True
101990961244800083,rainfall_mm,2026-07-18 09:00:00+00:00,0.0,0.0023953797279854436,0.0,True
101990961244800083,rainfall_mm,2026-07-18 10:00:00+00:00,0.0,-0.0004777231290541406,0.0,True
101990961244800083,rainfall_mm,2026-07-18 11:00:00+00:00,0.0,0.010503700597735059,0.0,True
101990961244800083,rainfall_mm,2026-07-18 12:00:00+00:00,0.0,0.027213301989962316,0.0,True
101990961244800083,rainfall_mm,2026-07-18 13:00:00+00:00,0.0,0.1044652491951365,0.0,True
101990961244800083,rainfall_mm,2026-07-18 14:00:00+00:00,0.0,0.07556230415064524,0.0,True
101990961244800083,rainfall_mm,2026-07-18 15:00:00+00:00,0.0,0.05218430231140456,0.0,True
101990961244800083,rainfall_mm,2026-07-18 16:00:00+00:00,0.0,0.032059690978901476,0.0,True
101990961244800083,rainfall_mm,2026-07-18 17:00:00+00:00,0.0,0.010718689141729881,0.0,True
101990961244800083,rainfall_mm,2026-07-18 18:00:00+00:00,0.0,0.0076668791634490275,0.0,True
101990961244800083,rainfall_mm,2026-07-18 19:00:00+00:00,0.0,0.011829526788397743,0.0,True
101990961244800083,rainfall_mm,2026-07-18 20:00:00+00:00,0.0,0.07462686150574861,0.0,True
101990961244800083,rainfall_mm,2026-07-18 21:00:00+00:00,,0.003957317625996116,0.0,False
101990961244800083,rainfall_mm,2026-07-18 22:00:00+00:00,,0.013633590005851062,,False
101990961244800083,rainfall_mm,2026-07-18 23:00:00+00:00,,0.08895318946131804,,False
101990961244800083,rainfall_mm,2026-07-19 00:00:00+00:00,,0.08926952664227958,,False
101990961244800083,rainfall_mm,2026-07-19 01:00:00+00:00,,0.0350223699316848,,False
101990961244800083,rainfall_mm,2026-07-19 02:00:00+00:00,,0.01896665205716853,,False
101990961244800083,rainfall_mm,2026-07-19 03:00:00+00:00,,0.025535556484552354,,False
101990961244800083,rainfall_mm,2026-07-19 04:00:00+00:00,0.0,0.11819672892892397,,False
101990961244800083,rainfall_mm,2026-07-19 05:00:00+00:00,0.0,-0.014715135777371949,0.0,True
101990961244800083,rainfall_mm,2026-07-19 06:00:00+00:00,0.0,6.853951876545712e-05,0.0,True
101990961244800083,rainfall_mm,2026-07-19 07:00:00+00:00,0.0,0.0003013148398264986,0.0,True
101990961244800083,rainfall_mm,2026-07-19 08:00:00+00:00,0.0,0.000712815474792883,0.0,True
101990961244800083,rainfall_mm,2026-07-19 09:00:00+00:00,0.0,0.0023589600305684447,0.0,True
101990961244800083,rainfall_mm,2026-07-19 10:00:00+00:00,0.0,-0.00046991601562728605,0.0,True
101990961244800083,rainfall_mm,2026-07-19 11:00:00+00:00,0.0,0.0103463827038659,0.0,True
101990961244800083,rainfall_mm,2026-07-19 12:00:00+00:00,0.0,0.02680793617117596,0.0,True
101990961244800083,rainfall_mm,2026-07-19 13:00:00+00:00,0.0,0.10289469838371863,0.0,True
101990961244800083,rainfall_mm,2026-07-19 14:00:00+00:00,0.0,0.07442958436964238,0.0,True
101990961244800083,rainfall_mm,2026-07-19 15:00:00+00:00,0.0,0.05141530867242338,0.0,True
101990961244800083,rainfall_mm,2026-07-19 16:00:00+00:00,0.0,0.03158553193310743,0.0,True
101990961244800083,rainfall_mm,2026-07-19 17:00:00+00:00,0.0,0.010559355697618926,0.0,True
101990961244800083,rainfall_mm,2026-07-19 18:00:00+00:00,0.0,0.007548158831537767,0.0,True
101990961244800083,rainfall_mm,2026-07-19 19:00:00+00:00,0.0,0.011645424908995576,0.0,True
101990961244800083,rainfall_mm,2026-07-19 20:00:00+00:00,0.0,0.07341828328823415,0.0,True
101990961244800083,rainfall_mm,2026-07-19 21:00:00+00:00,0.0,0.003957319434818271,0.0,True
101990961244800083,rainfall_mm,2026-07-19 22:00:00+00:00,,0.0130277062320317,0.0,False
101990961244800083,rainfall_mm,2026-07-19 23:00:00+00:00,,0.0888602387727502,,False
101990961244800083,rainfall_mm,2026-07-20 00:00:00+00:00,,0.08925404253568156,,False
101990961244800083,rainfall_mm,2026-07-20 01:00:00+00:00,,0.035011782662227056,,False
101990961244800083,rainfall_mm,2026-07-20 02:00:00+00:00,,0.01891136168453089,,False
101990961244800083,rainfall_mm,2026-07-20 03:00:00+00:00,,0.025176535369634004,,False
101990961244800083,rainfall_mm,2026-07-20 04:00:00+00:00,,0.11584482633062632,,False
101990961244800083,rainfall_mm,2026-07-20 05:00:00+00:00,0.0,0.003260136909739238,,False
101990961244800083,rainfall_mm,2026-07-20 06:00:00+00:00,0.0,6.786082118615048e-05,0.0,True
101990961244800083,rainfall_mm,2026-07-20 07:00:00+00:00,0.0,0.0002967336257115358,0.0,True
101990961244800083,rainfall_mm,2026-07-20 08:00:00+00:00,0.0,0.0007020117801512091,0.0,True
101990961244800083,rainfall_mm,2026-07-20 09:00:00+00:00,0.0,0.002323231820493971,0.0,True
101990961244800083,rainfall_mm,2026-07-20 10:00:00+00:00,0.0,-0.00046227915789699014,0.0,True
101990961244800083,rainfall_mm,2026-07-20 11:00:00+00:00,0.0,0.010191955071432099,0.0,True
101990961244800083,rainfall_mm,2026-07-20 12:00:00+00:00,0.0,0.02640992731141006,0.0,True
101990961244800083,rainfall_mm,2026-07-20 13:00:00+00:00,0.0,0.10135324371750157,0.0,True
101990961244800083,rainfall_mm,2026-07-20 14:00:00+00:00,0.0,0.07331771624517247,0.0,True
101990961244800083,rainfall_mm,2026-07-20 15:00:00+00:00,0.0,0.05065993424281681,0.0,True
101990961244800083,rainfall_mm,2026-07-20 16:00:00+00:00,0.0,0.031119841430253332,0.0,True
101990961244800083,rainfall_mm,2026-07-20 17:00:00+00:00,0.0,0.01040290075628059,0.0,True
101990961244800083,rainfall_mm,2026-07-20 18:00:00+00:00,0.0,0.007431781760815482,0.0,True
101990961244800083,rainfall_mm,2026-07-20 19:00:00+00:00,0.0,0.011464995074152594,0.0,True
101990961244800083,rainfall_mm,2026-07-20 20:00:00+00:00,0.0,0.07223581974148718,0.0,True
101990961244800083,rainfall_mm,2026-07-20 21:00:00+00:00,0.0,0.003881687039039357,0.0,True
101990961244800083,rainfall_mm,2026-07-20 22:00:00+00:00,,0.013027707194959008,0.0,False
101990961244800083,rainfall_mm,2026-07-20 23:00:00+00:00,,0.08886023804047469,,False
101990961244800083,rainfall_mm,2026-07-21 00:00:00+00:00,,0.089254036689676,,False
101990961244800083,rainfall_mm,2026-07-21 01:00:00+00:00,,0.03501174430841876,,False
101990961244800083,rainfall_mm,2026-07-21 02:00:00+00:00,,0.018911111140028414,,False
101990961244800083,rainfall_mm,2026-07-21 03:00:00+00:00,,0.02517489886404144,,False
101990961244800083,rainfall_mm,2026-07-21 04:00:00+00:00,,0.11583413705428217,,False
101990961244800083,rainfall_mm,2026-07-21 05:00:00+00:00,0.0,0.0032075438820670823,,False
101990961244800083,rainfall_mm,2026-07-21 06:00:00+00:00,0.0,6.718972775499186e-05,0.0,True
101990961244800083,rainfall_mm,2026-07-21 07:00:00+00:00,0.0,0.00029223939456690223,0.0,True
101990961244800083,rainfall_mm,2026-07-21 08:00:00+00:00,0.0,0.0006914118111871179,0.0,True
101990961244800083,rainfall_mm,2026-07-21 09:00:00+00:00,0.0,0.002288176337671238,0.0,True
101990961244800083,rainfall_mm,2026-07-21 10:00:00+00:00,0.0,-0.0004548071159896987,0.0,True
101990961244800083,rainfall_mm,2026-07-21 11:00:00+00:00,0.0,0.010040342903544382,0.0,True
101990961244800083,rainfall_mm,2026-07-21 12:00:00+00:00,0.0,0.026019088455014994,0.0,True
101990961244800083,rainfall_mm,2026-07-21 13:00:00+00:00,0.0,0.09984012305636797,0.0,True
101990961244800083,rainfall_mm,2026-07-21 14:00:00+00:00,0.0,0.07222615855144938,0.0,True
101990961244800083,rainfall_mm,2026-07-21 15:00:00+00:00,0.0,0.04991784557620196,0.0,True
101990961244800083,rainfall_mm,2026-07-21 16:00:00+00:00,0.0,0.030662409368927054,0.0,True
101990961244800083,rainfall_mm,2026-07-21 17:00:00+00:00,0.0,0.010249251655083039,0.0,True
101990961244800083,rainfall_mm,2026-07-21 18:00:00+00:00,0.0,0.007317680918608291,0.0,True
101990961244800083,rainfall_mm,2026-07-21 19:00:00+00:00,0.0,0.011288130723420848,0.0,True
101990961244800083,rainfall_mm,2026-07-21 20:00:00+00:00,0.0,0.07107863183340479,0.0,True
101990961244800083,rainfall_mm,2026-07-21 21:00:00+00:00,0.0,0.0038081521264913495,0.0,True
101990961244800083,rainfall_mm,2026-07-21 22:00:00+00:00,,0.013027708152141885,0.0,False
101990961244800083,rainfall_mm,2026-07-21 23:00:00+00:00,,0.08886023753826541,,False
101990961244800083,rainfall_mm,2026-07-22 00:00:00+00:00,,0.08925403238688069,,False
101990961244800083,rainfall_mm,2026-07-22 01:00:00+00:00,,0.03501171604091618,,False
101990961244800083,rainfall_mm,2026-07-22 02:00:00+00:00,,0.01891092647803682,,False
101990961244800083,rainfall_mm,2026-07-22 03:00:00+00:00,,0.025173692688681335,,False
101990961244800083,rainfall_mm,2026-07-22 04:00:00+00:00,0.0,0.11582625859985574,,False
101990961244800083,rainfall_mm,2026-07-22 05:00:00+00:00,0.0,-0.014504705369876345,0.0,True
101990961244800083,rainfall_mm,2026-07-22 06:00:00+00:00,0.0,6.651209795489061e-05,0.0,True
101990961244800083,rainfall_mm,2026-07-22 07:00:00+00:00,0.0,0.00028782979233840504,0.0,True
101990961244800083,rainfall_mm,2026-07-22 08:00:00+00:00,0.0,0.0006810100944033431,0.0,True
101990961244800083,rainfall_mm,2026-07-22 09:00:00+00:00,0.0,0.002253775544312722,0.0,True
101990961244800083,rainfall_mm,2026-07-22 10:00:00+00:00,0.0,-0.00044749468791629413,0.0,True
101990961244800083,rainfall_mm,2026-07-22 11:00:00+00:00,0.0,0.009891474157010728,0.0,True
101990961244800083,rainfall_mm,2026-07-22 12:00:00+00:00,0.0,0.025635239407671866,0.0,True
101990961244800083,rainfall_mm,2026-07-22 13:00:00+00:00,0.0,0.09835460264200524,0.0,True
101990961244800083,rainfall_mm,2026-07-22 14:00:00+00:00,0.0,0.0711543900478824,0.0,True
101990961244800083,rainfall_mm,2026-07-22 15:00:00+00:00,0.0,0.04918872084981505,0.0,True
101990961244800083,rainfall_mm,2026-07-22 16:00:00+00:00,0.0,0.030213033072584116,0.0,True
101990961244800083,rainfall_mm,2026-07-22 17:00:00+00:00,0.0,0.010098338343178317,0.0,True
101990961244800083,rainfall_mm,2026-07-22 18:00:00+00:00,0.0,0.0072057919820706804,0.0,True
101990961244800083,rainfall_mm,2026-07-22 19:00:00+00:00,0.0,0.01111472969966293,0.0,True
101990961244800083,rainfall_mm,2026-07-22 20:00:00+00:00,0.0,0.06994591849470772,0.0,True
101990961244800083,rainfall_mm,2026-07-22 21:00:00+00:00,,0.0037367119690183484,0.0,False
101990961244800083,rainfall_mm,2026-07-22 22:00:00+00:00,,0.013599761236536776,,False
101990961244800083,rainfall_mm,2026-07-22 23:00:00+00:00,,0.08894762891260248,,False
101990961244800083,rainfall_mm,2026-07-23 00:00:00+00:00,,0.08926617621794075,,False
101990961244800083,rainfall_mm,2026-07-23 01:00:00+00:00,,0.03500547722958936,,False
101990961244800083,rainfall_mm,2026-07-23 02:00:00+00:00,,0.01885707707429646,,False
101990961244800083,rainfall_mm,2026-07-23 03:00:00+00:00,,0.02481995577698788,,False
101990961244800083,rainfall_mm,2026-07-23 04:00:00+00:00,0.0,0.11350852354420217,,False
101990961244800083,rainfall_mm,2026-07-23 05:00:00+00:00,0.0,-0.014204139926472605,0.0,True
101990961244800083,rainfall_mm,2026-07-23 06:00:00+00:00,0.0,6.583256945520215e-05,0.0,True
101990961244800083,rainfall_mm,2026-07-23 07:00:00+00:00,0.0,0.0002835025432817871,0.0,True
101990961244800083,rainfall_mm,2026-07-23 08:00:00+00:00,0.0,0.0006708013650801162,0.0,True
101990961244800083,rainfall_mm,2026-07-23 09:00:00+00:00,0.0,0.0022200120894924256,0.0,True
101990961244800083,rainfall_mm,2026-07-23 10:00:00+00:00,0.0,-0.00044033689680137865,0.0,True
101990961244800083,rainfall_mm,2026-07-23 11:00:00+00:00,0.0,0.009745279412371891,0.0,True
101990961244800083,rainfall_mm,2026-07-23 12:00:00+00:00,0.0,0.02525820642220148,0.0,True
101990961244800083,rainfall_mm,2026-07-23 13:00:00+00:00,0.0,0.09689597574538455,0.0,True
101990961244800083,rainfall_mm,2026-07-23 14:00:00+00:00,0.0,0.07010190853328112,0.0,True
101990961244800083,rainfall_mm,2026-07-23 15:00:00+00:00,0.0,0.04847224934116532,0.0,True
101990961244800083,rainfall_mm,2026-07-23 16:00:00+00:00,0.0,0.02977151695108352,0.0,True
101990961244800083,rainfall_mm,2026-07-23 17:00:00+00:00,0.0,0.009950093260700973,0.0,True
101990961244800083,rainfall_mm,2026-07-23 18:00:00+00:00,0.0,0.007096053199494483,0.0,True
101990961244800083,rainfall_mm,2026-07-23 19:00:00+00:00,0.0,0.010944693946627008,0.0,True
101990961244800083,rainfall_mm,2026-07-23 20:00:00+00:00,0.0,0.0688369139098697,0.0,True
101990961244800083,rainfall_mm,2026-07-23 21:00:00+00:00,,0.003736627627803861,0.0,False
101990961244800083,rainfall_mm,2026-07-23 22:00:00+00:00,,0.013599720555910058,,False
101990961244800083,rainfall_mm,2026-07-23 23:00:00+00:00,,0.08894743972233571,,False
101990961244800083,rainfall_mm,2026-07-24 00:00:00+00:00,,0.08926494858492431,,False
101990961244800083,rainfall_mm,2026-07-24 01:00:00+00:00,,0.034997433461728844,,False
101990961244800083,rainfall_mm,2026-07-24 02:00:00+00:00,,0.018804533215979764,,False
101990961244800083,rainfall_mm,2026-07-24 03:00:00+00:00,,0.024476751195524248,,False
101990961244800083,rainfall_mm,2026-07-24 04:00:00+00:00,0.0,0.11126016222960432,,False
101990961244800083,rainfall_mm,2026-07-24 05:00:00+00:00,0.0,-0.013912907710022822,0.0,True
101990961244800083,rainfall_mm,2026-07-24 06:00:00+00:00,0.0,6.515180237111549e-05,0.0,True
101990961244800083,rainfall_mm,2026-07-24 07:00:00+00:00,0.0,0.0002792554646809992,0.0,True
101990961244800083,rainfall_mm,2026-07-24 08:00:00+00:00,0.0,0.0006607805571402859,0.0,True
101990961244800083,rainfall_mm,2026-07-24 09:00:00+00:00,0.0,0.002186869275790717,0.0,True
101990961244800083,rainfall_mm,2026-07-24 10:00:00+00:00,0.0,-0.0004333289788139597,0.0,True
101990961244800083,rainfall_mm,2026-07-24 11:00:00+00:00,0.0,0.009601691751206043,0.0,True
101990961244800083,rainfall_mm,2026-07-24 12:00:00+00:00,0.0,0.024887821901681987,0.0,True
101990961244800083,rainfall_mm,2026-07-24 13:00:00+00:00,0.0,0.09546356139058992,0.0,True
101990961244800083,rainfall_mm,2026-07-24 14:00:00+00:00,0.0,0.06906822995310856,0.0,True
101990961244800083,rainfall_mm,2026-07-24 15:00:00+00:00,0.0,0.04776813093265522,0.0,True
101990961244800083,rainfall_mm,2026-07-24 16:00:00+00:00,0.0,0.029337672180533448,0.0,True
101990961244800083,rainfall_mm,2026-07-24 17:00:00+00:00,0.0,0.00980445122463523,0.0,True
101990961244800083,rainfall_mm,2026-07-24 18:00:00+00:00,0.0,0.006988405260137363,0.0,True
101990961244800083,rainfall_mm,2026-07-24 19:00:00+00:00,0.0,0.010777929401635999,0.0,True
101990961244800083,rainfall_mm,2026-07-24 20:00:00+00:00,0.0,0.06775088635374488,0.0,True
101990961244800083,rainfall_mm,2026-07-24 21:00:00+00:00,0.0,0.003736628703102579,0.0,True
101990961244800083,rainfall_mm,2026-07-24 22:00:00+00:00,,0.013027625874057555,0.0,False
101990961244800083,rainfall_mm,2026-07-24 23:00:00+00:00,,0.08885967599849798,,False
101990961244800083,rainfall_mm,2026-07-25 00:00:00+00:00,,0.0892503500528376,,False
101990961244800083,rainfall_mm,2026-07-25 01:00:00+00:00,,0.034987582430280495,,False
101990961244800083,rainfall_mm,2026-07-25 02:00:00+00:00,,0.018753278915934857,,False
101990961244800083,rainfall_mm,2026-07-25 03:00:00+00:00,,0.024143974381046613,,False
101990961244800083,rainfall_mm,2026-07-25 04:00:00+00:00,0.0,0.10908047834179917,,False
101990961244800083,rainfall_mm,2026-07-25 05:00:00+00:00,0.0,-0.013630935757612078,0.0,True
101990961244800083,rainfall_mm,2026-07-25 06:00:00+00:00,0.0,6.44704061914614e-05,0.0,True
101990961244800083,rainfall_mm,2026-07-25 07:00:00+00:00,0.0,0.00027508645604776554,0.0,True
101990961244800083,rainfall_mm,2026-07-25 08:00:00+00:00,0.0,0.0006509427935681184,0.0,True
101990961244800083,rainfall_mm,2026-07-25 09:00:00+00:00,0.0,0.00215433102783422,0.0,True
101990961244800083,rainfall_mm,2026-07-25 10:00:00+00:00,0.0,-0.0004264663719328246,0.0,True
101990961244800083,rainfall_mm,2026-07-25 11:00:00+00:00,0.0,0.009460646640236393,0.0,True
101990961244800083,rainfall_mm,2026-07-25 12:00:00+00:00,0.0,0.024523924118781043,0.0,True
101990961244800083,rainfall_mm,2026-07-25 13:00:00+00:00,0.0,0.09405670315004822,0.0,True
101990961244800083,rainfall_mm,2026-07-25 14:00:00+00:00,0.5079999999999245,0.06805288755636553,0.0,True
101990961244800083,rainfall_mm,2026-07-25 15:00:00+00:00,0.0,0.12482936472282974,0.5079999999999245,True
101990961244800083,rainfall_mm,2026-07-25 16:00:00+00:00,0.0,0.028912058106131514,0.0,True
101990961244800083,rainfall_mm,2026-07-25 17:00:00+00:00,0.0,0.009661348272407938,0.0,True
101990961244800083,rainfall_mm,2026-07-25 18:00:00+00:00,0.0,0.006882791171806033,0.0,True
101990961244800083,rainfall_mm,2026-07-25 19:00:00+00:00,0.0,0.010614345723601941,0.0,True
101990961244800083,rainfall_mm,2026-07-25 20:00:00+00:00,0.0,0.06668713579041183,0.0,True
101990961244800083,rainfall_mm,2026-07-25 21:00:00+00:00,0.0,0.0036660237180261073,0.0,True
101990961244800083,rainfall_mm,2026-07-25 22:00:00+00:00,,0.013027600749752073,0.0,False
101990961244800083,rainfall_mm,2026-07-25 23:00:00+00:00,,0.08885950007521823,,False
101990961244800083,rainfall_mm,2026-07-26 00:00:00+00:00,,0.08924919584432155,,False
101990961244800083,rainfall_mm,2026-07-26 01:00:00+00:00,,0.03498001823832153,,False
101990961244800083,rainfall_mm,2026-07-26 02:00:00+00:00,,0.01870386753073628,,False
101990961244800083,rainfall_mm,2026-07-26 03:00:00+00:00,,0.02382123035337141,,False
101990961244800083,rainfall_mm,2026-07-26 04:00:00+00:00,,0.10696626536909339,,False
101990961244800083,rainfall_mm,2026-07-26 05:00:00+00:00,0.0,0.0029608852498295367,,False
101990961244800083,rainfall_mm,2026-07-26 06:00:00+00:00,0.0,6.379185252430718e-05,0.0,True
101990961244800083,rainfall_mm,2026-07-26 07:00:00+00:00,0.0,0.00027099343909400695,0.0,True
101990961244800083,rainfall_mm,2026-07-26 08:00:00+00:00,0.0,0.0006412830417253422,0.0,True
101990961244800083,rainfall_mm,2026-07-26 09:00:00+00:00,0.0,0.002122379669757993,0.0,True
101990961244800083,rainfall_mm,2026-07-26 10:00:00+00:00,0.0,-0.000419759031147014,0.0,True
101990961244800083,rainfall_mm,2026-07-26 11:00:00+00:00,0.0,0.009321989178532917,0.0,True
101990961244800083,rainfall_mm,2026-07-26 12:00:00+00:00,0.0,0.024165749626657622,0.0,True
101990961244800083,rainfall_mm,2026-07-26 13:00:00+00:00,0.0,0.09266518581240264,0.0,True
101990961244800083,rainfall_mm,2026-07-26 14:00:00+00:00,0.0,0.07451990748169657,0.0,True
101990961244800083,rainfall_mm,2026-07-26 15:00:00+00:00,0.0,0.04524879516621934,0.0,True
101990961244800083,rainfall_mm,2026-07-26 16:00:00+00:00,0.0,0.028492993746699613,0.0,True
101990961244800083,rainfall_mm,2026-07-26 17:00:00+00:00,0.0,0.009520725790180125,0.0,True
101990961244800083,rainfall_mm,2026-07-26 18:00:00+00:00,0.0,0.006779156145715147,0.0,True
101990961244800083,rainfall_mm,2026-07-26 19:00:00+00:00,0.0,0.01045385604205217,0.0,True
101990961244800083,rainfall_mm,2026-07-26 20:00:00+00:00,0.0,0.06564499166409403,0.0,True
101990961244800083,rainfall_mm,2026-07-26 21:00:00+00:00,0.0,0.0035973384078312053,0.0,True
101990961244800083,rainfall_mm,2026-07-26 22:00:00+00:00,,0.013027601573370195,0.0,False
101990961244800083,rainfall_mm,2026-07-26 23:00:00+00:00,,0.0888594994170834,,False
101990961244800083,rainfall_mm,2026-07-27 00:00:00+00:00,,0.08924919063184195,,False
101990961244800083,rainfall_mm,2026-07-27 01:00:00+00:00,,0.03497998404650847,,False
101990961244800083,rainfall_mm,2026-07-27 02:00:00+00:00,,0.01870364417513486,,False
101990961244800083,rainfall_mm,2026-07-27 03:00:00+00:00,,0.023819771440266986,,False
101990961244800083,rainfall_mm,2026-07-27 04:00:00+00:00,,0.10695673608447723,,False
101990961244800083,rainfall_mm,2026-07-27 05:00:00+00:00,,0.002914550552377101,,False
101990961244800083,rainfall_mm,2026-07-27 06:00:00+00:00,0.0,0.0005090457755220891,,False
101990961244800083,rainfall_mm,2026-07-27 07:00:00+00:00,0.0,0.0002669799820848404,0.0,True
101990961244800083,rainfall_mm,2026-07-27 08:00:00+00:00,0.0,0.0006317974636166978,0.0,True
101990961244800083,rainfall_mm,2026-07-27 09:00:00+00:00,0.0,0.002091004737147675,0.0,True
101990961244800083,rainfall_mm,2026-07-27 10:00:00+00:00,,-0.0004131736840054269,0.0,False
101990961244800083,rainfall_mm,2026-07-27 11:00:00+00:00,0.0,0.009122606099525444,,False
101990961244800083,rainfall_mm,2026-07-27 12:00:00+00:00,0.7620000000000573,0.023814377164480604,0.0,True
101990961244800083,rainfall_mm,2026-07-27 13:00:00+00:00,0.0,0.20796274516904956,0.7620000000000573,True
101990961244800083,rainfall_mm,2026-07-27 14:00:00+00:00,,0.07344325717139952,0.0,False
101990961244800083,rainfall_mm,2026-07-27 15:00:00+00:00,0.0,0.05583654205330593,,False
101990961244800083,rainfall_mm,2026-07-27 16:00:00+00:00,0.0,0.02808116207135797,0.0,True
101990961244800083,rainfall_mm,2026-07-27 17:00:00+00:00,0.0,0.009382523889223346,0.0,True
101990961244800083,rainfall_mm,2026-07-27 18:00:00+00:00,0.0,0.006677447488087638,0.0,True
101990961244800083,rainfall_mm,2026-07-27 19:00:00+00:00,,0.01029637688427766,0.0,False
101990961244800083,rainfall_mm,2026-07-27 20:00:00+00:00,,0.06620016197267799,,False
101990961244800083,rainfall_mm,2026-07-27 21:00:00+00:00,,0.01366565786936905,,False
101990961244800083,rainfall_mm,2026-07-27 22:00:00+00:00,,0.015119781248809869,,False
101990961244800083,rainfall_mm,2026-07-27 23:00:00+00:00,,0.08917980712783347,,False
101990961244800083,rainfall_mm,2026-07-28 00:00:00+00:00,,0.08929822887864658,,False
101990961244800083,rainfall_mm,2026-07-28 01:00:00+00:00,,0.03498749102585231,,False
101990961244800083,rainfall_mm,2026-07-28 02:00:00+00:00,,0.018704789168300495,,False
101990961244800083,rainfall_mm,2026-07-28 03:00:00+00:00,,0.02381991860037973,,False
101990961244800083,rainfall_mm,2026-07-28 04:00:00+00:00,,0.10695657483868223,,False
101990961244800083,rainfall_mm,2026-07-28 05:00:00+00:00,,0.0029133251215943973,,False
101990961244800083,rainfall_mm,2026-07-28 06:00:00+00:00,,0.0005013613969745986,,False
101990961244800083,rainfall_mm,2026-07-28 07:00:00+00:00,,0.00033977768592496004,,False
101990961244800083,rainfall_mm,2026-07-28 08:00:00+00:00,,0.0006745037024212095,,False
101990961244800083,rainfall_mm,2026-07-28 09:00:00+00:00,,0.0021634804120471596,,False
101990961244800083,rainfall_mm,2026-07-28 10:00:00+00:00,,-0.00010163066696738617,,False
101990961244800083,rainfall_mm,2026-07-28 11:00:00+00:00,,0.009033764452000274,,False
101990961244800083,rainfall_mm,2026-07-28 12:00:00+00:00,,0.035911535250886306,,False
101990961244800083,rainfall_mm,2026-07-28 13:00:00+00:00,,0.09376208884467219,,False
101990961244800083,rainfall_mm,2026-07-28 14:00:00+00:00,,0.08767639910182616,,False
101990961244800083,rainfall_mm,2026-07-28 15:00:00+00:00,,0.05722844887263291,,False
101990961244800083,rainfall_mm,2026-07-28 16:00:00+00:00,,0.03643739192262795,,False
101990961244800083,rainfall_mm,2026-07-28 17:00:00+00:00,,0.014824935911479539,,False
101990961244800083,rainfall_mm,2026-07-28 18:00:00+00:00,,0.008847276305951167,,False
101990961244800083,rainfall_mm,2026-07-28 19:00:00+00:00,,0.01165063832744211,,False
101990961244800083,rainfall_mm,2026-07-28 20:00:00+00:00,,0.06640601814568402,,False
101990961244800083,rainfall_mm,2026-07-28 21:00:00+00:00,,0.013697093210593116,,False
101990961244800083,rainfall_mm,2026-07-28 22:00:00+00:00,,0.015124593924691001,,False
101990961244800083,rainfall_mm,2026-07-28 23:00:00+00:00,,0.0891805439370284,,False
101990961244800083,rainfall_mm,2026-07-29 00:00:00+00:00,,0.08929834168223569,,False
101990961244800083,rainfall_mm,2026-07-29 01:00:00+00:00,,0.03498750829487212,,False
101990961244800083,rainfall_mm,2026-07-29 02:00:00+00:00,,0.01870479180599951,,False
101990961244800083,rainfall_mm,2026-07-29 03:00:00+00:00,,0.023819918964055654,,False
101990961244800083,rainfall_mm,2026-07-29 04:00:00+00:00,,0.10695657463211233,,False
101990961244800083,rainfall_mm,2026-07-29 05:00:00+00:00,,0.002913323377032284,,False
101990961244800083,rainfall_mm,2026-07-29 06:00:00+00:00,,0.0005013499316665495,,False
101990961244800083,rainfall_mm,2026-07-29 07:00:00+00:00,,0.000339769915000209,,False
101990961244800083,rainfall_mm,2026-07-29 08:00:00+00:00,,0.0006744882756950306,,False
101990961244800083,rainfall_mm,2026-07-29 09:00:00+00:00,,0.002163430930494085,,False
101990961244800083,rainfall_mm,2026-07-29 10:00:00+00:00,0.2540000000000191,-0.00010166897753855285,,False
101990961244800083,rainfall_mm,2026-07-29 11:00:00+00:00,0.0,0.047919097716962504,0.2540000000000191,True
101990961244800083,rainfall_mm,2026-07-29 12:00:00+00:00,0.0,0.03454556973876158,0.0,True
101990961244800083,rainfall_mm,2026-07-29 13:00:00+00:00,0.0,0.08825972502886634,0.0,True
101990961244800083,rainfall_mm,2026-07-29 14:00:00+00:00,0.0,0.07332310705658288,0.0,True
101990961244800083,rainfall_mm,2026-07-29 15:00:00+00:00,0.0,0.04380946493173608,0.0,True
101990961244800083,rainfall_mm,2026-07-29 16:00:00+00:00,0.0,0.02767558276677329,0.0,True
101990961244800083,rainfall_mm,2026-07-29 17:00:00+00:00,0.0,0.009246474545829653,0.0,True
101990961244800083,rainfall_mm,2026-07-29 18:00:00+00:00,,0.00657746348226524,0.0,False
101990961244800083,rainfall_mm,2026-07-29 19:00:00+00:00,,0.01130313539592676,,False
101990961244800083,rainfall_mm,2026-07-29 20:00:00+00:00,,0.06635281631787256,,False
101990961244800083,rainfall_mm,2026-07-29 21:00:00+00:00,,0.01368894813936475,,False
101990961244800083,rainfall_mm,2026-07-29 22:00:00+00:00,,0.015123346934284427,,False
101990961244800083,rainfall_mm,2026-07-29 23:00:00+00:00,,0.08918035302970245,,False
101990961244800083,rainfall_mm,2026-07-30 00:00:00+00:00,,0.08929831248048675,,False
101990961244800083,rainfall_mm,2026-07-30 01:00:00+00:00,,0.034987503992073316,,False
101990961244800083,rainfall_mm,2026-07-30 02:00:00+00:00,,0.018704792244063982,,False
101990961244800083,rainfall_mm,2026-07-30 03:00:00+00:00,,0.023819926195261933,,False
101990961244800083,rainfall_mm,2026-07-30 04:00:00+00:00,,0.10695662253377852,,False
101990961244800083,rainfall_mm,2026-07-30 05:00:00+00:00,,0.002913636362616867,,False
101990961244800083,rainfall_mm,2026-07-30 06:00:00+00:00,,0.0005033938646649964,,False
101990961244800083,rainfall_mm,2026-07-30 07:00:00+00:00,,0.00035312027011692184,,False
101990961244800083,rainfall_mm,2026-07-30 08:00:00+00:00,,0.0007616898185866241,,False
101990961244800083,rainfall_mm,2026-07-30 09:00:00+00:00,,0.002735594927615166,,False
101990961244800083,rainfall_mm,2026-07-30 10:00:00+00:00,,0.0037180656697349823,,False
101990961244800083,rainfall_mm,2026-07-30 11:00:00+00:00,,0.008897083156697018,,False
101990961244800083,rainfall_mm,2026-07-30 12:00:00+00:00,,0.035402530599984716,,False
101990961244800083,rainfall_mm,2026-07-30 13:00:00+00:00,,0.09238123801842665,,False
101990961244800083,rainfall_mm,2026-07-30 14:00:00+00:00,,0.08637430995422343,,False
101990961244800083,rainfall_mm,2026-07-30 15:00:00+00:00,,0.05639564819130104,,False
101990961244800083,rainfall_mm,2026-07-30 16:00:00+00:00,,0.03590710700593028,,False
101990961244800083,rainfall_mm,2026-07-30 17:00:00+00:00,,0.01460867033242879,,False
101990961244800083,rainfall_mm,2026-07-30 18:00:00+00:00,,0.008814016126012642,,False
101990961244800083,rainfall_mm,2026-07-30 19:00:00+00:00,,0.011645546279787452,,False
101990961244800083,rainfall_mm,2026-07-30 20:00:00+00:00,,0.06640523860880874,,False
101990961244800083,rainfall_mm,2026-07-30 21:00:00+00:00,,0.013696973867274117,,False
101990961244800083,rainfall_mm,2026-07-30 22:00:00+00:00,,0.015124575654116634,,False
101990961244800083,rainfall_mm,2026-07-30 23:00:00+00:00,,0.08918054114378887,,False
101990961244800083,rainfall_mm,2026-07-31 00:00:00+00:00,,0.08929834128034497,,False
101990961244800083,rainfall_mm,2026-07-31 01:00:00+00:00,,0.03498750840152134,,False
101990961244800083,rainfall_mm,2026-07-31 02:00:00+00:00,,0.018704792920827176,,False
101990961244800083,rainfall_mm,2026-07-31 03:00:00+00:00,,0.023819926309893193,,False
101990961244800083,rainfall_mm,2026-07-31 04:00:00+00:00,,0.10695662262331129,,False
101990961244800083,rainfall_mm,2026-07-31 05:00:00+00:00,,0.002913636846501262,,False
101990961244800083,rainfall_mm,2026-07-31 06:00:00+00:00,,0.0005033970098403013,,False
101990961244800083,rainfall_mm,2026-07-31 07:00:00+00:00,,0.00035314081134530604,,False
101990961244800083,rainfall_mm,2026-07-31 08:00:00+00:00,,0.0007618239890140635,,False
101990961244800083,rainfall_mm,2026-07-31 09:00:00+00:00,,0.002736471299305933,,False
101990961244800083,rainfall_mm,2026-07-31 10:00:00+00:00,,0.0037237899370157115,,False
101990961244800083,rainfall_mm,2026-07-31 11:00:00+00:00,,0.00889687966904964,,False
101990961244800083,rainfall_mm,2026-07-31 12:00:00+00:00,,0.03540172089892458,,False
101990961244800083,rainfall_mm,2026-07-31 13:00:00+00:00,,0.09237912514160421,,False
101990961244800083,rainfall_mm,2026-07-31 14:00:00+00:00,,0.08637233446351264,,False
101990961244800083,rainfall_mm,2026-07-31 15:00:00+00:00,,0.05639435835084743,,False
101990961244800083,rainfall_mm,2026-07-31 16:00:00+00:00,,0.03590628576456373,,False
101990961244800083,rainfall_mm,2026-07-31 17:00:00+00:00,,0.0146083362134928,,False
101990961244800083,rainfall_mm,2026-07-31 18:00:00+00:00,,0.0088139649731991,,False
101990961244800083,rainfall_mm,2026-07-31 19:00:00+00:00,,0.011645538448413508,,False
101990961244800083,rainfall_mm,2026-07-31 20:00:00+00:00,,0.06640523740984404,,False
101990961244800083,rainfall_mm,2026-07-31 21:00:00+00:00,,0.013696973683715476,,False
101990961244800083,rainfall_mm,2026-07-31 22:00:00+00:00,,0.015124575626014243,,False
101990961244800083,rainfall_mm,2026-07-31 23:00:00+00:00,,0.08918054113948647,,False
101990961244800083,rainfall_mm,2026-08-01 00:00:00+00:00,,0.08929834127968628,,False
101990961244800083,rainfall_mm,2026-08-01 01:00:00+00:00,,0.03498750840142049,,False
101990961244800083,rainfall_mm,2026-08-01 02:00:00+00:00,,0.0187047929208117,,False
101990961244800083,rainfall_mm,2026-08-01 03:00:00+00:00,,0.02381992630989057,,False
101990961244800083,rainfall_mm,2026-08-01 04:00:00+00:00,,0.10695662262330924,,False
101990961244800083,rainfall_mm,2026-08-01 05:00:00+00:00,,0.002913636846490195,,False
101990961244800083,rainfall_mm,2026-08-01 06:00:00+00:00,,0.000503397009768367,,False
101990961244800083,rainfall_mm,2026-08-01 07:00:00+00:00,,0.00035314081087550194,,False
101990961244800083,rainfall_mm,2026-08-01 08:00:00+00:00,,0.0007618239859454145,,False
101990961244800083,rainfall_mm,2026-08-01 09:00:00+00:00,0.0,0.002736471279262194,,False
101990961244800083,rainfall_mm,2026-08-01 10:00:00+00:00,,0.003304992400852174,0.0,False
101990961244800083,rainfall_mm,2026-08-01 11:00:00+00:00,0.0,0.008832769582340014,,False
101990961244800083,rainfall_mm,2026-08-01 12:00:00+00:00,,0.03403970442592928,0.0,False
101990961244800083,rainfall_mm,2026-08-01 13:00:00+00:00,0.0,0.09217061266660011,,False
101990961244800083,rainfall_mm,2026-08-01 14:00:00+00:00,0.0,0.0722309185914651,0.0,True
101990961244800083,rainfall_mm,2026-08-01 15:00:00+00:00,0.0,0.043176024870276206,0.0,True
101990961244800083,rainfall_mm,2026-08-01 16:00:00+00:00,0.0,0.02727279120916595,0.0,True
101990961244800083,rainfall_mm,2026-08-01 17:00:00+00:00,0.0,0.009111387521754945,0.0,True
101990961244800083,rainfall_mm,2026-08-01 18:00:00+00:00,0.0,0.006577463485905846,0.0,True
101990961244800083,rainfall_mm,2026-08-01 19:00:00+00:00,0.0,0.010296141408702686,0.0,True
101990961244800083,rainfall_mm,2026-08-01 20:00:00+00:00,,0.06462233415837676,0.0,False
101990961244800083,rainfall_mm,2026-08-01 21:00:00+00:00,,0.013424015522977761,,False
101990961244800083,rainfall_mm,2026-08-01 22:00:00+00:00,,0.015082786381236866,,False
101990961244800083,rainfall_mm,2026-08-01 23:00:00+00:00,,0.08917414330533759,,False
101990961244800083,rainfall_mm,2026-08-02 00:00:00+00:00,,0.08929736178463829,,False
101990961244800083,rainfall_mm,2026-08-02 01:00:00+00:00,,0.03498735843081443,,False
101990961244800083,rainfall_mm,2026-08-02 02:00:00+00:00,,0.018704769880676413,,False
101990961244800083,rainfall_mm,2026-08-02 03:00:00+00:00,,0.02381992226000651,,False
101990961244800083,rainfall_mm,2026-08-02 04:00:00+00:00,,0.10695661859046464,,False
101990961244800083,rainfall_mm,2026-08-02 05:00:00+00:00,0.0,0.0029136139368444005,,False
101990961244800083,rainfall_mm,2026-08-02 06:00:00+00:00,0.0,5.755644081448252e-05,0.0,True
101990961244800083,rainfall_mm,2026-08-02 07:00:00+00:00,0.0,0.00027513005821243797,0.0,True
101990961244800083,rainfall_mm,2026-08-02 08:00:00+00:00,0.0,0.0007015210206366481,0.0,True
101990961244800083,rainfall_mm,2026-08-02 09:00:00+00:00,0.0,0.0025789460559913617,0.0,True
101990961244800083,rainfall_mm,2026-08-02 10:00:00+00:00,0.0,0.0032854524174560176,0.0,True
101990961244800083,rainfall_mm,2026-08-02 11:00:00+00:00,0.0,0.00819793258370742,0.0,True
101990961244800083,rainfall_mm,2026-08-02 12:00:00+00:00,0.0,0.03383450077328938,0.0,True
101990961244800083,rainfall_mm,2026-08-02 13:00:00+00:00,0.0,0.08560910741343764,0.0,True
101990961244800083,rainfall_mm,2026-08-02 14:00:00+00:00,0.0,0.0711356882374039,0.0,True
101990961244800083,rainfall_mm,2026-08-02 15:00:00+00:00,,0.04253964863711186,0.0,False
101990961244800083,rainfall_mm,2026-08-02 16:00:00+00:00,,0.03338068581141229,,False
101990961244800083,rainfall_mm,2026-08-02 17:00:00+00:00,0.0,0.014086058949253258,,False
101990961244800083,rainfall_mm,2026-08-02 18:00:00+00:00,,0.0064751583866213425,0.0,False
101990961244800083,rainfall_mm,2026-08-02 19:00:00+00:00,,0.01112445042452966,,False
101990961244800083,rainfall_mm,2026-08-02 20:00:00+00:00,,0.06632546103554728,,False
101990961244800083,rainfall_mm,2026-08-02 21:00:00+00:00,,0.01368476017851055,,False
101990961244800083,rainfall_mm,2026-08-02 22:00:00+00:00,,0.015122705674374922,,False
101990961244800083,rainfall_mm,2026-08-02 23:00:00+00:00,,0.08918025424842774,,False
101990961244800083,rainfall_mm,2026-08-03 00:00:00+00:00,,0.08929829339296694,,False
101990961244800083,rainfall_mm,2026-08-03 01:00:00+00:00,,0.03498747517063802,,False
101990961244800083,rainfall_mm,2026-08-03 02:00:00+00:00,,0.018704618663822146,,False
101990961244800083,rainfall_mm,2026-08-03 03:00:00+00:00,,0.023818794653978896,,False
101990961244800083,rainfall_mm,2026-08-03 04:00:00+00:00,,0.10694923191378239,,False
101990961244800083,rainfall_mm,2026-08-03 05:00:00+00:00,0.0,0.002865359305021117,,False
101990961244800083,rainfall_mm,2026-08-03 06:00:00+00:00,,5.701409185439274e-05,0.0,False
101990961244800083,rainfall_mm,2026-08-03 07:00:00+00:00,0.0,0.00027959396839929415,,False
101990961244800083,rainfall_mm,2026-08-03 08:00:00+00:00,0.0,0.0006907488428518424,0.0,True
101990961244800083,rainfall_mm,2026-08-03 09:00:00+00:00,0.0,0.0025396665417129153,0.0,True
101990961244800083,rainfall_mm,2026-08-03 10:00:00+00:00,,0.003235483412212323,0.0,False
101990961244800083,rainfall_mm,2026-08-03 11:00:00+00:00,0.0,0.00857085712623717,,False
101990961244800083,rainfall_mm,2026-08-03 12:00:00+00:00,0.0,0.033326697214096423,0.0,True
101990961244800083,rainfall_mm,2026-08-03 13:00:00+00:00,0.0,0.08432764035154974,0.0,True
101990961244800083,rainfall_mm,2026-08-03 14:00:00+00:00,,0.07005684146672184,0.0,False
101990961244800083,rainfall_mm,2026-08-03 15:00:00+00:00,0.0,0.053259680720673205,,False
101990961244800083,rainfall_mm,2026-08-03 16:00:00+00:00,0.0,0.02683675018983816,0.0,True
101990961244800083,rainfall_mm,2026-08-03 17:00:00+00:00,0.0,0.008772325328628571,0.0,True
101990961244800083,rainfall_mm,2026-08-03 18:00:00+00:00,0.0,0.0064750102916231985,0.0,True
101990961244800083,rainfall_mm,2026-08-03 19:00:00+00:00,0.0,0.010132887345701743,0.0,True
101990961244800083,rainfall_mm,2026-08-03 20:00:00+00:00,,0.06462233508731464,0.0,False
101990961244800083,rainfall_mm,2026-08-03 21:00:00+00:00,,0.013424015716955277,,False
101990961244800083,rainfall_mm,2026-08-03 22:00:00+00:00,,0.015082786227160363,,False
101990961244800083,rainfall_mm,2026-08-03 23:00:00+00:00,,0.08917414208330725,,False
101990961244800083,rainfall_mm,2026-08-04 00:00:00+00:00,,0.0892973537564639,,False
101990961244800083,rainfall_mm,2026-08-04 01:00:00+00:00,,0.03498730597569537,,False
101990961244800083,rainfall_mm,2026-08-04 02:00:00+00:00,,0.018704427252812378,,False
101990961244800083,rainfall_mm,2026-08-04 03:00:00+00:00,,0.023817684289697643,,False
101990961244800083,rainfall_mm,2026-08-04 04:00:00+00:00,,0.10694200068974412,,False
101990961244800083,rainfall_mm,2026-08-04 05:00:00+00:00,,0.00281812671546078,,False
101990961244800083,rainfall_mm,2026-08-04 06:00:00+00:00,,0.00048781339877972243,,False
101990961244800083,rainfall_mm,2026-08-04 07:00:00+00:00,,0.00034131570361860275,,False
101990961244800083,rainfall_mm,2026-08-04 08:00:00+00:00,,0.0007324155925497142,,False
101990961244800083,rainfall_mm,2026-08-04 09:00:00+00:00,,0.0026131281843816334,,False
101990961244800083,rainfall_mm,2026-08-04 10:00:00+00:00,,0.003616495221335274,,False
101990961244800083,rainfall_mm,2026-08-04 11:00:00+00:00,,0.008504659281756238,,False
101990961244800083,rainfall_mm,2026-08-04 12:00:00+00:00,,0.034129739719679114,,False
101990961244800083,rainfall_mm,2026-08-04 13:00:00+00:00,,0.08829279486887277,,False
101990961244800083,rainfall_mm,2026-08-04 14:00:00+00:00,,0.0834556002882835,,False
101990961244800083,rainfall_mm,2026-08-04 15:00:00+00:00,,0.05453237150998182,,False
101990961244800083,rainfall_mm,2026-08-04 16:00:00+00:00,,0.03478429700639892,,False
101990961244800083,rainfall_mm,2026-08-04 17:00:00+00:00,,0.01396745325766778,,False
101990961244800083,rainfall_mm,2026-08-04 18:00:00+00:00,,0.008512038753417902,,False
101990961244800083,rainfall_mm,2026-08-04 19:00:00+00:00,,0.011274704065383006,,False
101990961244800083,rainfall_mm,2026-08-04 20:00:00+00:00,,0.0663484654312988,,False
101990961244800083,rainfall_mm,2026-08-04 21:00:00+00:00,,0.013688282162170613,,False
101990961244800083,rainfall_mm,2026-08-04 22:00:00+00:00,,0.015123244790501754,,False
101990961244800083,rainfall_mm,2026-08-04 23:00:00+00:00,,0.08918033619220044,,False
101990961244800083,rainfall_mm,2026-08-05 00:00:00+00:00,,0.08929830205449132,,False
101990961244800083,rainfall_mm,2026-08-05 01:00:00+00:00,,0.03498745112328526,,False
101990961244800083,rainfall_mm,2026-08-05 02:00:00+00:00,,0.01870444924869425,,False
101990961244800083,rainfall_mm,2026-08-05 03:00:00+00:00,,0.023817686181891378,,False
101990961244800083,rainfall_mm,2026-08-05 04:00:00+00:00,,0.10694199134294625,,False
101990961244800083,rainfall_mm,2026-08-05 05:00:00+00:00,,0.0028180623410649667,,False
101990961244800083,rainfall_mm,2026-08-05 06:00:00+00:00,,0.0004878026014546878,,False
101990961244800083,rainfall_mm,2026-08-05 07:00:00+00:00,,0.00034130789916229183,,False
101990961244800083,rainfall_mm,2026-08-05 08:00:00+00:00,,0.0007323988415565187,,False
101990961244800083,rainfall_mm,2026-08-05 09:00:00+00:00,,0.0026130684188486603,,False
101990961244800083,rainfall_mm,2026-08-05 10:00:00+00:00,,0.0036164571845724116,,False
101990961244800083,rainfall_mm,2026-08-05 11:00:00+00:00,,0.008504464769344737,,False
101990961244800083,rainfall_mm,2026-08-05 12:00:00+00:00,0.0,0.03412895912897106,,False
101990961244800083,rainfall_mm,2026-08-05 13:00:00+00:00,,0.08306698337815362,0.0,False
101990961244800083,rainfall_mm,2026-08-05 14:00:00+00:00,,0.08265539638213472,,False
101990961244800083,rainfall_mm,2026-08-05 15:00:00+00:00,0.0,0.05440869588697243,,False
101990961244800083,rainfall_mm,2026-08-05 16:00:00+00:00,0.0,0.026435363480572436,0.0,True
101990961244800083,rainfall_mm,2026-08-05 17:00:00+00:00,,0.00864316345106108,0.0,False
101990961244800083,rainfall_mm,2026-08-05 18:00:00+00:00,,0.0076967568891745134,,False
101990961244800083,rainfall_mm,2026-08-05 19:00:00+00:00,,0.011149658292099334,,False
101990961244800083,rainfall_mm,2026-08-05 20:00:00+00:00,,0.0663293212238564,,False
101990961244800083,rainfall_mm,2026-08-05 21:00:00+00:00,,0.013685351229593714,,False
101990961244800083,rainfall_mm,2026-08-05 22:00:00+00:00,,0.015122796071701743,,False
101990961244800083,rainfall_mm,2026-08-05 23:00:00+00:00,,0.08918026749440808,,False
101990961244800083,rainfall_mm,2026-08-06 00:00:00+00:00,,0.08929829153694059,,False
101990961244800083,rainfall_mm,2026-08-06 01:00:00+00:00,,0.034987449512535664,,False
101990961244800083,rainfall_mm,2026-08-06 02:00:00+00:00,,0.01870444899858068,,False
101990961244800083,rainfall_mm,2026-08-06 03:00:00+00:00,,0.02381768612066232,,False
101990961244800083,rainfall_mm,2026-08-06 04:00:00+00:00,,0.10694199118375106,,False
101990961244800083,rainfall_mm,2026-08-06 05:00:00+00:00,,0.0028180613380935976,,False
101990961244800083,rainfall_mm,2026-08-06 06:00:00+00:00,,0.00048779604651856074,,False
101990961244800083,rainfall_mm,2026-08-06 07:00:00+00:00,,0.0003412650834915044,,False
101990961244800083,rainfall_mm,2026-08-06 08:00:00+00:00,,0.0007321191784177405,,False
101990961244800083,rainfall_mm,2026-08-06 09:00:00+00:00,,0.0026112417024920097,,False
101990961244800083,rainfall_mm,2026-08-06 10:00:00+00:00,,0.0036045274285245545,,False
101990961244800083,rainfall_mm,2026-08-06 11:00:00+00:00,,0.008426333585843078,,False
101990961244800083,rainfall_mm,2026-08-06 12:00:00+00:00,,0.033611738015410605,,False
101990961244800083,rainfall_mm,2026-08-06 13:00:00+00:00,,0.08819439538879596,,False
101990961244800083,rainfall_mm,2026-08-06 14:00:00+00:00,,0.08331990808121859,,False
101990961244800083,rainfall_mm,2026-08-06 15:00:00+00:00,,0.05370914331635221,,False
101990961244800083,rainfall_mm,2026-08-06 16:00:00+00:00,,0.03425947218540844,,False
101990961244800083,rainfall_mm,2026-08-06 17:00:00+00:00,,0.01388820706517758,,False
101990961244800083,rainfall_mm,2026-08-06 18:00:00+00:00,,0.008499760579821242,,False
101990961244800083,rainfall_mm,2026-08-06 19:00:00+00:00,,0.011272596250162836,,False
101990961244800083,rainfall_mm,2026-08-06 20:00:00+00:00,,0.06634814273248409,,False
101990961244800083,rainfall_mm,2026-08-06 21:00:00+00:00,,0.013688232757745004,,False
101990961244800083,rainfall_mm,2026-08-06 22:00:00+00:00,,0.015123237226799927,,False
101990961244800083,rainfall_mm,2026-08-06 23:00:00+00:00,,0.08918033503420307,,False
101990961244800083,rainfall_mm,2026-08-07 00:00:00+00:00,,0.08929830187712225,,False
101990961244800083,rainfall_mm,2026-08-07 01:00:00+00:00,,0.03498745109559204,,False
101990961244800083,rainfall_mm,2026-08-07 02:00:00+00:00,,0.01870444924093753,,False
101990961244800083,rainfall_mm,2026-08-07 03:00:00+00:00,,0.023817686157731888,,False
101990961244800083,rainfall_mm,2026-08-07 04:00:00+00:00,,0.10694199118919973,,False
101990961244800083,rainfall_mm,2026-08-07 05:00:00+00:00,,0.00281806133744775,,False
101990961244800083,rainfall_mm,2026-08-07 06:00:00+00:00,,0.0004877960367526893,,False
101990961244800083,rainfall_mm,2026-08-07 07:00:00+00:00,,0.00034126501885369426,,False
101990961244800083,rainfall_mm,2026-08-07 08:00:00+00:00,,0.0007321187560877593,,False
101990961244800083,rainfall_mm,2026-08-07 09:00:00+00:00,,0.002611238943905504,,False
101990961244800083,rainfall_mm,2026-08-07 10:00:00+00:00,,0.0036045094100408755,,False
101990961244800083,rainfall_mm,2026-08-07 11:00:00+00:00,,0.008426215893067064,,False
101990961244800083,rainfall_mm,2026-08-07 12:00:00+00:00,,0.033610969272062516,,False
101990961244800083,rainfall_mm,2026-08-07 13:00:00+00:00,,0.08819424964141545,,False
101990961244800083,rainfall_mm,2026-08-07 14:00:00+00:00,,0.08331970252113677,,False
101990961244800083,rainfall_mm,2026-08-07 15:00:00+00:00,,0.05370791491969396,,False
101990961244800083,rainfall_mm,2026-08-07 16:00:00+00:00,,0.03425868862755316,,False
101990961244800083,rainfall_mm,2026-08-07 17:00:00+00:00,,0.013888087104335717,,False
101990961244800083,rainfall_mm,2026-08-07 18:00:00+00:00,,0.008499742214101939,,False
101990961244800083,rainfall_mm,2026-08-07 19:00:00+00:00,,0.011272593438414826,,False
101990961244800083,rainfall_mm,2026-08-07 20:00:00+00:00,,0.06634814230201216,,False
101990961244800083,rainfall_mm,2026-08-07 21:00:00+00:00,,0.013688232691840777,,False
101990961244800083,rainfall_mm,2026-08-07 22:00:00+00:00,,0.015123237216710148,,False
101990961244800083,rainfall_mm,2026-08-07 23:00:00+00:00,,0.08918033503265835,,False
101990961244800083,rainfall_mm,2026-08-08 00:00:00+00:00,,0.08929830187688576,,False
101990961244800083,rainfall_mm,2026-08-08 01:00:00+00:00,,0.03498745109555583,,False
101990961244800083,rainfall_mm,2026-08-08 02:00:00+00:00,,0.018704449240931984,,False
101990961244800083,rainfall_mm,2026-08-08 03:00:00+00:00,,0.02381768615773104,,False
101990961244800083,rainfall_mm,2026-08-08 04:00:00+00:00,,0.1069419911891996,,False
101990961244800083,rainfall_mm,2026-08-08 05:00:00+00:00,,0.002818061337447765,,False
101990961244800083,rainfall_mm,2026-08-08 06:00:00+00:00,,0.00048779603675291265,,False
101990961244800083,rainfall_mm,2026-08-08 07:00:00+00:00,,0.0003412650188551726,,False
101990961244800083,rainfall_mm,2026-08-08 08:00:00+00:00,,0.0007321187560974185,,False
101990961244800083,rainfall_mm,2026-08-08 09:00:00+00:00,,0.0026112389439685965,,False
101990961244800083,rainfall_mm,2026-08-08 10:00:00+00:00,,0.003604509410452981,,False
101990961244800083,rainfall_mm,2026-08-08 11:00:00+00:00,,0.008426215895758848,,False
101990961244800083,rainfall_mm,2026-08-08 12:00:00+00:00,,0.03361096928964466,,False
101990961244800083,rainfall_mm,2026-08-08 13:00:00+00:00,,0.08819424964474888,,False
101990961244800083,rainfall_mm,2026-08-08 14:00:00+00:00,,0.08331970252583819,,False
101990961244800083,rainfall_mm,2026-08-08 15:00:00+00:00,,0.05370791494778896,,False
101990961244800083,rainfall_mm,2026-08-08 16:00:00+00:00,,0.03425868864547413,,False
101990961244800083,rainfall_mm,2026-08-08 17:00:00+00:00,,0.013888087107079375,,False
101990961244800083,rainfall_mm,2026-08-08 18:00:00+00:00,,0.008499742214521986,,False
101990961244800083,rainfall_mm,2026-08-08 19:00:00+00:00,,0.011272593438479134,,False
101990961244800083,rainfall_mm,2026-08-08 20:00:00+00:00,,0.066348142302022,,False
101990961244800083,rainfall_mm,2026-08-08 21:00:00+00:00,,0.013688232691842285,,False
101990961244800083,rainfall_mm,2026-08-08 22:00:00+00:00,,0.015123237216710378,,False
101990961244800083,rainfall_mm,2026-08-08 23:00:00+00:00,,0.08918033503265839,,False
101990961244800083,rainfall_mm,2026-08-09 00:00:00+00:00,,0.08929830187688576,,False
101990961244800083,rainfall_mm,2026-08-09 01:00:00+00:00,,0.03498745109555583,,False
101990961244800083,rainfall_mm,2026-08-09 02:00:00+00:00,,0.018704449240931984,,False
101990961244800083,rainfall_mm,2026-08-09 03:00:00+00:00,,0.02381768615773104,,False
101990961244800083,rainfall_mm,2026-08-09 04:00:00+00:00,,0.1069419911891996,,False
101990961244800083,rainfall_mm,2026-08-09 05:00:00+00:00,,0.002818061337447765,,False
101990961244800083,rainfall_mm,2026-08-09 06:00:00+00:00,,0.00048779603675291265,,False
101990961244800083,rainfall_mm,2026-08-09 07:00:00+00:00,,0.00034126501885517257,,False
101990961244800083,rainfall_mm,2026-08-09 08:00:00+00:00,,0.0007321187560974183,,False
101990961244800083,rainfall_mm,2026-08-09 09:00:00+00:00,,0.0026112389439685952,,False
101990961244800083,rainfall_mm,2026-08-09 10:00:00+00:00,,0.0036045094104529716,,False
101990961244800083,rainfall_mm,2026-08-09 11:00:00+00:00,,0.008426215895758787,,False
101990961244800083,rainfall_mm,2026-08-09 12:00:00+00:00,,0.03361096928964426,,False
101990961244800083,rainfall_mm,2026-08-09 13:00:00+00:00,,0.08819424964474881,,False
101990961244800083,rainfall_mm,2026-08-09 14:00:00+00:00,,0.08331970252583808,,False
101990961244800083,rainfall_mm,2026-08-09 15:00:00+00:00,,0.053707914947788316,,False
101990961244800083,rainfall_mm,2026-08-09 16:00:00+00:00,,0.03425868864547372,,False
101990961244800083,rainfall_mm,2026-08-09 17:00:00+00:00,,0.013888087107079313,,False
101990961244800083,rainfall_mm,2026-08-09 18:00:00+00:00,,0.008499742214521976,,False
101990961244800083,rainfall_mm,2026-08-09 19:00:00+00:00,,0.011272593438479132,,False
101990961244800083,rainfall_mm,2026-08-09 20:00:00+00:00,,0.066348142302022,,False
101990961244800083,rainfall_mm,2026-08-09 21:00:00+00:00,,0.013688232691842285,,False
101990961244800083,rainfall_mm,2026-08-09 22:00:00+00:00,,0.015123237216710378,,False
101990961244800083,rainfall_mm,2026-08-09 23:00:00+00:00,,0.08918033503265839,,False
101990961244800083,rainfall_mm,2026-08-10 00:00:00+00:00,,0.08929830187688576,,False
101990961244800083,rainfall_mm,2026-08-10 01:00:00+00:00,,0.03498745109555583,,False
101990961244800083,rainfall_mm,2026-08-10 02:00:00+00:00,,0.018704449240931984,,False
101990961244800083,rainfall_mm,2026-08-10 03:00:00+00:00,,0.02381768615773104,,False
101990961244800083,rainfall_mm,2026-08-10 04:00:00+00:00,,0.1069419911891996,,False
101990961244800083,rainfall_mm,2026-08-10 05:00:00+00:00,,0.002818061337447765,,False
101990961244800083,rainfall_mm,2026-08-10 06:00:00+00:00,,0.00048779603675291265,,False
101990961244800083,rainfall_mm,2026-08-10 07:00:00+00:00,,0.00034126501885517257,,False
101990961244800083,rainfall_mm,2026-08-10 08:00:00+00:00,,0.0007321187560974183,,False
101990961244800083,rainfall_mm,2026-08-10 09:00:00+00:00,,0.0026112389439685952,,False
101990961244800083,rainfall_mm,2026-08-10 10:00:00+00:00,,0.0036045094104529716,,False
101990961244800083,rainfall_mm,2026-08-10 11:00:00+00:00,,0.008426215895758787,,False
101990961244800083,rainfall_mm,2026-08-10 12:00:00+00:00,,0.03361096928964426,,False
101990961244800083,rainfall_mm,2026-08-10 13:00:00+00:00,,0.08819424964474881,,False
101990961244800083,rainfall_mm,2026-08-10 14:00:00+00:00,,0.08331970252583808,,False
101990961244800083,rainfall_mm,2026-08-10 15:00:00+00:00,,0.053707914947788316,,False
101990961244800083,rainfall_mm,2026-08-10 16:00:00+00:00,,0.03425868864547372,,False
101990961244800083,rainfall_mm,2026-08-10 17:00:00+00:00,,0.013888087107079313,,False
101990961244800083,rainfall_mm,2026-08-10 18:00:00+00:00,,0.008499742214521976,,False
101990961244800083,rainfall_mm,2026-08-10 19:00:00+00:00,,0.011272593438479132,,False
101990961244800083,rainfall_mm,2026-08-10 20:00:00+00:00,,0.066348142302022,,False
101990961244800083,rainfall_mm,2026-08-10 21:00:00+00:00,,0.013688232691842285,,False
101990961244800083,rainfall_mm,2026-08-10 22:00:00+00:00,,0.015123237216710378,,False
101990961244800083,rainfall_mm,2026-08-10 23:00:00+00:00,,0.08918033503265839,,False
101990961244800083,rainfall_mm,2026-08-11 00:00:00+00:00,,0.08929830187688576,,False
101990961244800083,rainfall_mm,2026-08-11 01:00:00+00:00,,0.03498745109555583,,False
101990961244800083,rainfall_mm,2026-08-11 02:00:00+00:00,,0.018704449240931984,,False
101990961244800083,rainfall_mm,2026-08-11 03:00:00+00:00,,0.02381768615773104,,False
101990961244800083,rainfall_mm,2026-08-11 04:00:00+00:00,,0.1069419911891996,,False
101990961244800083,rainfall_mm,2026-08-11 05:00:00+00:00,,0.002818061337447765,,False
101990961244800083,rainfall_mm,2026-08-11 06:00:00+00:00,,0.00048779603675291265,,False
101990961244800083,rainfall_mm,2026-08-11 07:00:00+00:00,,0.00034126501885517257,,False
101990961244800083,rainfall_mm,2026-08-11 08:00:00+00:00,,0.0007321187560974183,,False
101990961244800083,rainfall_mm,2026-08-11 09:00:00+00:00,,0.0026112389439685952,,False
101990961244800083,rainfall_mm,2026-08-11 10:00:00+00:00,,0.0036045094104529716,,False
101990961244800083,rainfall_mm,2026-08-11 11:00:00+00:00,,0.008426215895758787,,False
101990961244800083,rainfall_mm,2026-08-11 12:00:00+00:00,,0.03361096928964426,,False
101990961244800083,rainfall_mm,2026-08-11 13:00:00+00:00,,0.08819424964474881,,False
101990961244800083,rainfall_mm,2026-08-11 14:00:00+00:00,,0.08331970252583808,,False
101990961244800083,rainfall_mm,2026-08-11 15:00:00+00:00,,0.053707914947788316,,False
101990961244800083,rainfall_mm,2026-08-11 16:00:00+00:00,,0.03425868864547372,,False
101990961244800083,rainfall_mm,2026-08-11 17:00:00+00:00,,0.013888087107079313,,False
101990961244800083,rainfall_mm,2026-08-11 18:00:00+00:00,,0.008499742214521976,,False
101990961244800083,rainfall_mm,2026-08-11 19:00:00+00:00,,0.011272593438479132,,False
101990961244800083,rainfall_mm,2026-08-11 20:00:00+00:00,,0.066348142302022,,False
101990961244800083,rainfall_mm,2026-08-11 21:00:00+00:00,,0.013688232691842285,,False
101990961244800083,rainfall_mm,2026-08-11 22:00:00+00:00,,0.015123237216710378,,False
101990961244800083,rainfall_mm,2026-08-11 23:00:00+00:00,,0.08918033503265839,,False
101990961244800083,rainfall_mm,2026-08-12 00:00:00+00:00,,0.08929830187688576,,False
101990961244800083,rainfall_mm,2026-08-12 01:00:00+00:00,,0.03498745109555583,,False
101990961244800083,rainfall_mm,2026-08-12 02:00:00+00:00,,0.018704449240931984,,False
101990961244800083,rainfall_mm,2026-08-12 03:00:00+00:00,,0.02381768615773104,,False
101990961244800083,rainfall_mm,2026-08-12 04:00:00+00:00,,0.1069419911891996,,False
101990961244800083,rainfall_mm,2026-08-12 05:00:00+00:00,,0.002818061337447765,,False
101990961244800083,rainfall_mm,2026-08-12 06:00:00+00:00,,0.00048779603675291265,,False
101990961244800083,rainfall_mm,2026-08-12 07:00:00+00:00,,0.00034126501885517257,,False
101990961244800083,rainfall_mm,2026-08-12 08:00:00+00:00,,0.0007321187560974183,,False
101990961244800083,rainfall_mm,2026-08-12 09:00:00+00:00,,0.0026112389439685952,,False
101990961244800083,rainfall_mm,2026-08-12 10:00:00+00:00,,0.0036045094104529716,,False
101990961244800083,rainfall_mm,2026-08-12 11:00:00+00:00,,0.008426215895758787,,False
101990961244800083,rainfall_mm,2026-08-12 12:00:00+00:00,,0.03361096928964426,,False
101990961244800083,rainfall_mm,2026-08-12 13:00:00+00:00,0.0,0.08819424964474881,,False
101990961244800083,rainfall_mm,2026-08-12 14:00:00+00:00,,0.06981886080172174,0.0,False
101990961244800083,rainfall_mm,2026-08-12 15:00:00+00:00,,0.051641627362732055,,False
101990961244800083,rainfall_mm,2026-08-12 16:00:00+00:00,0.0,0.03394234440315524,,False
101990961244800083,rainfall_mm,2026-08-12 17:00:00+00:00,0.0,0.00864447329577269,0.0,True
101990961244800083,rainfall_mm,2026-08-12 18:00:00+00:00,,0.006373509150282563,0.0,False
101990961244800083,rainfall_mm,2026-08-12 19:00:00+00:00,,0.010947072220738792,,False
101990961244800083,rainfall_mm,2026-08-12 20:00:00+00:00,,0.06629830578795977,,False
101990961244800083,rainfall_mm,2026-08-12 21:00:00+00:00,,0.013680602840196818,,False
101990961244800083,rainfall_mm,2026-08-12 22:00:00+00:00,,0.015122069104591662,,False
101990961244800083,rainfall_mm,2026-08-12 23:00:00+00:00,,0.08918015619746932,,False
101990961244800083,rainfall_mm,2026-08-13 00:00:00+00:00,,0.08929827449760945,,False
101990961244800083,rainfall_mm,2026-08-13 01:00:00+00:00,,0.03498744690362706,,False
101990961244800083,rainfall_mm,2026-08-13 02:00:00+00:00,,0.018704448597676542,,False
101990961244800083,rainfall_mm,2026-08-13 03:00:00+00:00,,0.02381768604957575,,False
101990961244800083,rainfall_mm,2026-08-13 04:00:00+00:00,,0.10694199110945012,,False
101990961244800083,rainfall_mm,2026-08-13 05:00:00+00:00,,0.0028180609124819,,False
101990961244800083,rainfall_mm,2026-08-13 06:00:00+00:00,,0.0004877932756574775,,False
101990961244800083,rainfall_mm,2026-08-13 07:00:00+00:00,,0.00034124698635408496,,False
101990961244800083,rainfall_mm,2026-08-13 08:00:00+00:00,,0.0007320009721326267,,False
101990961244800083,rainfall_mm,2026-08-13 09:00:00+00:00,0.0,0.0026104695797362723,,False
101990961244800083,rainfall_mm,2026-08-13 10:00:00+00:00,0.0,0.003199961485887229,0.0,True
101990961244800083,rainfall_mm,2026-08-13 11:00:00+00:00,0.0,0.0078427419448682,0.0,True
101990961244800083,rainfall_mm,2026-08-13 12:00:00+00:00,0.0,0.032111992070246294,0.0,True
101990961244800083,rainfall_mm,2026-08-13 13:00:00+00:00,0.0,0.08165414842410149,0.0,True
101990961244800083,rainfall_mm,2026-08-13 14:00:00+00:00,0.0,0.06980800671401602,0.0,True
101990961244800083,rainfall_mm,2026-08-13 15:00:00+00:00,0.0,0.04088116900080317,0.0,True
101990961244800083,rainfall_mm,2026-08-13 16:00:00+00:00,0.0,0.025507147636519026,0.0,True
101990961244800083,rainfall_mm,2026-08-13 17:00:00+00:00,0.0,0.008506266633414746,0.0,True
101990961244800083,rainfall_mm,2026-08-13 18:00:00+00:00,0.0,0.006373509150451414,0.0,True
101990961244800083,rainfall_mm,2026-08-13 19:00:00+00:00,0.0,0.009971303155154248,0.0,True
101990961244800083,rainfall_mm,2026-08-13 20:00:00+00:00,0.0,0.0646223359915378,0.0,True
101990961244800083,rainfall_mm,2026-08-13 21:00:00+00:00,0.0,0.0035304939714525738,0.0,True
101990961244800083,rainfall_mm,2026-08-13 22:00:00+00:00,,0.013027602293277495,0.0,False
101990961244800083,rainfall_mm,2026-08-13 23:00:00+00:00,,0.08885949831332614,,False
101990961244800083,rainfall_mm,2026-08-14 00:00:00+00:00,,0.08924918253720453,,False
101990961244800083,rainfall_mm,2026-08-14 01:00:00+00:00,,0.03497993102880074,,False
101990961244800083,rainfall_mm,2026-08-14 02:00:00+00:00,,0.01870329785289689,,False
101990961244800083,rainfall_mm,2026-08-14 03:00:00+00:00,,0.02381750933610828,,False
101990961244800083,rainfall_mm,2026-08-14 04:00:00+00:00,0.0,0.10694196054644083,,False
101990961244800083,rainfall_mm,2026-08-14 05:00:00+00:00,0.0,-0.01348444471433959,0.0,True
101990961244800083,rainfall_mm,2026-08-14 06:00:00+00:00,0.0,5.654668021206607e-05,0.0,True
101990961244800083,rainfall_mm,2026-08-14 07:00:00+00:00,0.0,0.0002655920234166645,0.0,True
101990961244800083,rainfall_mm,2026-08-14 08:00:00+00:00,0.0,0.0006733021242276581,0.0,True
101990961244800083,rainfall_mm,2026-08-14 09:00:00+00:00,0.0,0.0024561403425972057,0.0,True
101990961244800083,rainfall_mm,2026-08-14 10:00:00+00:00,0.0,0.0031465959729075604,0.0,True
101990961244800083,rainfall_mm,2026-08-14 11:00:00+00:00,0.0,0.007716566109774843,0.0,True
101990961244800083,rainfall_mm,2026-08-14 12:00:00+00:00,0.0,0.031595152305538166,0.0,True
101990961244800083,rainfall_mm,2026-08-14 13:00:00+00:00,0.0,0.08033812974408565,0.0,True
101990961244800083,rainfall_mm,2026-08-14 14:00:00+00:00,0.0,0.06864296203196128,0.0,True
101990961244800083,rainfall_mm,2026-08-14 15:00:00+00:00,0.0,0.04022816255562317,0.0,True
101990961244800083,rainfall_mm,2026-08-14 16:00:00+00:00,0.0,0.02510180220879548,0.0,True
101990961244800083,rainfall_mm,2026-08-14 17:00:00+00:00,0.0,0.008370780415968318,0.0,True
101990961244800083,rainfall_mm,2026-08-14 18:00:00+00:00,0.0,0.0062645200185589694,0.0,True
101990961244800083,rainfall_mm,2026-08-14 19:00:00+00:00,0.0,0.0097981882252532,0.0,True
101990961244800083,rainfall_mm,2026-08-14 20:00:00+00:00,0.0,0.0634377155864977,0.0,True
101990961244800083,rainfall_mm,2026-08-14 21:00:00+00:00,0.0,0.0034555888400609946,0.0,True
101990961244800083,rainfall_mm,2026-08-14 22:00:00+00:00,,0.013027573586857777,0.0,False
101990961244800083,rainfall_mm,2026-08-14 23:00:00+00:00,,0.08885929923726942,,False
101990961244800083,rainfall_mm,2026-08-15 00:00:00+00:00,,0.08924787727344384,,False
101990961244800083,rainfall_mm,2026-08-15 01:00:00+00:00,,0.03497138121279541,,False
101990961244800083,rainfall_mm,2026-08-15 02:00:00+00:00,,0.01864744874221143,,False
101990961244800083,rainfall_mm,2026-08-15 03:00:00+00:00,,0.023452715488554494,,False
101990961244800083,rainfall_mm,2026-08-15 04:00:00+00:00,0.0,0.10455334064972299,,False
101990961244800083,rainfall_mm,2026-08-15 05:00:00+00:00,0.0,-0.013173877560503951,0.0,True
101990961244800083,rainfall_mm,2026-08-15 06:00:00+00:00,0.0,5.589786404703308e-05,0.0,True
101990961244800083,rainfall_mm,2026-08-15 07:00:00+00:00,0.0,0.0002610801565021936,0.0,True
101990961244800083,rainfall_mm,2026-08-15 08:00:00+00:00,0.0,0.0006620183301799185,0.0,True
101990961244800083,rainfall_mm,2026-08-15 09:00:00+00:00,0.0,0.002415586121329822,0.0,True
101990961244800083,rainfall_mm,2026-08-15 10:00:00+00:00,0.0,0.003094387338584833,0.0,True
101990961244800083,rainfall_mm,2026-08-15 11:00:00+00:00,0.0,0.007592951461143406,0.0,True
101990961244800083,rainfall_mm,2026-08-15 12:00:00+00:00,0.0,0.031088921483083176,0.0,True
101990961244800083,rainfall_mm,2026-08-15 13:00:00+00:00,0.0,0.0790503436654066,0.0,True
101990961244800083,rainfall_mm,2026-08-15 14:00:00+00:00,0.0,0.06750305997109367,0.0,True
101990961244800083,rainfall_mm,2026-08-15 15:00:00+00:00,0.0,0.039588082988417705,0.0,True
101990961244800083,rainfall_mm,2026-08-15 16:00:00+00:00,0.0,0.0247050451885575,0.0,True
101990961244800083,rainfall_mm,2026-08-15 17:00:00+00:00,0.0,0.008238127379436737,0.0,True
101990961244800083,rainfall_mm,2026-08-15 18:00:00+00:00,0.0,0.006157998118676694,0.0,True
101990961244800083,rainfall_mm,2026-08-15 19:00:00+00:00,0.0,0.009629109482497265,0.0,True
101990961244800083,rainfall_mm,2026-08-15 20:00:00+00:00,0.0,0.06228364503853123,0.0,True
101990961244800083,rainfall_mm,2026-08-15 21:00:00+00:00,0.0,0.0033831405520309762,0.0,True
101990961244800083,rainfall_mm,2026-08-15 22:00:00+00:00,,0.013027545888004675,0.0,False
101990961244800083,rainfall_mm,2026-08-15 23:00:00+00:00,,0.08885910719712414,,False
101990961244800083,rainfall_mm,2026-08-16 00:00:00+00:00,,0.0892466181754987,,False
101990961244800083,rainfall_mm,2026-08-16 01:00:00+00:00,,0.03496313399913531,,False
101990961244800083,rainfall_mm,2026-08-16 02:00:00+00:00,,0.018593576320983785,,False
101990961244800083,rainfall_mm,2026-08-16 03:00:00+00:00,,0.023100832930260946,,False
101990961244800083,rainfall_mm,2026-08-16 04:00:00+00:00,,0.1022493119555455,,False
101990961244800083,rainfall_mm,2026-08-16 05:00:00+00:00,0.0,0.002717625968033261,,False
101990961244800083,rainfall_mm,2026-08-16 06:00:00+00:00,0.0,5.525140440375707e-05,0.0,True
101990961244800083,rainfall_mm,2026-08-16 07:00:00+00:00,0.0,0.0002566704561886699,0.0,True
101990961244800083,rainfall_mm,2026-08-16 08:00:00+00:00,0.0,0.0006509884785311709,0.0,True
101990961244800083,rainfall_mm,2026-08-16 09:00:00+00:00,0.0,0.0023759424355828044,0.0,True
101990961244800083,rainfall_mm,2026-08-16 10:00:00+00:00,0.0,0.003043361717706982,0.0,True
101990961244800083,rainfall_mm,2026-08-16 11:00:00+00:00,0.0,0.0074719508442544925,0.0,True
101990961244800083,rainfall_mm,2026-08-16 12:00:00+00:00,0.0,0.030593401112698093,0.0,True
101990961244800083,rainfall_mm,2026-08-16 13:00:00+00:00,0.0,0.0777898272254343,0.0,True
101990961244800083,rainfall_mm,2026-08-16 14:00:00+00:00,0.0,0.06638900840091477,0.0,True
101990961244800083,rainfall_mm,2026-08-16 15:00:00+00:00,0.0,0.03896135021920285,0.0,True
101990961244800083,rainfall_mm,2026-08-16 16:00:00+00:00,0.0,0.02431645639322735,0.0,True
101990961244800083,rainfall_mm,2026-08-16 17:00:00+00:00,0.0,0.008108220141396666,0.0,True
101990961244800083,rainfall_mm,2026-08-16 18:00:00+00:00,0.0,0.00605399921741036,0.0,True
101990961244800083,rainfall_mm,2026-08-16 19:00:00+00:00,0.0,0.009464143133379841,0.0,True
101990961244800083,rainfall_mm,2026-08-16 20:00:00+00:00,0.0,0.06116032986195907,0.0,True
101990961244800083,rainfall_mm,2026-08-16 21:00:00+00:00,0.0,0.003313100844914451,0.0,True
101990961244800083,rainfall_mm,2026-08-16 22:00:00+00:00,,0.013027546564161416,0.0,False
101990961244800083,rainfall_mm,2026-08-16 23:00:00+00:00,,0.08885910650076802,,False
101990961244800083,rainfall_mm,2026-08-17 00:00:00+00:00,,0.0892466128533687,,False
101990961244800083,rainfall_mm,2026-08-17 01:00:00+00:00,,0.03496309911336417,,False
101990961244800083,rainfall_mm,2026-08-17 02:00:00+00:00,,0.018593348436005755,,False
101990961244800083,rainfall_mm,2026-08-17 03:00:00+00:00,,0.023099344432785825,,False
101990961244800083,rainfall_mm,2026-08-17 04:00:00+00:00,0.0,0.1022395894298603,,False
101990961244800083,rainfall_mm,2026-08-17 05:00:00+00:00,0.0,-0.012916709025700744,0.0,True
101990961244800083,rainfall_mm,2026-08-17 06:00:00+00:00,0.0,5.4603948382967555e-05,0.0,True
101990961244800083,rainfall_mm,2026-08-17 07:00:00+00:00,0.0,0.00025236399668971456,0.0,True
101990961244800083,rainfall_mm,2026-08-17 08:00:00+00:00,0.0,0.0006402103438699685,0.0,True
101990961244800083,rainfall_mm,2026-08-17 09:00:00+00:00,0.0,0.002337177622031048,0.0,True
101990961244800083,rainfall_mm,2026-08-17 10:00:00+00:00,0.0,0.0029934787922993116,0.0,True
101990961244800083,rainfall_mm,2026-08-17 11:00:00+00:00,0.0,0.007353482535885805,0.0,True
101990961244800083,rainfall_mm,2026-08-17 12:00:00+00:00,0.0,0.03010825604138556,0.0,True
101990961244800083,rainfall_mm,2026-08-17 13:00:00+00:00,0.0,0.07655572621081652,0.0,True
101990961244800083,rainfall_mm,2026-08-17 14:00:00+00:00,0.0,0.06529992691221627,0.0,True
101990961244800083,rainfall_mm,2026-08-17 15:00:00+00:00,0.0,0.03834755480589801,0.0,True
101990961244800083,rainfall_mm,2026-08-17 16:00:00+00:00,0.0,0.023935788927765086,0.0,True
101990961244800083,rainfall_mm,2026-08-17 17:00:00+00:00,0.0,0.007980975103087647,0.0,True
101990961244800083,rainfall_mm,2026-08-17 18:00:00+00:00,0.0,0.0059524330183008374,0.0,True
101990961244800083,rainfall_mm,2026-08-17 19:00:00+00:00,0.0,0.009303137525980595,0.0,True
101990961244800083,rainfall_mm,2026-08-17 20:00:00+00:00,0.0,0.060066517334482844,0.0,True
101990961244800083,rainfall_mm,2026-08-17 21:00:00+00:00,0.0,0.0032453478390948743,0.0,True
101990961244800083,rainfall_mm,2026-08-17 22:00:00+00:00,,0.013027519633731508,0.0,False
101990961244800083,rainfall_mm,2026-08-17 23:00:00+00:00,,0.08885892009238697,,False
101990961244800083,rainfall_mm,2026-08-18 00:00:00+00:00,,0.08924539076621592,,False
101990961244800083,rainfall_mm,2026-08-18 01:00:00+00:00,,0.034955094652937904,,False
101990961244800083,rainfall_mm,2026-08-18 02:00:00+00:00,,0.018541061775489778,,False
101990961244800083,rainfall_mm,2026-08-18 03:00:00+00:00,,0.02275781970381279,,False
101990961244800083,rainfall_mm,2026-08-18 04:00:00+00:00,0.0,0.1000034599390535,,False
101990961244800083,rainfall_mm,2026-08-18 05:00:00+00:00,0.0,-0.01262537979943187,0.0,True
101990961244800083,rainfall_mm,2026-08-18 06:00:00+00:00,0.0,5.395868683753404e-05,0.0,True
101990961244800083,rainfall_mm,2026-08-18 07:00:00+00:00,0.0,0.0002481571179788523,0.0,True
101990961244800083,rainfall_mm,2026-08-18 08:00:00+00:00,0.0,0.0006296752869656908,0.0,True
101990961244800083,rainfall_mm,2026-08-18 09:00:00+00:00,0.0,0.0022992625623092836,0.0,True
101990961244800083,rainfall_mm,2026-08-18 10:00:00+00:00,0.0,0.0029447001588726127,0.0,True
101990961244800083,rainfall_mm,2026-08-18 11:00:00+00:00,0.0,0.007237468392000516,0.0,True
101990961244800083,rainfall_mm,2026-08-18 12:00:00+00:00,0.0,0.029633165813749807,0.0,True
101990961244800083,rainfall_mm,2026-08-18 13:00:00+00:00,0.0,0.07534722390086743,0.0,True
101990961244800083,rainfall_mm,2026-08-18 14:00:00+00:00,0.0,0.06423497678265613,0.0,True
101990961244800083,rainfall_mm,2026-08-18 15:00:00+00:00,0.0,0.03774630489921319,0.0,True
101990961244800083,rainfall_mm,2026-08-18 16:00:00+00:00,0.0,0.023562806389094096,0.0,True
101990961244800083,rainfall_mm,2026-08-18 17:00:00+00:00,0.0,0.007856312243499412,0.0,True
101990961244800083,rainfall_mm,2026-08-18 18:00:00+00:00,0.0,0.005853213689346435,0.0,True
101990961244800083,rainfall_mm,2026-08-18 19:00:00+00:00,0.0,0.009145948707843405,0.0,True
101990961244800083,rainfall_mm,2026-08-18 20:00:00+00:00,0.0,0.05900102423768104,0.0,True
101990961244800083,rainfall_mm,2026-08-18 21:00:00+00:00,,0.0031797665260749467,0.0,False
101990961244800083,rainfall_mm,2026-08-18 22:00:00+00:00,,0.013514307555284127,,False
101990961244800083,rainfall_mm,2026-08-18 23:00:00+00:00,,0.08893327012885295,,False
101990961244800083,rainfall_mm,2026-08-19 00:00:00+00:00,,0.08925562096734904,,False
101990961244800083,rainfall_mm,2026-08-19 01:00:00+00:00,,0.034949111814767425,,False
101990961244800083,rainfall_mm,2026-08-19 02:00:00+00:00,,0.01849083712055524,,False
101990961244800083,rainfall_mm,2026-08-19 03:00:00+00:00,,0.022428057575797543,,False
101990961244800083,rainfall_mm,2026-08-19 04:00:00+00:00,,0.09784413070559565,,False
101990961244800083,rainfall_mm,2026-08-19 05:00:00+00:00,0.0,0.0025764323999930574,,False
101990961244800083,rainfall_mm,2026-08-19 06:00:00+00:00,0.0,5.331826448615964e-05,0.0,True
101990961244800083,rainfall_mm,2026-08-19 07:00:00+00:00,0.0,0.00024404634107781203,0.0,True
101990961244800083,rainfall_mm,2026-08-19 08:00:00+00:00,0.0,0.0006193750806525167,0.0,True
101990961244800083,rainfall_mm,2026-08-19 09:00:00+00:00,,0.002262169482035358,0.0,False
101990961244800083,rainfall_mm,2026-08-19 10:00:00+00:00,0.0,0.003243226883704523,,False
101990961244800083,rainfall_mm,2026-08-19 11:00:00+00:00,0.0,0.0071238592626889545,0.0,True
101990961244800083,rainfall_mm,2026-08-19 12:00:00+00:00,0.0,0.029167823847511667,0.0,True
101990961244800083,rainfall_mm,2026-08-19 13:00:00+00:00,,0.07416353900154445,0.0,False
101990961244800083,rainfall_mm,2026-08-19 14:00:00+00:00,0.0,0.07454659250221853,,False
101990961244800083,rainfall_mm,2026-08-19 15:00:00+00:00,,0.03715787207537256,0.0,False
101990961244800083,rainfall_mm,2026-08-19 16:00:00+00:00,,0.028884681084411067,,False
101990961244800083,rainfall_mm,2026-08-19 17:00:00+00:00,0.0,0.012155468509921887,,False
101990961244800083,rainfall_mm,2026-08-19 18:00:00+00:00,0.0,0.005756259588914221,0.0,True
101990961244800083,rainfall_mm,2026-08-19 19:00:00+00:00,0.0,0.008992439922918368,0.0,True
101990961244800083,rainfall_mm,2026-08-19 20:00:00+00:00,0.0,0.05796273197547232,0.0,True
101990961244800083,rainfall_mm,2026-08-19 21:00:00+00:00,,0.0031796965962150683,0.0,False
101990961244800083,rainfall_mm,2026-08-19 22:00:00+00:00,,0.013514296723011642,,False
101990961244800083,rainfall_mm,2026-08-19 23:00:00+00:00,,0.08893326772588964,,False
101990961244800083,rainfall_mm,2026-08-20 00:00:00+00:00,,0.08925561573064346,,False
101990961244800083,rainfall_mm,2026-08-20 01:00:00+00:00,,0.03494907920710838,,False
101990961244800083,rainfall_mm,2026-08-20 02:00:00+00:00,,0.018490624379052845,,False
101990961244800083,rainfall_mm,2026-08-20 03:00:00+00:00,,0.022426668032495645,,False
101990961244800083,rainfall_mm,2026-08-20 04:00:00+00:00,,0.09783505453155644,,False
101990961244800083,rainfall_mm,2026-08-20 05:00:00+00:00,,0.0025317045196619073,,False
101990961244800083,rainfall_mm,2026-08-20 06:00:00+00:00,,0.0004400238543170999,,False
101990961244800083,rainfall_mm,2026-08-20 07:00:00+00:00,,0.0003073632546402316,,False
101990961244800083,rainfall_mm,2026-08-20 08:00:00+00:00,,0.0006562156061705075,,False
101990961244800083,rainfall_mm,2026-08-20 09:00:00+00:00,0.0,0.002354931416090965,,False
101990961244800083,rainfall_mm,2026-08-20 10:00:00+00:00,0.0,0.0028458127475013495,0.0,True
101990961244800083,rainfall_mm,2026-08-20 11:00:00+00:00,0.0,0.007012185270274607,0.0,True
101990961244800083,rainfall_mm,2026-08-20 12:00:00+00:00,0.0,0.02870805600931581,0.0,True
101990961244800083,rainfall_mm,2026-08-20 13:00:00+00:00,0.0,0.07399021257144485,0.0,True
101990961244800083,rainfall_mm,2026-08-20 14:00:00+00:00,0.0,0.0620161432199894,0.0,True
101990961244800083,rainfall_mm,2026-08-20 15:00:00+00:00,0.0,0.03715976746931288,0.0,True
101990961244800083,rainfall_mm,2026-08-20 16:00:00+00:00,0.0,0.023169319328085462,0.0,True
101990961244800083,rainfall_mm,2026-08-20 17:00:00+00:00,0.0,0.007550306743969192,0.0,True
101990961244800083,rainfall_mm,2026-08-20 18:00:00+00:00,0.0,0.005661493011205821,0.0,True
101990961244800083,rainfall_mm,2026-08-20 19:00:00+00:00,0.0,0.008842481223623135,0.0,True
101990961244800083,rainfall_mm,2026-08-20 20:00:00+00:00,,0.05695058266962807,0.0,False
101990961244800083,rainfall_mm,2026-08-20 21:00:00+00:00,,0.011898695242366218,,False
101990961244800083,rainfall_mm,2026-08-20 22:00:00+00:00,,0.014849154652823505,,False
101990961244800083,rainfall_mm,2026-08-20 23:00:00+00:00,,0.08913763129526908,,False
101990961244800083,rainfall_mm,2026-08-21 00:00:00+00:00,,0.08928690330005222,,False
101990961244800083,rainfall_mm,2026-08-21 01:00:00+00:00,,0.03495386921759288,,False
101990961244800083,rainfall_mm,2026-08-21 02:00:00+00:00,,0.018491357444655025,,False
101990961244800083,rainfall_mm,2026-08-21 03:00:00+00:00,,0.022426778476021106,,False
101990961244800083,rainfall_mm,2026-08-21 04:00:00+00:00,,0.09783505976743206,,False
101990961244800083,rainfall_mm,2026-08-21 05:00:00+00:00,,0.0025316287440554724,,False
101990961244800083,rainfall_mm,2026-08-21 06:00:00+00:00,,0.0004398798931017807,,False
101990961244800083,rainfall_mm,2026-08-21 07:00:00+00:00,,0.0003064790190771069,,False
101990961244800083,rainfall_mm,2026-08-21 08:00:00+00:00,0.0,0.0006504704830283373,,False
101990961244800083,rainfall_mm,2026-08-21 09:00:00+00:00,,0.0022173869122916632,0.0,False
101990961244800083,rainfall_mm,2026-08-21 10:00:00+00:00,0.0,0.003139575490497543,,False
101990961244800083,rainfall_mm,2026-08-21 11:00:00+00:00,,0.006903136276180828,0.0,False
101990961244800083,rainfall_mm,2026-08-21 12:00:00+00:00,0.0,0.029318146122529254,,False
101990961244800083,rainfall_mm,2026-08-21 13:00:00+00:00,0.0,0.07282490383585755,0.0,True
101990961244800083,rainfall_mm,2026-08-21 14:00:00+00:00,0.0,0.061023722250931604,0.0,True
101990961244800083,rainfall_mm,2026-08-21 15:00:00+00:00,0.0,0.03657685495483757,0.0,True
101990961244800083,rainfall_mm,2026-08-21 16:00:00+00:00,0.0,0.022808447940047938,0.0,True
101990961244800083,rainfall_mm,2026-08-21 17:00:00+00:00,0.0,0.007434817580734897,0.0,True
101990961244800083,rainfall_mm,2026-08-21 18:00:00+00:00,,0.005568839579214809,0.0,False
101990961244800083,rainfall_mm,2026-08-21 19:00:00+00:00,,0.0095485214206132,,False
101990961244800083,rainfall_mm,2026-08-21 20:00:00+00:00,,0.058411136034332296,,False
101990961244800083,rainfall_mm,2026-08-21 21:00:00+00:00,,0.012122302484468038,,False
101990961244800083,rainfall_mm,2026-08-21 22:00:00+00:00,,0.01488338838904,,False
101990961244800083,rainfall_mm,2026-08-21 23:00:00+00:00,,0.08914287239827967,,False
101990961244800083,rainfall_mm,2026-08-22 00:00:00+00:00,,0.08928770569728482,,False
101990961244800083,rainfall_mm,2026-08-22 01:00:00+00:00,,0.034953992042073036,,False
101990961244800083,rainfall_mm,2026-08-22 02:00:00+00:00,,0.018491376114069834,,False
101990961244800083,rainfall_mm,2026-08-22 03:00:00+00:00,,0.02242678045429858,,False
101990961244800083,rainfall_mm,2026-08-22 04:00:00+00:00,,0.09783505432256044,,False
101990961244800083,rainfall_mm,2026-08-22 05:00:00+00:00,,0.002531590367497541,,False
101990961244800083,rainfall_mm,2026-08-22 06:00:00+00:00,0.0,0.00043962799357415513,,False
101990961244800083,rainfall_mm,2026-08-22 07:00:00+00:00,,0.00023755361270807557,0.0,False
101990961244800083,rainfall_mm,2026-08-22 08:00:00+00:00,,0.0006294251400196933,,False
101990961244800083,rainfall_mm,2026-08-22 09:00:00+00:00,0.0,0.0023063668616005745,,False
101990961244800083,rainfall_mm,2026-08-22 10:00:00+00:00,0.0,0.002751065943461442,0.0,True
101990961244800083,rainfall_mm,2026-08-22 11:00:00+00:00,0.0,0.006835759015973424,0.0,True
101990961244800083,rainfall_mm,2026-08-22 12:00:00+00:00,0.0,0.027818031009720273,0.0,True
101990961244800083,rainfall_mm,2026-08-22 13:00:00+00:00,0.0,0.0716820080435579,0.0,True
101990961244800083,rainfall_mm,2026-08-22 14:00:00+00:00,0.0,0.0600524575846688,0.0,True
101990961244800083,rainfall_mm,2026-08-22 15:00:00+00:00,,0.03600494071293086,0.0,False
101990961244800083,rainfall_mm,2026-08-22 16:00:00+00:00,0.0,0.027965254941771923,,False
101990961244800083,rainfall_mm,2026-08-22 17:00:00+00:00,0.0,0.0073216649172985725,0.0,True
101990961244800083,rainfall_mm,2026-08-22 18:00:00+00:00,0.0,0.00556871221286328,0.0,True
101990961244800083,rainfall_mm,2026-08-22 19:00:00+00:00,0.0,0.008695746460159807,0.0,True
101990961244800083,rainfall_mm,2026-08-22 20:00:00+00:00,,0.05694928077141803,0.0,False
101990961244800083,rainfall_mm,2026-08-22 21:00:00+00:00,,0.011898495976772788,,False
101990961244800083,rainfall_mm,2026-08-22 22:00:00+00:00,,0.014849124143246807,,False
101990961244800083,rainfall_mm,2026-08-22 23:00:00+00:00,,0.08913762660955236,,False
101990961244800083,rainfall_mm,2026-08-23 00:00:00+00:00,,0.08928690248618514,,False
101990961244800083,rainfall_mm,2026-08-23 01:00:00+00:00,,0.034953868462710785,,False
101990961244800083,rainfall_mm,2026-08-23 02:00:00+00:00,,0.018491353212227467,,False
101990961244800083,rainfall_mm,2026-08-23 03:00:00+00:00,,0.02242675093764195,,False
101990961244800083,rainfall_mm,2026-08-23 04:00:00+00:00,,0.09783487990914873,,False
101990961244800083,rainfall_mm,2026-08-23 05:00:00+00:00,,0.0025304539534934806,,False
101990961244800083,rainfall_mm,2026-08-23 06:00:00+00:00,,0.00043206646013689814,,False
101990961244800083,rainfall_mm,2026-08-23 07:00:00+00:00,,0.0003028694068467404,,False
101990961244800083,rainfall_mm,2026-08-23 08:00:00+00:00,,0.0006339899346301142,,False
101990961244800083,rainfall_mm,2026-08-23 09:00:00+00:00,0.0,0.0022706034675084737,,False
101990961244800083,rainfall_mm,2026-08-23 10:00:00+00:00,,0.0027075751148505525,0.0,False
101990961244800083,rainfall_mm,2026-08-23 11:00:00+00:00,,0.007144070304286194,,False
101990961244800083,rainfall_mm,2026-08-23 12:00:00+00:00,0.0,0.028482471608153728,,False
101990961244800083,rainfall_mm,2026-08-23 13:00:00+00:00,0.0,0.07056213930939892,0.0,True
101990961244800083,rainfall_mm,2026-08-23 14:00:00+00:00,,0.05909838885984533,0.0,False
101990961244800083,rainfall_mm,2026-08-23 15:00:00+00:00,,0.04498756466318319,,False
101990961244800083,rainfall_mm,2026-08-23 16:00:00+00:00,0.0,0.02891639613609681,,False
101990961244800083,rainfall_mm,2026-08-23 17:00:00+00:00,0.0,0.007210751765157515,0.0,True
101990961244800083,rainfall_mm,2026-08-23 18:00:00+00:00,,0.005477292781963484,0.0,False
101990961244800083,rainfall_mm,2026-08-23 19:00:00+00:00,,0.009389817484279575,,False
101990961244800083,rainfall_mm,2026-08-23 20:00:00+00:00,,0.05838683947405217,,False
101990961244800083,rainfall_mm,2026-08-23 21:00:00+00:00,,0.012118582790873689,,False
101990961244800083,rainfall_mm,2026-08-23 22:00:00+00:00,,0.014882818910353125,,False
101990961244800083,rainfall_mm,2026-08-23 23:00:00+00:00,,0.08914278519789497,,False
101990961244800083,rainfall_mm,2026-08-24 00:00:00+00:00,,0.08928769225205115,,False
101990961244800083,rainfall_mm,2026-08-24 01:00:00+00:00,,0.03495398936271622,,False
101990961244800083,rainfall_mm,2026-08-24 02:00:00+00:00,,0.0184913716481304,,False
101990961244800083,rainfall_mm,2026-08-24 03:00:00+00:00,,0.022426753279395757,,False
101990961244800083,rainfall_mm,2026-08-24 04:00:00+00:00,,0.09783487712758397,,False
101990961244800083,rainfall_mm,2026-08-24 05:00:00+00:00,0.0,0.0025304330173242986,,False
101990961244800083,rainfall_mm,2026-08-24 06:00:00+00:00,0.0,4.4887405240613654e-05,0.0,True
101990961244800083,rainfall_mm,2026-08-24 07:00:00+00:00,0.0,0.0002359153922580592,0.0,True
101990961244800083,rainfall_mm,2026-08-24 08:00:00+00:00,0.0,0.0005823107610879645,0.0,True
101990961244800083,rainfall_mm,2026-08-24 09:00:00+00:00,,0.0021376912398012042,0.0,False
101990961244800083,rainfall_mm,2026-08-24 10:00:00+00:00,0.0,0.0030248498226234186,,False
101990961244800083,rainfall_mm,2026-08-24 11:00:00+00:00,0.0,0.00666474529505481,0.0,True
101990961244800083,rainfall_mm,2026-08-24 12:00:00+00:00,0.0,0.026962206156070926,0.0,True
101990961244800083,rainfall_mm,2026-08-24 13:00:00+00:00,,0.06946207806912244,0.0,False
101990961244800083,rainfall_mm,2026-08-24 14:00:00+00:00,0.0,0.0697215730323018,,False
101990961244800083,rainfall_mm,2026-08-24 15:00:00+00:00,0.0,0.03587983260697393,0.0,True
101990961244800083,rainfall_mm,2026-08-24 16:00:00+00:00,0.0,0.021596991416404546,0.0,True
101990961244800083,rainfall_mm,2026-08-24 17:00:00+00:00,0.0,0.007101813343924471,0.0,True
101990961244800083,rainfall_mm,2026-08-24 18:00:00+00:00,,0.005477167509346125,0.0,False
101990961244800083,rainfall_mm,2026-08-24 19:00:00+00:00,,0.009389602727541259,,False
101990961244800083,rainfall_mm,2026-08-24 20:00:00+00:00,,0.05838680659844301,,False
101990961244800083,rainfall_mm,2026-08-24 21:00:00+00:00,,0.012118577744714467,,False
101990961244800083,rainfall_mm,2026-08-24 22:00:00+00:00,,0.014882818050853588,,False
101990961244800083,rainfall_mm,2026-08-24 23:00:00+00:00,,0.08914278449837043,,False
101990961244800083,rainfall_mm,2026-08-25 00:00:00+00:00,,0.08928768843028925,,False
101990961244800083,rainfall_mm,2026-08-25 01:00:00+00:00,,0.0349539645104819,,False
101990961244800083,rainfall_mm,2026-08-25 02:00:00+00:00,,0.01849120933575108,,False
101990961244800083,rainfall_mm,2026-08-25 03:00:00+00:00,,0.02242569309319731,,False
101990961244800083,rainfall_mm,2026-08-25 04:00:00+00:00,,0.09782795223597314,,False
101990961244800083,rainfall_mm,2026-08-25 05:00:00+00:00,,0.002485198937601846,,False
101990961244800083,rainfall_mm,2026-08-25 06:00:00+00:00,,0.00042460872021930253,,False
101990961244800083,rainfall_mm,2026-08-25 07:00:00+00:00,,0.00029690981108330494,,False
101990961244800083,rainfall_mm,2026-08-25 08:00:00+00:00,,0.0006180431001932941,,False
101990961244800083,rainfall_mm,2026-08-25 09:00:00+00:00,,0.002225289804163348,,False
101990961244800083,rainfall_mm,2026-08-25 10:00:00+00:00,,0.0029911450578868825,,False
101990961244800083,rainfall_mm,2026-08-25 11:00:00+00:00,,0.007019135427331117,,False
101990961244800083,rainfall_mm,2026-08-25 12:00:00+00:00,,0.027620883905889692,,False
101990961244800083,rainfall_mm,2026-08-25 13:00:00+00:00,,0.07353073450623422,,False
101990961244800083,rainfall_mm,2026-08-25 14:00:00+00:00,,0.06925752081638746,,False
101990961244800083,rainfall_mm,2026-08-25 15:00:00+00:00,,0.045908982252567766,,False
101990961244800083,rainfall_mm,2026-08-25 16:00:00+00:00,,0.028292755538481384,,False
101990961244800083,rainfall_mm,2026-08-25 17:00:00+00:00,,0.011324979538277179,,False
101990961244800083,rainfall_mm,2026-08-25 18:00:00+00:00,,0.007210994911377516,,False
101990961244800083,rainfall_mm,2026-08-25 19:00:00+00:00,,0.009655047578506371,,False
101990961244800083,rainfall_mm,2026-08-25 20:00:00+00:00,,0.05842744557302008,,False
101990961244800083,rainfall_mm,2026-08-25 21:00:00+00:00,,0.012124799474931981,,False
101990961244800083,rainfall_mm,2026-08-25 22:00:00+00:00,,0.014883770582824671,,False
101990961244800083,rainfall_mm,2026-08-25 23:00:00+00:00,,0.08914293032803218,,False
101990961244800083,rainfall_mm,2026-08-26 00:00:00+00:00,,0.08928771075179454,,False
101990961244800083,rainfall_mm,2026-08-26 01:00:00+00:00,,0.034953967897356476,,False
101990961244800083,rainfall_mm,2026-08-26 02:00:00+00:00,,0.018491209655088665,,False
101990961244800083,rainfall_mm,2026-08-26 03:00:00+00:00,,0.022425691841055487,,False
101990961244800083,rainfall_mm,2026-08-26 04:00:00+00:00,,0.0978279435462204,,False
101990961244800083,rainfall_mm,2026-08-26 05:00:00+00:00,,0.002485142099808049,,False
101990961244800083,rainfall_mm,2026-08-26 06:00:00+00:00,,0.00042459900916342306,,False
101990961244800083,rainfall_mm,2026-08-26 07:00:00+00:00,,0.000296903020420985,,False
101990961244800083,rainfall_mm,2026-08-26 08:00:00+00:00,0.0,0.0006180289647655041,,False
101990961244800083,rainfall_mm,2026-08-26 09:00:00+00:00,0.0,0.0021307758938386265,0.0,True
101990961244800083,rainfall_mm,2026-08-26 10:00:00+00:00,0.0,0.002650711339382261,0.0,True
101990961244800083,rainfall_mm,2026-08-26 11:00:00+00:00,,0.006561295686571092,0.0,False
101990961244800083,rainfall_mm,2026-08-26 12:00:00+00:00,0.0,0.02755020687153433,,False
101990961244800083,rainfall_mm,2026-08-26 13:00:00+00:00,0.0,0.06930326846325219,0.0,True
101990961244800083,rainfall_mm,2026-08-26 14:00:00+00:00,0.0,0.05800434931219198,0.0,True
101990961244800083,rainfall_mm,2026-08-26 15:00:00+00:00,0.0,0.03531089677475123,0.0,True
101990961244800083,rainfall_mm,2026-08-26 16:00:00+00:00,0.0,0.021267947565529348,0.0,True
101990961244800083,rainfall_mm,2026-08-26 17:00:00+00:00,0.0,0.006994754566538556,0.0,True
101990961244800083,rainfall_mm,2026-08-26 18:00:00+00:00,0.0,0.005477167512310097,0.0,True
101990961244800083,rainfall_mm,2026-08-26 19:00:00+00:00,0.0,0.008551061434178938,0.0,True
101990961244800083,rainfall_mm,2026-08-26 20:00:00+00:00,,0.05694928135857175,0.0,False
101990961244800083,rainfall_mm,2026-08-26 21:00:00+00:00,,0.01189849610417326,,False
101990961244800083,rainfall_mm,2026-08-26 22:00:00+00:00,,0.014849124075368815,,False
101990961244800083,rainfall_mm,2026-08-26 23:00:00+00:00,,0.08913762602979698,,False
101990961244800083,rainfall_mm,2026-08-27 00:00:00+00:00,,0.0892868986734396,,False
101990961244800083,rainfall_mm,2026-08-27 01:00:00+00:00,,0.03495384355098055,,False
101990961244800083,rainfall_mm,2026-08-27 02:00:00+00:00,,0.018491190493108874,,False
101990961244800083,rainfall_mm,2026-08-27 03:00:00+00:00,,0.022425688091937068,,False
101990961244800083,rainfall_mm,2026-08-27 04:00:00+00:00,,0.09782793764580176,,False
101990961244800083,rainfall_mm,2026-08-27 05:00:00+00:00,,0.0024851064050666924,,False
101990961244800083,rainfall_mm,2026-08-27 06:00:00+00:00,,0.0004243656340285192,,False
101990961244800083,rainfall_mm,2026-08-27 07:00:00+00:00,,0.00029536772099084693,,False
101990961244800083,rainfall_mm,2026-08-27 08:00:00+00:00,,0.0006079990538824955,,False
101990961244800083,rainfall_mm,2026-08-27 09:00:00+00:00,,0.0021890810518820788,,False
101990961244800083,rainfall_mm,2026-08-27 10:00:00+00:00,,0.002943212093526088,,False
101990961244800083,rainfall_mm,2026-08-27 11:00:00+00:00,,0.006948809996609105,,False
101990961244800083,rainfall_mm,2026-08-27 12:00:00+00:00,,0.02719559144612814,,False
101990961244800083,rainfall_mm,2026-08-27 13:00:00+00:00,,0.07237322388693423,,False
101990961244800083,rainfall_mm,2026-08-27 14:00:00+00:00,,0.06815376775694568,,False
101990961244800083,rainfall_mm,2026-08-27 15:00:00+00:00,,0.045177247598847586,,False
101990961244800083,rainfall_mm,2026-08-27 16:00:00+00:00,,0.02785515720148704,,False
101990961244800083,rainfall_mm,2026-08-27 17:00:00+00:00,0.0,0.011151958427552112,,False
101990961244800083,rainfall_mm,2026-08-27 18:00:00+00:00,,0.005385008470129518,0.0,False
101990961244800083,rainfall_mm,2026-08-27 19:00:00+00:00,,0.009229964390754346,,False
101990961244800083,rainfall_mm,2026-08-27 20:00:00+00:00,,0.05836236693286303,,False
101990961244800083,rainfall_mm,2026-08-27 21:00:00+00:00,,0.01211483614060961,,False
101990961244800083,rainfall_mm,2026-08-27 22:00:00+00:00,,0.014882245219777214,,False
101990961244800083,rainfall_mm,2026-08-27 23:00:00+00:00,,0.08914269679813398,,False
101990961244800083,rainfall_mm,2026-08-28 00:00:00+00:00,,0.08928767499599288,,False
101990961244800083,rainfall_mm,2026-08-28 01:00:00+00:00,,0.03495396240408802,,False
101990961244800083,rainfall_mm,2026-08-28 02:00:00+00:00,,0.01849120868906166,,False
101990961244800083,rainfall_mm,2026-08-28 03:00:00+00:00,,0.022425690876551413,,False
101990961244800083,rainfall_mm,2026-08-28 04:00:00+00:00,,0.09782793806465574,,False
101990961244800083,rainfall_mm,2026-08-28 05:00:00+00:00,,0.002485106420434844,,False
101990961244800083,rainfall_mm,2026-08-28 06:00:00+00:00,,0.0004243653179087962,,False
101990961244800083,rainfall_mm,2026-08-28 07:00:00+00:00,,0.00029536559240097893,,False
101990961244800083,rainfall_mm,2026-08-28 08:00:00+00:00,,0.0006079851406389425,,False
101990961244800083,rainfall_mm,2026-08-28 09:00:00+00:00,,0.0021890309341297404,,False
101990961244800083,rainfall_mm,2026-08-28 10:00:00+00:00,,0.0029431444472841025,,False
101990961244800083,rainfall_mm,2026-08-28 11:00:00+00:00,,0.0069487047178288155,,False
101990961244800083,rainfall_mm,2026-08-28 12:00:00+00:00,,0.02719495531651481,,False
101990961244800083,rainfall_mm,2026-08-28 13:00:00+00:00,,0.07237147631143429,,False
101990961244800083,rainfall_mm,2026-08-28 14:00:00+00:00,,0.06815160604731411,,False
101990961244800083,rainfall_mm,2026-08-28 15:00:00+00:00,,0.04517227750074972,,False
101990961244800083,rainfall_mm,2026-08-28 16:00:00+00:00,,0.02782880726992204,,False
101990961244800083,rainfall_mm,2026-08-28 17:00:00+00:00,,0.010981398951791939,,False
101990961244800083,rainfall_mm,2026-08-28 18:00:00+00:00,,0.0070661113376557175,,False
101990961244800083,rainfall_mm,2026-08-28 19:00:00+00:00,,0.00948714499131216,,False
101990961244800083,rainfall_mm,2026-08-28 20:00:00+00:00,,0.05840174067038494,,False
101990961244800083,rainfall_mm,2026-08-28 21:00:00+00:00,,0.012120864166063637,,False
101990961244800083,rainfall_mm,2026-08-28 22:00:00+00:00,,0.014883168096119705,,False
101990961244800083,rainfall_mm,2026-08-28 23:00:00+00:00,,0.08914283808830438,,False
101990961244800083,rainfall_mm,2026-08-29 00:00:00+00:00,,0.08928769662718151,,False
101990961244800083,rainfall_mm,2026-08-29 01:00:00+00:00,,0.03495396571577149,,False
101990961244800083,rainfall_mm,2026-08-29 02:00:00+00:00,,0.018491209196072517,,False
101990961244800083,rainfall_mm,2026-08-29 03:00:00+00:00,,0.022425690954173592,,False
101990961244800083,rainfall_mm,2026-08-29 04:00:00+00:00,,0.09782793807653968,,False
101990961244800083,rainfall_mm,2026-08-29 05:00:00+00:00,0.0,0.00248510642225532,,False
101990961244800083,rainfall_mm,2026-08-29 06:00:00+00:00,,4.424422601977568e-05,0.0,False
101990961244800083,rainfall_mm,2026-08-29 07:00:00+00:00,,0.00023717705035447884,,False
101990961244800083,rainfall_mm,2026-08-29 08:00:00+00:00,0.0,0.0005990818440153152,,False
101990961244800083,rainfall_mm,2026-08-29 09:00:00+00:00,0.0,0.002096060921726066,0.0,True
101990961244800083,rainfall_mm,2026-08-29 10:00:00+00:00,0.0,0.002608312880547344,0.0,True
101990961244800083,rainfall_mm,2026-08-29 11:00:00+00:00,0.0,0.0064983557062783985,0.0,True
101990961244800083,rainfall_mm,2026-08-29 12:00:00+00:00,0.0,0.02613202675670486,0.0,True
101990961244800083,rainfall_mm,2026-08-29 13:00:00+00:00,0.0,0.06820937743259955,0.0,True
101990961244800083,rainfall_mm,2026-08-29 14:00:00+00:00,0.0,0.0570771753727557,0.0,True
101990961244800083,rainfall_mm,2026-08-29 15:00:00+00:00,0.0,0.034744027791237246,0.0,True
101990961244800083,rainfall_mm,2026-08-29 16:00:00+00:00,0.0,0.02091707256156538,0.0,True
101990961244800083,rainfall_mm,2026-08-29 17:00:00+00:00,0.0,0.006723008108726937,0.0,True
101990961244800083,rainfall_mm,2026-08-29 18:00:00+00:00,0.0,0.005384885310978115,0.0,True
101990961244800083,rainfall_mm,2026-08-29 19:00:00+00:00,0.0,0.00840534018095428,0.0,True
101990961244800083,rainfall_mm,2026-08-29 20:00:00+00:00,0.0,0.0569492819204509,0.0,True
101990961244800083,rainfall_mm,2026-08-29 21:00:00+00:00,,0.0031796994302249037,0.0,False
101990961244800083,rainfall_mm,2026-08-29 22:00:00+00:00,,0.013514296966994625,,False
101990961244800083,rainfall_mm,2026-08-29 23:00:00+00:00,,0.0889332666038819,,False
101990961244800083,rainfall_mm,2026-08-30 00:00:00+00:00,,0.08925560797604341,,False
101990961244800083,rainfall_mm,2026-08-30 01:00:00+00:00,,0.03494902848319662,,False
101990961244800083,rainfall_mm,2026-08-30 02:00:00+00:00,,0.01849029305051731,,False
101990961244800083,rainfall_mm,2026-08-30 03:00:00+00:00,,0.022424503865612205,,False
101990961244800083,rainfall_mm,2026-08-30 04:00:00+00:00,,0.09782091869097076,,False
101990961244800083,rainfall_mm,2026-08-30 05:00:00+00:00,,0.0024393676018300693,,False
101990961244800083,rainfall_mm,2026-08-30 06:00:00+00:00,,0.0004174810705277412,,False
101990961244800083,rainfall_mm,2026-08-30 07:00:00+00:00,0.0,0.0002928438900194006,,False
101990961244800083,rainfall_mm,2026-08-30 08:00:00+00:00,,0.0005531772939544785,0.0,False
101990961244800083,rainfall_mm,2026-08-30 09:00:00+00:00,,0.0021460390182585732,,False
101990961244800083,rainfall_mm,2026-08-30 10:00:00+00:00,0.0,0.002894466486205581,,False
101990961244800083,rainfall_mm,2026-08-30 11:00:00+00:00,,0.006394983097184617,0.0,False
101990961244800083,rainfall_mm,2026-08-30 12:00:00+00:00,0.0,0.02670162164166752,,False
101990961244800083,rainfall_mm,2026-08-30 13:00:00+00:00,0.0,0.06711651538352278,0.0,True
101990961244800083,rainfall_mm,2026-08-30 14:00:00+00:00,0.0,0.056152093424465296,0.0,True
101990961244800083,rainfall_mm,2026-08-30 15:00:00+00:00,0.0,0.03418196150753964,0.0,True
101990961244800083,rainfall_mm,2026-08-30 16:00:00+00:00,0.0,0.020591729692655943,0.0,True
101990961244800083,rainfall_mm,2026-08-30 17:00:00+00:00,0.0,0.006621757688415383,0.0,True
101990961244800083,rainfall_mm,2026-08-30 18:00:00+00:00,,0.005293057111030866,0.0,False
101990961244800083,rainfall_mm,2026-08-30 19:00:00+00:00,,0.0090707963950952,,False
101990961244800083,rainfall_mm,2026-08-30 20:00:00+00:00,,0.05726608431114226,,False
101990961244800083,rainfall_mm,2026-08-30 21:00:00+00:00,,0.01194700057062497,,False
101990961244800083,rainfall_mm,2026-08-30 22:00:00+00:00,,0.014856549893704284,,False
101990961244800083,rainfall_mm,2026-08-30 23:00:00+00:00,,0.08913876232847255,,False
101990961244800083,rainfall_mm,2026-08-31 00:00:00+00:00,,0.08928706886785871,,False
101990961244800083,rainfall_mm,2026-08-31 01:00:00+00:00,,0.03495384497758731,,False
101990961244800083,rainfall_mm,2026-08-31 02:00:00+00:00,,0.018491029835390943,,False
101990961244800083,rainfall_mm,2026-08-31 03:00:00+00:00,,0.022424612688106825,,False
101990961244800083,rainfall_mm,2026-08-31 04:00:00+00:00,,0.09782090937118075,,False
101990961244800083,rainfall_mm,2026-08-31 05:00:00+00:00,,0.002439196477823241,,False
101990961244800083,rainfall_mm,2026-08-31 06:00:00+00:00,,0.0004166865243347244,,False
101990961244800083,rainfall_mm,2026-08-31 07:00:00+00:00,,0.00028762628607436935,,False
101990961244800083,rainfall_mm,2026-08-31 08:00:00+00:00,,0.0005961601743180812,,False
101990961244800083,rainfall_mm,2026-08-31 09:00:00+00:00,,0.0021457936558020333,,False
101990961244800083,rainfall_mm,2026-08-31 10:00:00+00:00,,0.0028484530683913034,,False
101990961244800083,rainfall_mm,2026-08-31 11:00:00+00:00,,0.0067689677425105885,,False
101990961244800083,rainfall_mm,2026-08-31 12:00:00+00:00,,0.02635182959800217,,False
101990961244800083,rainfall_mm,2026-08-31 13:00:00+00:00,,0.07007840085121811,,False
101990961244800083,rainfall_mm,2026-08-31 14:00:00+00:00,,0.06596964328148548,,False
101990961244800083,rainfall_mm,2026-08-31 15:00:00+00:00,,0.04372596285181304,,False
101990961244800083,rainfall_mm,2026-08-31 16:00:00+00:00,,0.026963046384039922,,False
101990961244800083,rainfall_mm,2026-08-31 17:00:00+00:00,,0.010648051604383417,,False
101990961244800083,rainfall_mm,2026-08-31 18:00:00+00:00,,0.006923127396512924,,False
101990961244800083,rainfall_mm,2026-08-31 19:00:00+00:00,,0.009320167347269849,,False
101990961244800083,rainfall_mm,2026-08-31 20:00:00+00:00,,0.057302984423392926,,False
101990961244800083,rainfall_mm,2026-08-31 21:00:00+00:00,,0.011952649889940362,,False
101990961244800083,rainfall_mm,2026-08-31 22:00:00+00:00,,0.014857414791038467,,False
101990961244800083,rainfall_mm,2026-08-31 23:00:00+00:00,,0.08913889474219291,,False
101990961244800083,rainfall_mm,2026-09-01 00:00:00+00:00,,0.08928708914007143,,False
101990961244800083,rainfall_mm,2026-09-01 01:00:00+00:00,,0.03495384808113276,,False
101990961244800083,rainfall_mm,2026-09-01 02:00:00+00:00,,0.018491030310000496,,False
101990961244800083,rainfall_mm,2026-09-01 03:00:00+00:00,,0.022424612757268255,,False
101990961244800083,rainfall_mm,2026-09-01 04:00:00+00:00,,0.0978209093589069,,False
101990961244800083,rainfall_mm,2026-09-01 05:00:00+00:00,,0.0024391963266126374,,False
101990961244800083,rainfall_mm,2026-09-01 06:00:00+00:00,,0.00041668551765223366,,False
101990961244800083,rainfall_mm,2026-09-01 07:00:00+00:00,,0.00028761970773548434,,False
101990961244800083,rainfall_mm,2026-09-01 08:00:00+00:00,,0.0005961576767776105,,False
101990961244800083,rainfall_mm,2026-09-01 09:00:00+00:00,,0.002145783537502598,,False
101990961244800083,rainfall_mm,2026-09-01 10:00:00+00:00,,0.002848387920634211,,False
101990961244800083,rainfall_mm,2026-09-01 11:00:00+00:00,0.0,0.00676886783951272,,False
101990961244800083,rainfall_mm,2026-09-01 12:00:00+00:00,0.0,0.025316044797380133,0.0,True
101990961244800083,rainfall_mm,2026-09-01 13:00:00+00:00,0.0,0.0660437456152628,0.0,True
101990961244800083,rainfall_mm,2026-09-01 14:00:00+00:00,0.0,0.055244505780672915,0.0,True
101990961244800083,rainfall_mm,2026-09-01 15:00:00+00:00,0.0,0.033630478368531294,0.0,True
101990961244800083,rainfall_mm,2026-09-01 16:00:00+00:00,0.0,0.020271936706962836,0.0,True
101990961244800083,rainfall_mm,2026-09-01 17:00:00+00:00,0.0,0.006522088922675363,0.0,True
101990961244800083,rainfall_mm,2026-09-01 18:00:00+00:00,,0.005292936054912078,0.0,False
101990961244800083,rainfall_mm,2026-09-01 19:00:00+00:00,,0.00907058893969384,,False
101990961244800083,rainfall_mm,2026-09-01 20:00:00+00:00,,0.05726477459699716,,False
101990961244800083,rainfall_mm,2026-09-01 21:00:00+00:00,,0.011946800056499082,,False
101990961244800083,rainfall_mm,2026-09-01 22:00:00+00:00,,0.014856519195466213,,False
101990961244800083,rainfall_mm,2026-09-01 23:00:00+00:00,,0.0891387576286263,,False
101990961244800083,rainfall_mm,2026-09-02 00:00:00+00:00,,0.08928706814819876,,False
101990961244800083,rainfall_mm,2026-09-02 01:00:00+00:00,,0.034953844866594475,,False
101990961244800083,rainfall_mm,2026-09-02 02:00:00+00:00,,0.01849102981307736,,False
101990961244800083,rainfall_mm,2026-09-02 03:00:00+00:00,,0.022424612649936067,,False
101990961244800083,rainfall_mm,2026-09-02 04:00:00+00:00,,0.09782090913832747,,False
101990961244800083,rainfall_mm,2026-09-02 05:00:00+00:00,,0.00243919495939537,,False
101990961244800083,rainfall_mm,2026-09-02 06:00:00+00:00,,0.00041667659865330704,,False
101990961244800083,rainfall_mm,2026-09-02 07:00:00+00:00,0.0,0.0002875614524460526,,False
101990961244800083,rainfall_mm,2026-09-02 08:00:00+00:00,0.0,0.0005517907591789697,0.0,True
101990961244800083,rainfall_mm,2026-09-02 09:00:00+00:00,0.0,0.0020521927930497045,0.0,True
101990961244800083,rainfall_mm,2026-09-02 10:00:00+00:00,0.0,0.002504317192852758,0.0,True
101990961244800083,rainfall_mm,2026-09-02 11:00:00+00:00,0.0,0.0062268676152005395,0.0,True
101990961244800083,rainfall_mm,2026-09-02 12:00:00+00:00,0.0,0.02491958778623248,0.0,True
101990961244800083,rainfall_mm,2026-09-02 13:00:00+00:00,0.0,0.06498537429276943,0.0,True
101990961244800083,rainfall_mm,2026-09-02 14:00:00+00:00,0.0,0.0543496087345371,0.0,True
101990961244800083,rainfall_mm,2026-09-02 15:00:00+00:00,0.0,0.03308665777187992,0.0,True
101990961244800083,rainfall_mm,2026-09-02 16:00:00+00:00,0.0,0.019955974646426036,0.0,True
101990961244800083,rainfall_mm,2026-09-02 17:00:00+00:00,0.0,0.006423458530340861,0.0,True
101990961244800083,rainfall_mm,2026-09-02 18:00:00+00:00,,0.005292936054993613,0.0,False
101990961244800083,rainfall_mm,2026-09-02 19:00:00+00:00,,0.009070588940221154,,False
101990961244800083,rainfall_mm,2026-09-02 20:00:00+00:00,,0.057264774601198117,,False
101990961244800083,rainfall_mm,2026-09-02 21:00:00+00:00,,0.0119468000570998,,False
101990961244800083,rainfall_mm,2026-09-02 22:00:00+00:00,,0.014856519195335873,,False
101990961244800083,rainfall_mm,2026-09-02 23:00:00+00:00,,0.0891387576271539,,False
101990961244800083,rainfall_mm,2026-09-03 00:00:00+00:00,,0.08928706813848648,,False
101990961244800083,rainfall_mm,2026-09-03 01:00:00+00:00,,0.03495384480314167,,False
101990961244800083,rainfall_mm,2026-09-03 02:00:00+00:00,,0.01849102939861542,,False
101990961244800083,rainfall_mm,2026-09-03 03:00:00+00:00,,0.0224246099427614,,False
101990961244800083,rainfall_mm,2026-09-03 04:00:00+00:00,0.0,0.09782089145565684,,False
101990961244800083,rainfall_mm,2026-09-03 05:00:00+00:00,0.0,-0.012464233192523337,0.0,True
101990961244800083,rainfall_mm,2026-09-03 06:00:00+00:00,,4.282686149363114e-05,0.0,False
101990961244800083,rainfall_mm,2026-09-03 07:00:00+00:00,,0.00022541886056477449,,False
101990961244800083,rainfall_mm,2026-09-03 08:00:00+00:00,0.0,0.0005770187556678287,,False
101990961244800083,rainfall_mm,2026-09-03 09:00:00+00:00,0.0,0.0020176016131335786,0.0,True
101990961244800083,rainfall_mm,2026-09-03 10:00:00+00:00,0.0,0.002463775020557245,0.0,True
101990961244800083,rainfall_mm,2026-09-03 11:00:00+00:00,0.0,0.006127543544195078,0.0,True
101990961244800083,rainfall_mm,2026-09-03 12:00:00+00:00,0.0,0.0245305771902406,0.0,True
101990961244800083,rainfall_mm,2026-09-03 13:00:00+00:00,,0.06394794082882704,0.0,False
101990961244800083,rainfall_mm,2026-09-03 14:00:00+00:00,0.0,0.06325862221602625,,False
101990961244800083,rainfall_mm,2026-09-03 15:00:00+00:00,0.0,0.032554247997943084,0.0,True
101990961244800083,rainfall_mm,2026-09-03 16:00:00+00:00,0.0,0.019645950504471165,0.0,True
101990961244800083,rainfall_mm,2026-09-03 17:00:00+00:00,,0.006326531702980211,0.0,False
101990961244800083,rainfall_mm,2026-09-03 18:00:00+00:00,,0.006261512981735727,,False
101990961244800083,rainfall_mm,2026-09-03 19:00:00+00:00,,0.00921887568457418,,False
101990961244800083,rainfall_mm,2026-09-03 20:00:00+00:00,,0.057287476410287905,,False
101990961244800083,rainfall_mm,2026-09-03 21:00:00+00:00,,0.011950271849416752,,False
101990961244800083,rainfall_mm,2026-09-03 22:00:00+00:00,,0.014857021855002315,,False
101990961244800083,rainfall_mm,2026-09-03 23:00:00+00:00,,0.08913864479560343,,False
101990961244800083,rainfall_mm,2026-09-04 00:00:00+00:00,,0.08928580855025706,,False
101990961244800083,rainfall_mm,2026-09-04 01:00:00+00:00,,0.03494551791411362,,False
101990961244800083,rainfall_mm,2026-09-04 02:00:00+00:00,,0.018436624835392025,,False
101990961244800083,rainfall_mm,2026-09-04 03:00:00+00:00,,0.02206924965699996,,False
101990961244800083,rainfall_mm,2026-09-04 04:00:00+00:00,0.0,0.09549485239840029,,False
101990961244800083,rainfall_mm,2026-09-04 05:00:00+00:00,0.0,-0.01215894416684394,0.0,True
101990961244800083,rainfall_mm,2026-09-04 06:00:00+00:00,0.0,4.293025962257722e-05,0.0,True
101990961244800083,rainfall_mm,2026-09-04 07:00:00+00:00,0.0,0.00021748128231133474,0.0,True
101990961244800083,rainfall_mm,2026-09-04 08:00:00+00:00,,0.0005331122676873038,0.0,False
101990961244800083,rainfall_mm,2026-09-04 09:00:00+00:00,0.0,0.002065300582865739,,False
101990961244800083,rainfall_mm,2026-09-04 10:00:00+00:00,0.0,0.00242405039504685,0.0,True
101990961244800083,rainfall_mm,2026-09-04 11:00:00+00:00,0.0,0.00603010204944248,0.0,True
101990961244800083,rainfall_mm,2026-09-04 12:00:00+00:00,0.0,0.024146932549928782,0.0,True
101990961244800083,rainfall_mm,2026-09-04 13:00:00+00:00,0.0,0.0638012843656462,0.0,True
101990961244800083,rainfall_mm,2026-09-04 14:00:00+00:00,1.2699999999999818,0.05247892110598796,0.0,True
101990961244800083,rainfall_mm,2026-09-04 15:00:00+00:00,0.0,0.22636724046728285,1.2699999999999818,True
101990961244800083,rainfall_mm,2026-09-04 16:00:00+00:00,0.0,0.019348834720059768,0.0,True
101990961244800083,rainfall_mm,2026-09-04 17:00:00+00:00,0.0,0.006329683728881451,0.0,True
101990961244800083,rainfall_mm,2026-09-04 18:00:00+00:00,,0.005292936032200789,0.0,False
101990961244800083,rainfall_mm,2026-09-04 19:00:00+00:00,,0.009070588786484335,,False
101990961244800083,rainfall_mm,2026-09-04 20:00:00+00:00,,0.057264773523281784,,False
101990961244800083,rainfall_mm,2026-09-04 21:00:00+00:00,,0.011946792432611132,,False
101990961244800083,rainfall_mm,2026-09-04 22:00:00+00:00,,0.01485646141527252,,False
101990961244800083,rainfall_mm,2026-09-04 23:00:00+00:00,,0.08913837654223672,,False
101990961244800083,rainfall_mm,2026-09-05 00:00:00+00:00,,0.0892845732097828,,False
101990961244800083,rainfall_mm,2026-09-05 01:00:00+00:00,,0.03493750945111136,,False
101990961244800083,rainfall_mm,2026-09-05 02:00:00+00:00,,0.0183843246595546,,False
101990961244800083,rainfall_mm,2026-09-05 03:00:00+00:00,,0.021727638485886703,,False
101990961244800083,rainfall_mm,2026-09-05 04:00:00+00:00,,0.09325884885822779,,False
101990961244800083,rainfall_mm,2026-09-05 05:00:00+00:00,,0.0023481165132598334,,False
101990961244800083,rainfall_mm,2026-09-05 06:00:00+00:00,,0.0004016592428410053,,False
101990961244800083,rainfall_mm,2026-09-05 07:00:00+00:00,,0.000275137447478359,,False
101990961244800083,rainfall_mm,2026-09-05 08:00:00+00:00,,0.0005702443833888581,,False
101990961244800083,rainfall_mm,2026-09-05 09:00:00+00:00,,0.002037319691169235,,False
101990961244800083,rainfall_mm,2026-09-05 10:00:00+00:00,,0.002696778211758676,,False
101990961244800083,rainfall_mm,2026-09-05 11:00:00+00:00,,0.006347409712234659,,False
101990961244800083,rainfall_mm,2026-09-05 12:00:00+00:00,,0.024743994795058868,,False
101990961244800083,rainfall_mm,2026-09-05 13:00:00+00:00,,0.06643407713304002,,False
101990961244800083,rainfall_mm,2026-09-05 14:00:00+00:00,,0.08223319339991586,,False
101990961244800083,rainfall_mm,2026-09-05 15:00:00+00:00,,0.04088027997518317,,False
101990961244800083,rainfall_mm,2026-09-05 16:00:00+00:00,,0.02530642274369068,,False
101990961244800083,rainfall_mm,2026-09-05 17:00:00+00:00,,0.01010606639543212,,False
101990961244800083,rainfall_mm,2026-09-05 18:00:00+00:00,,0.006840150731777435,,False
101990961244800083,rainfall_mm,2026-09-05 19:00:00+00:00,,0.009307463672514985,,False
101990961244800083,rainfall_mm,2026-09-05 20:00:00+00:00,,0.057301038503634855,,False
101990961244800083,rainfall_mm,2026-09-05 21:00:00+00:00,,0.011952344510639108,,False
101990961244800083,rainfall_mm,2026-09-05 22:00:00+00:00,,0.014857311398375496,,False
101990961244800083,rainfall_mm,2026-09-05 23:00:00+00:00,,0.08913850649743058,,False
101990961244800083,rainfall_mm,2026-09-06 00:00:00+00:00,,0.08928459196127735,,False
101990961244800083,rainfall_mm,2026-09-06 01:00:00+00:00,,0.03493750484736818,,False
101990961244800083,rainfall_mm,2026-09-06 02:00:00+00:00,,0.018384275132599177,,False
101990961244800083,rainfall_mm,2026-09-06 03:00:00+00:00,,0.021727312007982388,,False
101990961244800083,rainfall_mm,2026-09-06 04:00:00+00:00,0.0,0.09325671592027064,,False
101990961244800083,rainfall_mm,2026-09-06 05:00:00+00:00,,-0.011865558803334635,0.0,False
101990961244800083,rainfall_mm,2026-09-06 06:00:00+00:00,0.0,-0.0017725773959820679,,False
101990961244800083,rainfall_mm,2026-09-06 07:00:00+00:00,,0.0002136051586862168,0.0,False
101990961244800083,rainfall_mm,2026-09-06 08:00:00+00:00,0.0,0.0005607955388797586,,False
101990961244800083,rainfall_mm,2026-09-06 09:00:00+00:00,0.0,0.0019500878913207328,0.0,True
101990961244800083,rainfall_mm,2026-09-06 10:00:00+00:00,0.0,0.002385134433946271,0.0,True
101990961244800083,rainfall_mm,2026-09-06 11:00:00+00:00,0.0,0.005934689360215141,0.0,True
101990961244800083,rainfall_mm,2026-09-06 12:00:00+00:00,0.0,0.023772567133589148,0.0,True
101990961244800083,rainfall_mm,2026-09-06 13:00:00+00:00,0.0,0.0626454531048072,0.0,True
101990961244800083,rainfall_mm,2026-09-06 14:00:00+00:00,,0.07209623084058774,0.0,False
101990961244800083,rainfall_mm,2026-09-06 15:00:00+00:00,0.0,0.039323492972899075,,False
101990961244800083,rainfall_mm,2026-09-06 16:00:00+00:00,0.0,0.019050604692242137,0.0,True
101990961244800083,rainfall_mm,2026-09-06 17:00:00+00:00,0.0,0.006233440097303226,0.0,True
101990961244800083,rainfall_mm,2026-09-06 18:00:00+00:00,,0.005292936021343836,0.0,False
101990961244800083,rainfall_mm,2026-09-06 19:00:00+00:00,,0.0090705887132646,,False
101990961244800083,rainfall_mm,2026-09-06 20:00:00+00:00,,0.057264773011070365,,False
101990961244800083,rainfall_mm,2026-09-06 21:00:00+00:00,,0.011946788807959435,,False
101990961244800083,rainfall_mm,2026-09-06 22:00:00+00:00,,0.014856434084958745,,False
101990961244800083,rainfall_mm,2026-09-06 23:00:00+00:00,,0.08913819634511641,,False
101990961244800083,rainfall_mm,2026-09-07 00:00:00+00:00,,0.08928339354656763,,False
101990961244800083,rainfall_mm,2026-09-07 01:00:00+00:00,,0.03492978630987877,,False
101990961244800083,rainfall_mm,2026-09-07 02:00:00+00:00,,0.018333876142486025,,False
101990961244800083,rainfall_mm,2026-09-07 03:00:00+00:00,,0.021398120063630552,,False
101990961244800083,rainfall_mm,2026-09-07 04:00:00+00:00,,0.09110213329559061,,False
101990961244800083,rainfall_mm,2026-09-07 05:00:00+00:00,,0.002086730860215944,,False
101990961244800083,rainfall_mm,2026-09-07 06:00:00+00:00,,0.00039609710990281324,,False
101990961244800083,rainfall_mm,2026-09-07 07:00:00+00:00,,0.00027286574638014054,,False
101990961244800083,rainfall_mm,2026-09-07 08:00:00+00:00,,0.0005606547955689074,,False
101990961244800083,rainfall_mm,2026-09-07 09:00:00+00:00,,0.0020032589538288405,,False
101990961244800083,rainfall_mm,2026-09-07 10:00:00+00:00,,0.002653150791682687,,False
101990961244800083,rainfall_mm,2026-09-07 11:00:00+00:00,,0.006246497388534529,,False
101990961244800083,rainfall_mm,2026-09-07 12:00:00+00:00,,0.024358408761453204,,False
101990961244800083,rainfall_mm,2026-09-07 13:00:00+00:00,,0.06536170067525826,,False
101990961244800083,rainfall_mm,2026-09-07 14:00:00+00:00,0.0,0.08201097807117291,,False
101990961244800083,rainfall_mm,2026-09-07 15:00:00+00:00,0.0,0.027675345939601578,0.0,True
101990961244800083,rainfall_mm,2026-09-07 16:00:00+00:00,0.0,0.01875553307875863,0.0,True
101990961244800083,rainfall_mm,2026-09-07 17:00:00+00:00,0.0,0.006138038670646576,0.0,True
101990961244800083,rainfall_mm,2026-09-07 18:00:00+00:00,,0.005292936021403314,0.0,False
101990961244800083,rainfall_mm,2026-09-07 19:00:00+00:00,,0.009070588713645805,,False
101990961244800083,rainfall_mm,2026-09-07 20:00:00+00:00,,0.05726477301424413,,False
101990961244800083,rainfall_mm,2026-09-07 21:00:00+00:00,,0.011946788804426324,,False
101990961244800083,rainfall_mm,2026-09-07 22:00:00+00:00,,0.014856434058216085,,False
101990961244800083,rainfall_mm,2026-09-07 23:00:00+00:00,,0.08913819616987789,,False
101990961244800083,rainfall_mm,2026-09-08 00:00:00+00:00,,0.08928339240186216,,False
101990961244800083,rainfall_mm,2026-09-08 01:00:00+00:00,,0.03492977883290106,,False
101990961244800083,rainfall_mm,2026-09-08 02:00:00+00:00,,0.018333827304508752,,False
101990961244800083,rainfall_mm,2026-09-08 03:00:00+00:00,,0.021397801064695535,,False
101990961244800083,rainfall_mm,2026-09-08 04:00:00+00:00,,0.09110004966465156,,False
101990961244800083,rainfall_mm,2026-09-08 05:00:00+00:00,,0.002086417755160066,,False
101990961244800083,rainfall_mm,2026-09-08 06:00:00+00:00,0.0,0.0003960876717851086,,False
101990961244800083,rainfall_mm,2026-09-08 07:00:00+00:00,,0.00021227774656380627,0.0,False
101990961244800083,rainfall_mm,2026-09-08 08:00:00+00:00,,0.0005513602960473789,,False
101990961244800083,rainfall_mm,2026-09-08 09:00:00+00:00,,0.0020016900597491327,,False
101990961244800083,rainfall_mm,2026-09-08 10:00:00+00:00,,0.0026521834787900573,,False
101990961244800083,rainfall_mm,2026-09-08 11:00:00+00:00,,0.006241816788216171,,False
101990961244800083,rainfall_mm,2026-09-08 12:00:00+00:00,,0.024328426245127426,,False
101990961244800083,rainfall_mm,2026-09-08 13:00:00+00:00,,0.06516680060529786,,False
101990961244800083,rainfall_mm,2026-09-08 14:00:00+00:00,,0.08067860609683171,,False
101990961244800083,rainfall_mm,2026-09-08 15:00:00+00:00,,0.039582314162250415,,False
101990961244800083,rainfall_mm,2026-09-08 16:00:00+00:00,,0.024523120402531712,,False
101990961244800083,rainfall_mm,2026-09-08 17:00:00+00:00,,0.00979713145206857,,False
101990961244800083,rainfall_mm,2026-09-08 18:00:00+00:00,,0.00679285351683066,,False
101990961244800083,rainfall_mm,2026-09-08 19:00:00+00:00,,0.009300222510439287,,False
101990961244800083,rainfall_mm,2026-09-08 20:00:00+00:00,,0.05729992940165936,,False
101990961244800083,rainfall_mm,2026-09-08 21:00:00+00:00,,0.011952171163301684,,False
101990961244800083,rainfall_mm,2026-09-08 22:00:00+00:00,,0.014857258082454096,,False
101990961244800083,rainfall_mm,2026-09-08 23:00:00+00:00,,0.08913832231238139,,False
101990961244800083,rainfall_mm,2026-09-09 00:00:00+00:00,,0.08928341162485984,,False
101990961244800083,rainfall_mm,2026-09-09 01:00:00+00:00,,0.03492978119379331,,False
101990961244800083,rainfall_mm,2026-09-09 02:00:00+00:00,,0.018333823863787325,,False
101990961244800083,rainfall_mm,2026-09-09 03:00:00+00:00,,0.021397775703000874,,False
101990961244800083,rainfall_mm,2026-09-09 04:00:00+00:00,,0.09109988356513246,,False
101990961244800083,rainfall_mm,2026-09-09 05:00:00+00:00,,0.0020853337010527813,,False
101990961244800083,rainfall_mm,2026-09-09 06:00:00+00:00,,0.00038865012202040077,,False
101990961244800083,rainfall_mm,2026-09-09 07:00:00+00:00,,0.0002717791512443035,,False
101990961244800083,rainfall_mm,2026-09-09 08:00:00+00:00,,0.000560469796491352,,False
101990961244800083,rainfall_mm,2026-09-09 09:00:00+00:00,,0.002003084552014921,,False
101990961244800083,rainfall_mm,2026-09-09 10:00:00+00:00,,0.0026523959834880914,,False
101990961244800083,rainfall_mm,2026-09-09 11:00:00+00:00,,0.0062418428589380605,,False
101990961244800083,rainfall_mm,2026-09-09 12:00:00+00:00,,0.024328388012307495,,False
101990961244800083,rainfall_mm,2026-09-09 13:00:00+00:00,,0.06516651890512479,,False
101990961244800083,rainfall_mm,2026-09-09 14:00:00+00:00,,0.0806767609914373,,False
101990961244800083,rainfall_mm,2026-09-09 15:00:00+00:00,,0.0395814088821637,,False
101990961244800083,rainfall_mm,2026-09-09 16:00:00+00:00,,0.024522559530217876,,False
101990961244800083,rainfall_mm,2026-09-09 17:00:00+00:00,,0.009796907379588809,,False
101990961244800083,rainfall_mm,2026-09-09 18:00:00+00:00,,0.00679281921186759,,False
101990961244800083,rainfall_mm,2026-09-09 19:00:00+00:00,,0.009300217258431122,,False
101990961244800083,rainfall_mm,2026-09-09 20:00:00+00:00,,0.05729992859758935,,False
101990961244800083,rainfall_mm,2026-09-09 21:00:00+00:00,,0.01195217104020008,,False
101990961244800083,rainfall_mm,2026-09-09 22:00:00+00:00,,0.014857258063604913,,False
101990961244800083,rainfall_mm,2026-09-09 23:00:00+00:00,,0.08913832230947852,,False
101990961244800083,rainfall_mm,2026-09-10 00:00:00+00:00,,0.08928341162430363,,False
101990961244800083,rainfall_mm,2026-09-10 01:00:00+00:00,,0.034929781192978036,,False
101990961244800083,rainfall_mm,2026-09-10 02:00:00+00:00,,0.01833382385889354,,False
101990961244800083,rainfall_mm,2026-09-10 03:00:00+00:00,,0.02139777567110178,,False
101990961244800083,rainfall_mm,2026-09-10 04:00:00+00:00,,0.09109988335678469,,False
101990961244800083,rainfall_mm,2026-09-10 05:00:00+00:00,,0.0020853323401794333,,False
101990961244800083,rainfall_mm,2026-09-10 06:00:00+00:00,,0.00038864123309606427,,False
101990961244800083,rainfall_mm,2026-09-10 07:00:00+00:00,,0.000271777790371235,,False
101990961244800083,rainfall_mm,2026-09-10 08:00:00+00:00,,0.0005604695881454502,,False
101990961244800083,rainfall_mm,2026-09-10 09:00:00+00:00,,0.0020030845201211033,,False
101990961244800083,rainfall_mm,2026-09-10 10:00:00+00:00,,0.0026523959786278377,,False
101990961244800083,rainfall_mm,2026-09-10 11:00:00+00:00,,0.00624184285834179,,False
101990961244800083,rainfall_mm,2026-09-10 12:00:00+00:00,,0.024328388013181927,,False
101990961244800083,rainfall_mm,2026-09-10 13:00:00+00:00,,0.06516651891156763,,False
101990961244800083,rainfall_mm,2026-09-10 14:00:00+00:00,,0.0806767610336372,,False
101990961244800083,rainfall_mm,2026-09-10 15:00:00+00:00,,0.03958140890286861,,False
101990961244800083,rainfall_mm,2026-09-10 16:00:00+00:00,,0.024522559543045743,,False
101990961244800083,rainfall_mm,2026-09-10 17:00:00+00:00,,0.009796907384713633,,False
101990961244800083,rainfall_mm,2026-09-10 18:00:00+00:00,,0.006792819212652188,,False
101990961244800083,rainfall_mm,2026-09-10 19:00:00+00:00,,0.009300217258551242,,False
101990961244800083,rainfall_mm,2026-09-10 20:00:00+00:00,,0.05729992859760774,,False
101990961244800083,rainfall_mm,2026-09-10 21:00:00+00:00,,0.011952171040202896,,False
101990961244800083,rainfall_mm,2026-09-10 22:00:00+00:00,,0.014857258063605345,,False
101990961244800083,rainfall_mm,2026-09-10 23:00:00+00:00,,0.08913832230947859,,False
101990961244800083,rainfall_mm,2026-09-11 00:00:00+00:00,,0.08928341162430364,,False
101990961244800083,rainfall_mm,2026-09-11 01:00:00+00:00,,0.03492978119297806,,False
101990961244800083,rainfall_mm,2026-09-11 02:00:00+00:00,,0.01833382385889365,,False
101990961244800083,rainfall_mm,2026-09-11 03:00:00+00:00,,0.021397775671102508,,False
101990961244800083,rainfall_mm,2026-09-11 04:00:00+00:00,,0.09109988335678945,,False
101990961244800083,rainfall_mm,2026-09-11 05:00:00+00:00,,0.002085332340210558,,False
101990961244800083,rainfall_mm,2026-09-11 06:00:00+00:00,,0.0003886412332993653,,False
101990961244800083,rainfall_mm,2026-09-11 07:00:00+00:00,,0.0002717777904023599,,False
101990961244800083,rainfall_mm,2026-09-11 08:00:00+00:00,,0.0005604695881502153,,False
101990961244800083,rainfall_mm,2026-09-11 09:00:00+00:00,,0.002003084520121833,,False
101990961244800083,rainfall_mm,2026-09-11 10:00:00+00:00,,0.0026523959786279487,,False
101990961244800083,rainfall_mm,2026-09-11 11:00:00+00:00,,0.006241842858341804,,False
101990961244800083,rainfall_mm,2026-09-11 12:00:00+00:00,,0.024328388013181906,,False
101990961244800083,rainfall_mm,2026-09-11 13:00:00+00:00,,0.06516651891156748,,False
101990961244800083,rainfall_mm,2026-09-11 14:00:00+00:00,,0.08067676103363623,,False
101990961244800083,rainfall_mm,2026-09-11 15:00:00+00:00,,0.03958140890286814,,False
101990961244800083,rainfall_mm,2026-09-11 16:00:00+00:00,,0.024522559543045448,,False
101990961244800083,rainfall_mm,2026-09-11 17:00:00+00:00,,0.009796907384713515,,False
101990961244800083,rainfall_mm,2026-09-11 18:00:00+00:00,,0.00679281921265217,,False
101990961244800083,rainfall_mm,2026-09-11 19:00:00+00:00,,0.009300217258551239,,False
101990961244800083,rainfall_mm,2026-09-11 20:00:00+00:00,,0.05729992859760774,,False
101990961244800083,rainfall_mm,2026-09-11 21:00:00+00:00,,0.011952171040202896,,False
101990961244800083,rainfall_mm,2026-09-11 22:00:00+00:00,,0.014857258063605345,,False
101990961244800083,rainfall_mm,2026-09-11 23:00:00+00:00,,0.08913832230947859,,False
101990961244800083,rainfall_mm,2026-09-12 00:00:00+00:00,,0.08928341162430364,,False
101990961244800083,rainfall_mm,2026-09-12 01:00:00+00:00,,0.03492978119297806,,False
101990961244800083,rainfall_mm,2026-09-12 02:00:00+00:00,,0.01833382385889365,,False
101990961244800083,rainfall_mm,2026-09-12 03:00:00+00:00,,0.021397775671102508,,False
101990961244800083,rainfall_mm,2026-09-12 04:00:00+00:00,,0.09109988335678945,,False
101990961244800083,rainfall_mm,2026-09-12 05:00:00+00:00,,0.0020853323402105573,,False
101990961244800083,rainfall_mm,2026-09-12 06:00:00+00:00,,0.00038864123329936063,,False
101990961244800083,rainfall_mm,2026-09-12 07:00:00+00:00,,0.0002717777904023592,,False
101990961244800083,rainfall_mm,2026-09-12 08:00:00+00:00,,0.0005604695881502152,,False
101990961244800083,rainfall_mm,2026-09-12 09:00:00+00:00,,0.002003084520121833,,False
101990961244800083,rainfall_mm,2026-09-12 10:00:00+00:00,,0.0026523959786279487,,False
101990961244800083,rainfall_mm,2026-09-12 11:00:00+00:00,,0.006241842858341804,,False
101990961244800083,rainfall_mm,2026-09-12 12:00:00+00:00,,0.024328388013181906,,False
101990961244800083,rainfall_mm,2026-09-12 13:00:00+00:00,,0.06516651891156748,,False
101990961244800083,rainfall_mm,2026-09-12 14:00:00+00:00,,0.08067676103363623,,False
101990961244800083,rainfall_mm,2026-09-12 15:00:00+00:00,,0.03958140890286814,,False
101990961244800083,rainfall_mm,2026-09-12 16:00:00+00:00,,0.024522559543045448,,False
101990961244800083,rainfall_mm,2026-09-12 17:00:00+00:00,,0.009796907384713515,,False
101990961244800083,rainfall_mm,2026-09-12 18:00:00+00:00,,0.00679281921265217,,False
101990961244800083,rainfall_mm,2026-09-12 19:00:00+00:00,,0.009300217258551239,,False
101990961244800083,rainfall_mm,2026-09-12 20:00:00+00:00,,0.05729992859760774,,False
101990961244800083,rainfall_mm,2026-09-12 21:00:00+00:00,,0.011952171040202896,,False
101990961244800083,rainfall_mm,2026-09-12 22:00:00+00:00,,0.014857258063605345,,False
101990961244800083,rainfall_mm,2026-09-12 23:00:00+00:00,,0.08913832230947859,,False
101990961244800083,rainfall_mm,2026-09-13 00:00:00+00:00,,0.08928341162430364,,False
101990961244800083,rainfall_mm,2026-09-13 01:00:00+00:00,,0.03492978119297806,,False
101990961244800083,rainfall_mm,2026-09-13 02:00:00+00:00,,0.01833382385889365,,False
101990961244800083,rainfall_mm,2026-09-13 03:00:00+00:00,,0.021397775671102508,,False
101990961244800083,rainfall_mm,2026-09-13 04:00:00+00:00,,0.09109988335678945,,False
101990961244800083,rainfall_mm,2026-09-13 05:00:00+00:00,,0.0020853323402105573,,False
101990961244800083,rainfall_mm,2026-09-13 06:00:00+00:00,,0.00038864123329936063,,False
101990961244800083,rainfall_mm,2026-09-13 07:00:00+00:00,,0.0002717777904023592,,False
101990961244800083,rainfall_mm,2026-09-13 08:00:00+00:00,,0.0005604695881502152,,False
101990961244800083,rainfall_mm,2026-09-13 09:00:00+00:00,,0.002003084520121833,,False
101990961244800083,rainfall_mm,2026-09-13 10:00:00+00:00,,0.0026523959786279487,,False
101990961244800083,rainfall_mm,2026-09-13 11:00:00+00:00,,0.006241842858341804,,False
101990961244800083,rainfall_mm,2026-09-13 12:00:00+00:00,,0.024328388013181906,,False
101990961244800083,rainfall_mm,2026-09-13 13:00:00+00:00,,0.06516651891156748,,False
101990961244800083,rainfall_mm,2026-09-13 14:00:00+00:00,,0.08067676103363623,,False
101990961244800083,rainfall_mm,2026-09-13 15:00:00+00:00,,0.03958140890286814,,False
101990961244800083,rainfall_mm,2026-09-13 16:00:00+00:00,,0.024522559543045448,,False
101990961244800083,rainfall_mm,2026-09-13 17:00:00+00:00,,0.009796907384713515,,False
101990961244800083,rainfall_mm,2026-09-13 18:00:00+00:00,,0.00679281921265217,,False
101990961244800083,rainfall_mm,2026-09-13 19:00:00+00:00,,0.009300217258551239,,False
101990961244800083,rainfall_mm,2026-09-13 20:00:00+00:00,,0.05729992859760774,,False
101990961244800083,rainfall_mm,2026-09-13 21:00:00+00:00,,0.011952171040202896,,False
101990961244800083,rainfall_mm,2026-09-13 22:00:00+00:00,,0.014857258063605345,,False
101990961244800083,rainfall_mm,2026-09-13 23:00:00+00:00,,0.08913832230947859,,False
101990961244800083,rainfall_mm,2026-09-14 00:00:00+00:00,,0.08928341162430364,,False
101990961244800083,rainfall_mm,2026-09-14 01:00:00+00:00,,0.03492978119297806,,False
101990961244800083,rainfall_mm,2026-09-14 02:00:00+00:00,,0.01833382385889365,,False
101990961244800083,rainfall_mm,2026-09-14 03:00:00+00:00,,0.021397775671102508,,False
101990961244800083,rainfall_mm,2026-09-14 04:00:00+00:00,,0.09109988335678945,,False
101990961244800083,rainfall_mm,2026-09-14 05:00:00+00:00,,0.0020853323402105573,,False
101990961244800083,rainfall_mm,2026-09-14 06:00:00+00:00,,0.00038864123329936063,,False
101990961244800083,rainfall_mm,2026-09-14 07:00:00+00:00,,0.0002717777904023592,,False
101990961244800083,rainfall_mm,2026-09-14 08:00:00+00:00,,0.0005604695881502152,,False
101990961244800083,rainfall_mm,2026-09-14 09:00:00+00:00,,0.002003084520121833,,False
101990961244800083,rainfall_mm,2026-09-14 10:00:00+00:00,,0.0026523959786279487,,False
101990961244800083,rainfall_mm,2026-09-14 11:00:00+00:00,,0.006241842858341804,,False
101990961244800083,rainfall_mm,2026-09-14 12:00:00+00:00,,0.024328388013181906,,False
101990961244800083,rainfall_mm,2026-09-14 13:00:00+00:00,,0.06516651891156748,,False
101990961244800083,rainfall_mm,2026-09-14 14:00:00+00:00,,0.08067676103363623,,False
101990961244800083,rainfall_mm,2026-09-14 15:00:00+00:00,0.0,0.03958140890286814,,False
101990961244800083,rainfall_mm,2026-09-14 16:00:00+00:00,,0.01846584680481512,0.0,False
101990961244800083,rainfall_mm,2026-09-14 17:00:00+00:00,0.0,0.008870038289999209,,False
