device_id,variable,timestamp,actual,predicted,naive,used_for_metrics
101990961244800083,air_temperature,2026-07-16 15:00:00+00:00,23.366666666666664,22.959251755352575,25.225,True
101990961244800083,air_temperature,2026-07-16 16:00:00+00:00,22.525,21.032469111202666,23.366666666666664,True
101990961244800083,air_temperature,2026-07-16 17:00:00+00:00,21.23333333333333,21.643473758660377,22.525,True
101990961244800083,air_temperature,2026-07-16 18:00:00+00:00,21.025,20.702516186146255,21.23333333333333,True
101990961244800083,air_temperature,2026-07-16 19:00:00+00:00,20.9,20.559522046455967,21.025,True
101990961244800083,air_temperature,2026-07-16 20:00:00+00:00,20.75,20.549410245701093,20.9,True
101990961244800083,air_temperature,2026-07-16 21:00:00+00:00,20.2,20.50085865967235,20.75,True
101990961244800083,air_temperature,2026-07-16 22:00:00+00:00,,20.05054419573127,20.2,False
101990961244800083,air_temperature,2026-07-16 23:00:00+00:00,,19.77129178697706,,False
101990961244800083,air_temperature,2026-07-17 00:00:00+00:00,,19.607893202382318,,False
101990961244800083,air_temperature,2026-07-17 01:00:00+00:00,,19.525623753470523,,False
101990961244800083,air_temperature,2026-07-17 02:00:00+00:00,,19.374942839838607,,False
101990961244800083,air_temperature,2026-07-17 03:00:00+00:00,,19.145221119368003,,False
101990961244800083,air_temperature,2026-07-17 04:00:00+00:00,19.15,19.68672611596641,,False
101990961244800083,air_temperature,2026-07-17 05:00:00+00:00,20.933333333333334,20.698476266297487,19.15,True
101990961244800083,air_temperature,2026-07-17 06:00:00+00:00,23.15,23.385782948568064,20.933333333333334,True
101990961244800083,air_temperature,2026-07-17 07:00:00+00:00,25.44,25.41222072276352,23.15,True
101990961244800083,air_temperature,2026-07-17 08:00:00+00:00,27.25,27.066306000453608,25.44,True
101990961244800083,air_temperature,2026-07-17 09:00:00+00:00,28.34,28.06527488138359,27.25,True
101990961244800083,air_temperature,2026-07-17 10:00:00+00:00,28.416666666666668,28.987495200193518,28.34,True
101990961244800083,air_temperature,2026-07-17 11:00:00+00:00,29.275,28.9268881279616,28.416666666666668,True
101990961244800083,air_temperature,2026-07-17 12:00:00+00:00,28.72,29.07279423592228,29.275,True
101990961244800083,air_temperature,2026-07-17 13:00:00+00:00,29.03333333333333,27.908731849810824,28.72,True
101990961244800083,air_temperature,2026-07-17 14:00:00+00:00,27.225,27.09368494661397,29.03333333333333,True
101990961244800083,air_temperature,2026-07-17 15:00:00+00:00,25.54,24.69441126949675,27.225,True
101990961244800083,air_temperature,2026-07-17 16:00:00+00:00,23.516666666666666,23.000127741203006,25.54,True
101990961244800083,air_temperature,2026-07-17 17:00:00+00:00,22.933333333333334,22.43489307813819,23.516666666666666,True
101990961244800083,air_temperature,2026-07-17 18:00:00+00:00,21.95,22.199756759831622,22.933333333333334,True
101990961244800083,air_temperature,2026-07-17 19:00:00+00:00,20.85,21.3855733025487,21.95,True
101990961244800083,air_temperature,2026-07-17 20:00:00+00:00,19.55,20.503955516011747,20.85,True
101990961244800083,air_temperature,2026-07-17 21:00:00+00:00,,19.432594847079745,19.55,False
101990961244800083,air_temperature,2026-07-17 22:00:00+00:00,,19.397540133006782,,False
101990961244800083,air_temperature,2026-07-17 23:00:00+00:00,,19.216014796838483,,False
101990961244800083,air_temperature,2026-07-18 00:00:00+00:00,,19.136165132987767,,False
101990961244800083,air_temperature,2026-07-18 01:00:00+00:00,,19.125399570175198,,False
101990961244800083,air_temperature,2026-07-18 02:00:00+00:00,,19.036003743274577,,False
101990961244800083,air_temperature,2026-07-18 03:00:00+00:00,,18.858913083191275,,False
101990961244800083,air_temperature,2026-07-18 04:00:00+00:00,,19.445737429388913,,False
101990961244800083,air_temperature,2026-07-18 05:00:00+00:00,,20.99280479267907,,False
101990961244800083,air_temperature,2026-07-18 06:00:00+00:00,20.175,23.381344799917464,,False
101990961244800083,air_temperature,2026-07-18 07:00:00+00:00,23.175,22.87248715015183,20.175,True
101990961244800083,air_temperature,2026-07-18 08:00:00+00:00,24.875,25.13747189670841,23.175,True
101990961244800083,air_temperature,2026-07-18 09:00:00+00:00,23.94,26.0833699908546,24.875,True
101990961244800083,air_temperature,2026-07-18 10:00:00+00:00,24.216666666666665,25.17555476691807,23.94,True
101990961244800083,air_temperature,2026-07-18 11:00:00+00:00,25.85,25.35821960607998,24.216666666666665,True
101990961244800083,air_temperature,2026-07-18 12:00:00+00:00,25.95,26.093023258936363,25.85,True
101990961244800083,air_temperature,2026-07-18 13:00:00+00:00,26.214285714285715,25.717657988406117,25.95,True
101990961244800083,air_temperature,2026-07-18 14:00:00+00:00,25.5625,24.7778021991581,26.214285714285715,True
101990961244800083,air_temperature,2026-07-18 15:00:00+00:00,19.96,23.362328111639943,25.5625,True
101990961244800083,air_temperature,2026-07-18 16:00:00+00:00,17.03333333333333,18.227986769774397,19.96,True
101990961244800083,air_temperature,2026-07-18 17:00:00+00:00,17.625,16.992357481593366,17.03333333333333,True
101990961244800083,air_temperature,2026-07-18 18:00:00+00:00,17.3,17.626694820552895,17.625,True
101990961244800083,air_temperature,2026-07-18 19:00:00+00:00,17.4,17.33563255984317,17.3,True
101990961244800083,air_temperature,2026-07-18 20:00:00+00:00,17.033333333333335,17.429267806078858,17.4,True
101990961244800083,air_temperature,2026-07-18 21:00:00+00:00,,17.274686142018922,17.033333333333335,False
101990961244800083,air_temperature,2026-07-18 22:00:00+00:00,,17.52944077855012,,False
101990961244800083,air_temperature,2026-07-18 23:00:00+00:00,,17.59002719839363,,False
101990961244800083,air_temperature,2026-07-19 00:00:00+00:00,,17.71077345753828,,False
101990961244800083,air_temperature,2026-07-19 01:00:00+00:00,,17.86420973833645,,False
101990961244800083,air_temperature,2026-07-19 02:00:00+00:00,,17.90681418803895,,False
101990961244800083,air_temperature,2026-07-19 03:00:00+00:00,,17.832892559484264,,False
101990961244800083,air_temperature,2026-07-19 04:00:00+00:00,18.85,18.496688880689533,,False
101990961244800083,air_temperature,2026-07-19 05:00:00+00:00,20.15,20.37311148757378,18.85,True
101990961244800083,air_temperature,2026-07-19 06:00:00+00:00,23.21666666666667,22.557147002416883,20.15,True
101990961244800083,air_temperature,2026-07-19 07:00:00+00:00,24.066666666666663,25.502159628629315,23.21666666666667,True
101990961244800083,air_temperature,2026-07-19 08:00:00+00:00,26.3,25.853803318053977,24.066666666666663,True
101990961244800083,air_temperature,2026-07-19 09:00:00+00:00,27.275,27.012298537925478,26.3,True
101990961244800083,air_temperature,2026-07-19 10:00:00+00:00,28.44,27.926770833883335,27.275,True
101990961244800083,air_temperature,2026-07-19 11:00:00+00:00,29.2,29.001019965411004,28.44,True
101990961244800083,air_temperature,2026-07-19 12:00:00+00:00,29.5,28.947856286217412,29.2,True
101990961244800083,air_temperature,2026-07-19 13:00:00+00:00,29.360000000000003,28.750778465602988,29.5,True
101990961244800083,air_temperature,2026-07-19 14:00:00+00:00,28.46666666666667,27.556489550065717,29.360000000000003,True
101990961244800083,air_temperature,2026-07-19 15:00:00+00:00,23.94,25.362004027924257,28.46666666666667,True
101990961244800083,air_temperature,2026-07-19 16:00:00+00:00,19.775,21.438163498750065,23.94,True
101990961244800083,air_temperature,2026-07-19 17:00:00+00:00,19.83333333333333,19.385416657554273,19.775,True
101990961244800083,air_temperature,2026-07-19 18:00:00+00:00,19.55,19.479559714334307,19.83333333333333,True
101990961244800083,air_temperature,2026-07-19 19:00:00+00:00,19.25,19.288315186930674,19.55,True
101990961244800083,air_temperature,2026-07-19 20:00:00+00:00,19.133333333333333,19.004100696741325,19.25,True
101990961244800083,air_temperature,2026-07-19 21:00:00+00:00,19.366666666666667,19.081200392316653,19.133333333333333,True
101990961244800083,air_temperature,2026-07-19 22:00:00+00:00,,19.331015688019114,19.366666666666667,False
101990961244800083,air_temperature,2026-07-19 23:00:00+00:00,,19.14719628150004,,False
101990961244800083,air_temperature,2026-07-20 00:00:00+00:00,,19.06329572948748,,False
101990961244800083,air_temperature,2026-07-20 01:00:00+00:00,,19.0466191079981,,False
101990961244800083,air_temperature,2026-07-20 02:00:00+00:00,,18.949300745426758,,False
101990961244800083,air_temperature,2026-07-20 03:00:00+00:00,,18.76207378904409,,False
101990961244800083,air_temperature,2026-07-20 04:00:00+00:00,,19.33629031128236,,False
101990961244800083,air_temperature,2026-07-20 05:00:00+00:00,20.64,20.795352712924085,,False
101990961244800083,air_temperature,2026-07-20 06:00:00+00:00,22.12,23.110210167925743,20.64,True
101990961244800083,air_temperature,2026-07-20 07:00:00+00:00,23.23333333333333,24.369397840070498,22.12,True
101990961244800083,air_temperature,2026-07-20 08:00:00+00:00,25.775,25.212899459411283,23.23333333333333,True
101990961244800083,air_temperature,2026-07-20 09:00:00+00:00,26.5,26.707324033160507,25.775,True
101990961244800083,air_temperature,2026-07-20 10:00:00+00:00,27.44,27.382164706889995,26.5,True
101990961244800083,air_temperature,2026-07-20 11:00:00+00:00,28.6,28.147315903590425,27.44,True
101990961244800083,air_temperature,2026-07-20 12:00:00+00:00,28.675,28.51460673043824,28.6,True
101990961244800083,air_temperature,2026-07-20 13:00:00+00:00,28.28333333333333,28.095819291801206,28.675,True
101990961244800083,air_temperature,2026-07-20 14:00:00+00:00,25.71666666666667,26.713553569462267,28.28333333333333,True
101990961244800083,air_temperature,2026-07-20 15:00:00+00:00,23.75,23.009860147437042,25.71666666666667,True
101990961244800083,air_temperature,2026-07-20 16:00:00+00:00,22.666666666666668,21.125235546725676,23.75,True
101990961244800083,air_temperature,2026-07-20 17:00:00+00:00,18.58,21.873253677593127,22.666666666666668,True
101990961244800083,air_temperature,2026-07-20 18:00:00+00:00,17.583333333333332,18.437563044081955,18.58,True
101990961244800083,air_temperature,2026-07-20 19:00:00+00:00,17.55,17.605212157002978,17.583333333333332,True
101990961244800083,air_temperature,2026-07-20 20:00:00+00:00,17.619999999999997,17.59453824561271,17.55,True
101990961244800083,air_temperature,2026-07-20 21:00:00+00:00,17.9,17.831761084015035,17.619999999999997,True
101990961244800083,air_temperature,2026-07-20 22:00:00+00:00,,18.077888797663157,17.9,False
101990961244800083,air_temperature,2026-07-20 23:00:00+00:00,,18.075613461591168,,False
101990961244800083,air_temperature,2026-07-21 00:00:00+00:00,,18.145896586732963,,False
101990961244800083,air_temperature,2026-07-21 01:00:00+00:00,,18.25997997211821,,False
101990961244800083,air_temperature,2026-07-21 02:00:00+00:00,,18.273336604470575,,False
101990961244800083,air_temperature,2026-07-21 03:00:00+00:00,,18.17952546122135,,False
101990961244800083,air_temperature,2026-07-21 04:00:00+00:00,19.2,18.832283761243897,,False
101990961244800083,air_temperature,2026-07-21 05:00:00+00:00,20.7875,20.685416168357687,19.2,True
101990961244800083,air_temperature,2026-07-21 06:00:00+00:00,23.82,23.076851704852217,20.7875,True
101990961244800083,air_temperature,2026-07-21 07:00:00+00:00,26.075,25.747189062597226,23.82,True
101990961244800083,air_temperature,2026-07-21 08:00:00+00:00,28.34,27.684310977713444,26.075,True
101990961244800083,air_temperature,2026-07-21 09:00:00+00:00,28.925,28.86049665181315,28.34,True
101990961244800083,air_temperature,2026-07-21 10:00:00+00:00,29.84,29.433300632396392,28.925,True
101990961244800083,air_temperature,2026-07-21 11:00:00+00:00,30.175,30.238694248934504,29.84,True
101990961244800083,air_temperature,2026-07-21 12:00:00+00:00,29.18,29.849649163023276,30.175,True
101990961244800083,air_temperature,2026-07-21 13:00:00+00:00,23.3,28.517074319112282,29.18,True
101990961244800083,air_temperature,2026-07-21 14:00:00+00:00,18.685714285714287,22.290392441699066,23.3,True
101990961244800083,air_temperature,2026-07-21 15:00:00+00:00,19.04,17.193095220812822,18.685714285714287,True
101990961244800083,air_temperature,2026-07-21 16:00:00+00:00,18.96,17.3938683060925,19.04,True
101990961244800083,air_temperature,2026-07-21 17:00:00+00:00,19.425,18.272035551655776,18.96,True
101990961244800083,air_temperature,2026-07-21 18:00:00+00:00,19.7,19.047037674412426,19.425,True
101990961244800083,air_temperature,2026-07-21 19:00:00+00:00,20.225,19.404452393768207,19.7,True
101990961244800083,air_temperature,2026-07-21 20:00:00+00:00,20.08,19.87281771584753,20.225,True
101990961244800083,air_temperature,2026-07-21 21:00:00+00:00,20.0,19.92329002327493,20.08,True
101990961244800083,air_temperature,2026-07-21 22:00:00+00:00,,19.87412468873825,20.0,False
101990961244800083,air_temperature,2026-07-21 23:00:00+00:00,,19.613948012352438,,False
101990961244800083,air_temperature,2026-07-22 00:00:00+00:00,,19.46560762920983,,False
101990961244800083,air_temperature,2026-07-22 01:00:00+00:00,,19.394763296309673,,False
101990961244800083,air_temperature,2026-07-22 02:00:00+00:00,,19.25216627941095,,False
101990961244800083,air_temperature,2026-07-22 03:00:00+00:00,,19.027393640011546,,False
101990961244800083,air_temperature,2026-07-22 04:00:00+00:00,19.6,19.57083885015227,,False
101990961244800083,air_temperature,2026-07-22 05:00:00+00:00,20.38,21.04365508218727,19.6,True
101990961244800083,air_temperature,2026-07-22 06:00:00+00:00,22.925,22.874456456128065,20.38,True
101990961244800083,air_temperature,2026-07-22 07:00:00+00:00,25.475,25.088352216850907,22.925,True
101990961244800083,air_temperature,2026-07-22 08:00:00+00:00,27.1,27.22557921008788,25.475,True
101990961244800083,air_temperature,2026-07-22 09:00:00+00:00,27.875,27.82183549963416,27.1,True
101990961244800083,air_temperature,2026-07-22 10:00:00+00:00,28.875,28.58530187491969,27.875,True
101990961244800083,air_temperature,2026-07-22 11:00:00+00:00,29.728571428571428,29.384130114426245,28.875,True
101990961244800083,air_temperature,2026-07-22 12:00:00+00:00,30.0,29.374698250419147,29.728571428571428,True
101990961244800083,air_temperature,2026-07-22 13:00:00+00:00,28.875,28.54558970621055,30.0,True
101990961244800083,air_temperature,2026-07-22 14:00:00+00:00,17.833333333333332,26.635775701936197,28.875,True
101990961244800083,air_temperature,2026-07-22 15:00:00+00:00,18.4,16.666865315092966,17.833333333333332,True
101990961244800083,air_temperature,2026-07-22 16:00:00+00:00,18.1,16.97204480174712,18.4,True
101990961244800083,air_temperature,2026-07-22 17:00:00+00:00,18.27142857142857,17.85221800028157,18.1,True
101990961244800083,air_temperature,2026-07-22 18:00:00+00:00,18.5,18.190005492799852,18.27142857142857,True
101990961244800083,air_temperature,2026-07-22 19:00:00+00:00,18.26,18.488285364869565,18.5,True
101990961244800083,air_temperature,2026-07-22 20:00:00+00:00,18.58,18.222367797069932,18.26,True
101990961244800083,air_temperature,2026-07-22 21:00:00+00:00,,18.65080245069856,18.58,False
101990961244800083,air_temperature,2026-07-22 22:00:00+00:00,,18.72286149837789,,False
101990961244800083,air_temperature,2026-07-22 23:00:00+00:00,,18.631225651236704,,False
101990961244800083,air_temperature,2026-07-23 00:00:00+00:00,,18.626335091812447,,False
101990961244800083,air_temperature,2026-07-23 01:00:00+00:00,,18.677512373792478,,False
101990961244800083,air_temperature,2026-07-23 02:00:00+00:00,,18.638623627454443,,False
101990961244800083,air_temperature,2026-07-23 03:00:00+00:00,,18.501893865254466,,False
101990961244800083,air_temperature,2026-07-23 04:00:00+00:00,19.5,19.119966372573217,,False
101990961244800083,air_temperature,2026-07-23 05:00:00+00:00,20.26,20.863511651780076,19.5,True
101990961244800083,air_temperature,2026-07-23 06:00:00+00:00,22.35,22.74362646231902,20.26,True
101990961244800083,air_temperature,2026-07-23 07:00:00+00:00,24.96,24.633995436817735,22.35,True
101990961244800083,air_temperature,2026-07-23 08:00:00+00:00,26.660000000000004,26.73525856866731,24.96,True
101990961244800083,air_temperature,2026-07-23 09:00:00+00:00,27.880000000000003,27.450771140330954,26.660000000000004,True
101990961244800083,air_temperature,2026-07-23 10:00:00+00:00,28.58,28.605001413038654,27.880000000000003,True
101990961244800083,air_temperature,2026-07-23 11:00:00+00:00,29.1,29.17800802503936,28.58,True
101990961244800083,air_temperature,2026-07-23 12:00:00+00:00,29.53333333333333,28.951619945371064,29.1,True
101990961244800083,air_temperature,2026-07-23 13:00:00+00:00,29.06,28.456935039197745,29.53333333333333,True
101990961244800083,air_temperature,2026-07-23 14:00:00+00:00,26.33333333333333,25.870521942626752,29.06,True
101990961244800083,air_temperature,2026-07-23 15:00:00+00:00,21.3,24.03467185073243,26.33333333333333,True
101990961244800083,air_temperature,2026-07-23 16:00:00+00:00,21.0,19.501694645580365,21.3,True
101990961244800083,air_temperature,2026-07-23 17:00:00+00:00,20.14,20.327883556521783,21.0,True
101990961244800083,air_temperature,2026-07-23 18:00:00+00:00,19.257142857142856,19.791119502913933,20.14,True
101990961244800083,air_temperature,2026-07-23 19:00:00+00:00,19.03333333333333,19.062897246518904,19.257142857142856,True
101990961244800083,air_temperature,2026-07-23 20:00:00+00:00,18.666666666666668,18.916142937419554,19.03333333333333,True
101990961244800083,air_temperature,2026-07-23 21:00:00+00:00,,18.725361326025897,18.666666666666668,False
101990961244800083,air_temperature,2026-07-23 22:00:00+00:00,,18.79231751002794,,False
101990961244800083,air_temperature,2026-07-23 23:00:00+00:00,,18.69735355263843,,False
101990961244800083,air_temperature,2026-07-24 00:00:00+00:00,,18.690823860805622,,False
101990961244800083,air_temperature,2026-07-24 01:00:00+00:00,,18.742009277975754,,False
101990961244800083,air_temperature,2026-07-24 02:00:00+00:00,,18.704775446186048,,False
101990961244800083,air_temperature,2026-07-24 03:00:00+00:00,,18.571389632310073,,False
101990961244800083,air_temperature,2026-07-24 04:00:00+00:00,19.15,19.19458239989341,,False
101990961244800083,air_temperature,2026-07-24 05:00:00+00:00,21.53333333333333,20.518678620448792,19.15,True
101990961244800083,air_temperature,2026-07-24 06:00:00+00:00,23.85,23.773518909329802,21.53333333333333,True
101990961244800083,air_temperature,2026-07-24 07:00:00+00:00,25.866666666666664,25.933197874697356,23.85,True
101990961244800083,air_temperature,2026-07-24 08:00:00+00:00,26.816666666666663,27.503002658292843,25.866666666666664,True
101990961244800083,air_temperature,2026-07-24 09:00:00+00:00,27.96666666666667,27.635611513757915,26.816666666666663,True
101990961244800083,air_temperature,2026-07-24 10:00:00+00:00,28.76,28.659594926742237,27.96666666666667,True
101990961244800083,air_temperature,2026-07-24 11:00:00+00:00,29.06,29.304008730007133,28.76,True
101990961244800083,air_temperature,2026-07-24 12:00:00+00:00,29.54,28.96071209364229,29.06,True
101990961244800083,air_temperature,2026-07-24 13:00:00+00:00,28.8,28.53747419406508,29.54,True
101990961244800083,air_temperature,2026-07-24 14:00:00+00:00,27.54,26.170630079767058,28.8,True
101990961244800083,air_temperature,2026-07-24 15:00:00+00:00,25.425,24.62375738223566,27.54,True
101990961244800083,air_temperature,2026-07-24 16:00:00+00:00,21.516666666666666,23.144033001460205,25.425,True
101990961244800083,air_temperature,2026-07-24 17:00:00+00:00,20.125,20.720202193166987,21.516666666666666,True
101990961244800083,air_temperature,2026-07-24 18:00:00+00:00,18.975,19.6931566723673,20.125,True
101990961244800083,air_temperature,2026-07-24 19:00:00+00:00,18.58333333333333,18.827901134397646,18.975,True
101990961244800083,air_temperature,2026-07-24 20:00:00+00:00,18.1,18.48198692691818,18.58333333333333,True
101990961244800083,air_temperature,2026-07-24 21:00:00+00:00,18.1,18.239572800052684,18.1,True
101990961244800083,air_temperature,2026-07-24 22:00:00+00:00,,18.25579645903436,18.1,False
101990961244800083,air_temperature,2026-07-24 23:00:00+00:00,,18.23597228550391,,False
101990961244800083,air_temperature,2026-07-25 00:00:00+00:00,,18.292801391052873,,False
101990961244800083,air_temperature,2026-07-25 01:00:00+00:00,,18.39718216585964,,False
101990961244800083,air_temperature,2026-07-25 02:00:00+00:00,,18.404339328496132,,False
101990961244800083,air_temperature,2026-07-25 03:00:00+00:00,,18.307673567264963,,False
101990961244800083,air_temperature,2026-07-25 04:00:00+00:00,19.2,18.96085067256584,,False
101990961244800083,air_temperature,2026-07-25 05:00:00+00:00,21.957142857142856,20.727443575433227,19.2,True
101990961244800083,air_temperature,2026-07-25 06:00:00+00:00,24.53333333333333,24.163802157842387,21.957142857142856,True
101990961244800083,air_temperature,2026-07-25 07:00:00+00:00,26.366666666666664,26.4892972166516,24.53333333333333,True
101990961244800083,air_temperature,2026-07-25 08:00:00+00:00,27.18,27.84678674182175,26.366666666666664,True
101990961244800083,air_temperature,2026-07-25 09:00:00+00:00,28.6,27.964856230092494,27.18,True
101990961244800083,air_temperature,2026-07-25 10:00:00+00:00,29.4,29.212467908437823,28.6,True
101990961244800083,air_temperature,2026-07-25 11:00:00+00:00,30.025,29.821792258601022,29.4,True
101990961244800083,air_temperature,2026-07-25 12:00:00+00:00,29.48333333333333,29.824643366299743,30.025,True
101990961244800083,air_temperature,2026-07-25 13:00:00+00:00,29.03333333333333,28.491147239272784,29.48333333333333,True
101990961244800083,air_temperature,2026-07-25 14:00:00+00:00,28.04,26.545518486854903,29.03333333333333,True
101990961244800083,air_temperature,2026-07-25 15:00:00+00:00,26.54,25.28586189087572,28.04,True
101990961244800083,air_temperature,2026-07-25 16:00:00+00:00,24.74,23.80884128756052,26.54,True
101990961244800083,air_temperature,2026-07-25 17:00:00+00:00,23.925,23.401210609793857,24.74,True
101990961244800083,air_temperature,2026-07-25 18:00:00+00:00,22.475,22.86831406452076,23.925,True
101990961244800083,air_temperature,2026-07-25 19:00:00+00:00,21.04,21.782735831704613,22.475,True
101990961244800083,air_temperature,2026-07-25 20:00:00+00:00,21.25,20.53965560855399,21.04,True
101990961244800083,air_temperature,2026-07-25 21:00:00+00:00,20.8,20.903889826887674,21.25,True
101990961244800083,air_temperature,2026-07-25 22:00:00+00:00,,20.560379534897265,20.8,False
101990961244800083,air_temperature,2026-07-25 23:00:00+00:00,,20.203978880223076,,False
101990961244800083,air_temperature,2026-07-26 00:00:00+00:00,,19.974479283687433,,False
101990961244800083,air_temperature,2026-07-26 01:00:00+00:00,,19.83546821061787,,False
101990961244800083,air_temperature,2026-07-26 02:00:00+00:00,,19.635956834809473,,False
101990961244800083,air_temperature,2026-07-26 03:00:00+00:00,,19.364069041167706,,False
101990961244800083,air_temperature,2026-07-26 04:00:00+00:00,,19.86899426646084,,False
101990961244800083,air_temperature,2026-07-26 05:00:00+00:00,21.08333333333333,21.40877938346276,,False
101990961244800083,air_temperature,2026-07-26 06:00:00+00:00,23.17142857142857,23.46330394922296,21.08333333333333,True
101990961244800083,air_temperature,2026-07-26 07:00:00+00:00,25.53333333333333,25.315224402421403,23.17142857142857,True
101990961244800083,air_temperature,2026-07-26 08:00:00+00:00,26.950000000000003,27.087875250615287,25.53333333333333,True
101990961244800083,air_temperature,2026-07-26 09:00:00+00:00,27.92,27.83049733253245,26.950000000000003,True
101990961244800083,air_temperature,2026-07-26 10:00:00+00:00,29.24,28.651264251631428,27.92,True
101990961244800083,air_temperature,2026-07-26 11:00:00+00:00,27.95,29.7236851691271,29.24,True
101990961244800083,air_temperature,2026-07-26 12:00:00+00:00,28.62,27.981175183635983,27.95,True
101990961244800083,air_temperature,2026-07-26 13:00:00+00:00,27.52,27.80810326434012,28.62,True
101990961244800083,air_temperature,2026-07-26 14:00:00+00:00,25.7,25.373452474163212,27.52,True
101990961244800083,air_temperature,2026-07-26 15:00:00+00:00,25.05,23.415735121373796,25.7,True
101990961244800083,air_temperature,2026-07-26 16:00:00+00:00,23.84,22.7347682305007,25.05,True
101990961244800083,air_temperature,2026-07-26 17:00:00+00:00,22.58,22.73100754929792,23.84,True
101990961244800083,air_temperature,2026-07-26 18:00:00+00:00,21.76,21.710619026105036,22.58,True
101990961244800083,air_temperature,2026-07-26 19:00:00+00:00,20.96,21.092282002979406,21.76,True
101990961244800083,air_temperature,2026-07-26 20:00:00+00:00,21.025,20.581394050653895,20.96,True
101990961244800083,air_temperature,2026-07-26 21:00:00+00:00,21.1,20.70495970297867,21.025,True
101990961244800083,air_temperature,2026-07-26 22:00:00+00:00,,20.81048618622535,21.1,False
101990961244800083,air_temperature,2026-07-26 23:00:00+00:00,,20.410577957524474,,False
101990961244800083,air_temperature,2026-07-27 00:00:00+00:00,,20.14284576746488,,False
101990961244800083,air_temperature,2026-07-27 01:00:00+00:00,,19.969900887909965,,False
101990961244800083,air_temperature,2026-07-27 02:00:00+00:00,,19.739888133278203,,False
101990961244800083,air_temperature,2026-07-27 03:00:00+00:00,,19.440152606273376,,False
101990961244800083,air_temperature,2026-07-27 04:00:00+00:00,,19.91917254725114,,False
101990961244800083,air_temperature,2026-07-27 05:00:00+00:00,21.5,21.373706010414807,,False
101990961244800083,air_temperature,2026-07-27 06:00:00+00:00,22.9,23.762180690863435,21.5,True
101990961244800083,air_temperature,2026-07-27 07:00:00+00:00,25.75,25.11778929916997,22.9,True
101990961244800083,air_temperature,2026-07-27 08:00:00+00:00,25.3,27.29155990068251,25.75,True
101990961244800083,air_temperature,2026-07-27 09:00:00+00:00,26.9,26.40151831081458,25.3,True
101990961244800083,air_temperature,2026-07-27 10:00:00+00:00,,27.845964061639616,26.9,False
101990961244800083,air_temperature,2026-07-27 11:00:00+00:00,28.4,28.30238516538556,,False
101990961244800083,air_temperature,2026-07-27 12:00:00+00:00,20.0,28.460856510354738,28.4,True
101990961244800083,air_temperature,2026-07-27 13:00:00+00:00,20.2,20.394828549893095,20.0,True
101990961244800083,air_temperature,2026-07-27 14:00:00+00:00,,19.093544983186757,20.2,False
101990961244800083,air_temperature,2026-07-27 15:00:00+00:00,19.0,17.92317564043506,,False
101990961244800083,air_temperature,2026-07-27 16:00:00+00:00,18.3,17.67317872033513,19.0,True
101990961244800083,air_temperature,2026-07-27 17:00:00+00:00,18.325,17.964237266940778,18.3,True
101990961244800083,air_temperature,2026-07-27 18:00:00+00:00,18.4,18.112063816041573,18.325,True
101990961244800083,air_temperature,2026-07-27 19:00:00+00:00,,18.250242413641256,18.4,False
101990961244800083,air_temperature,2026-07-27 20:00:00+00:00,,18.292035066664273,,False
101990961244800083,air_temperature,2026-07-27 21:00:00+00:00,,18.43511813226918,,False
101990961244800083,air_temperature,2026-07-27 22:00:00+00:00,,18.541933301391083,,False
101990961244800083,air_temperature,2026-07-27 23:00:00+00:00,,18.480431802642734,,False
101990961244800083,air_temperature,2026-07-28 00:00:00+00:00,,18.50182452258499,,False
101990961244800083,air_temperature,2026-07-28 01:00:00+00:00,,18.576104869427002,,False
101990961244800083,air_temperature,2026-07-28 02:00:00+00:00,,18.557729981739158,,False
101990961244800083,air_temperature,2026-07-28 03:00:00+00:00,,18.439448645938576,,False
101990961244800083,air_temperature,2026-07-28 04:00:00+00:00,,19.074372117129705,,False
101990961244800083,air_temperature,2026-07-28 05:00:00+00:00,,20.659625217373843,,False
101990961244800083,air_temperature,2026-07-28 06:00:00+00:00,,22.950267618683075,,False
101990961244800083,air_temperature,2026-07-28 07:00:00+00:00,,25.22945819586502,,False
101990961244800083,air_temperature,2026-07-28 08:00:00+00:00,,26.6064080807816,,False
101990961244800083,air_temperature,2026-07-28 09:00:00+00:00,,27.571354896598702,,False
101990961244800083,air_temperature,2026-07-28 10:00:00+00:00,,28.393499433388076,,False
101990961244800083,air_temperature,2026-07-28 11:00:00+00:00,,28.86691450511553,,False
101990961244800083,air_temperature,2026-07-28 12:00:00+00:00,,27.76280104221361,,False
101990961244800083,air_temperature,2026-07-28 13:00:00+00:00,,27.000965368964835,,False
101990961244800083,air_temperature,2026-07-28 14:00:00+00:00,,24.936469756116892,,False
101990961244800083,air_temperature,2026-07-28 15:00:00+00:00,,22.89459726671722,,False
101990961244800083,air_temperature,2026-07-28 16:00:00+00:00,,21.012673809159047,,False
101990961244800083,air_temperature,2026-07-28 17:00:00+00:00,,20.32836750429753,,False
101990961244800083,air_temperature,2026-07-28 18:00:00+00:00,,19.85490266176293,,False
101990961244800083,air_temperature,2026-07-28 19:00:00+00:00,,19.4995867248991,,False
101990961244800083,air_temperature,2026-07-28 20:00:00+00:00,,19.332188510356353,,False
101990961244800083,air_temperature,2026-07-28 21:00:00+00:00,,19.302109828000468,,False
101990961244800083,air_temperature,2026-07-28 22:00:00+00:00,,19.280482187978983,,False
101990961244800083,air_temperature,2026-07-28 23:00:00+00:00,,19.10939501868722,,False
101990961244800083,air_temperature,2026-07-29 00:00:00+00:00,,19.037261189905376,,False
101990961244800083,air_temperature,2026-07-29 01:00:00+00:00,,19.03168612561557,,False
101990961244800083,air_temperature,2026-07-29 02:00:00+00:00,,18.94508804105756,,False
101990961244800083,air_temperature,2026-07-29 03:00:00+00:00,,18.768473801020154,,False
101990961244800083,air_temperature,2026-07-29 04:00:00+00:00,,19.353465264739622,,False
101990961244800083,air_temperature,2026-07-29 05:00:00+00:00,,20.895700676875407,,False
101990961244800083,air_temperature,2026-07-29 06:00:00+00:00,,23.196595198299107,,False
101990961244800083,air_temperature,2026-07-29 07:00:00+00:00,,25.406316023185486,,False
101990961244800083,air_temperature,2026-07-29 08:00:00+00:00,,26.860085585986475,,False
101990961244800083,air_temperature,2026-07-29 09:00:00+00:00,,27.761597861657755,,False
101990961244800083,air_temperature,2026-07-29 10:00:00+00:00,27.7,28.551386418877875,,False
101990961244800083,air_temperature,2026-07-29 11:00:00+00:00,28.0,28.278052266767734,27.7,True
101990961244800083,air_temperature,2026-07-29 12:00:00+00:00,26.1,27.455995332291778,28.0,True
101990961244800083,air_temperature,2026-07-29 13:00:00+00:00,27.1,25.59328030884193,26.1,True
101990961244800083,air_temperature,2026-07-29 14:00:00+00:00,25.96666666666667,24.991102668801098,27.1,True
101990961244800083,air_temperature,2026-07-29 15:00:00+00:00,21.9,23.731552945932137,25.96666666666667,True
101990961244800083,air_temperature,2026-07-29 16:00:00+00:00,19.96,20.12750008774779,21.9,True
101990961244800083,air_temperature,2026-07-29 17:00:00+00:00,19.4,19.410938683708462,19.96,True
101990961244800083,air_temperature,2026-07-29 18:00:00+00:00,,19.046418912620233,19.4,False
101990961244800083,air_temperature,2026-07-29 19:00:00+00:00,,18.808096580299356,,False
101990961244800083,air_temperature,2026-07-29 20:00:00+00:00,,18.737946933073175,,False
101990961244800083,air_temperature,2026-07-29 21:00:00+00:00,,18.79050115628204,,False
101990961244800083,air_temperature,2026-07-29 22:00:00+00:00,,18.839771554581663,,False
101990961244800083,air_temperature,2026-07-29 23:00:00+00:00,,18.72832989632802,,False
101990961244800083,air_temperature,2026-07-30 00:00:00+00:00,,18.7061119615497,,False
101990961244800083,air_temperature,2026-07-30 01:00:00+00:00,,18.74199766119739,,False
101990961244800083,air_temperature,2026-07-30 02:00:00+00:00,,18.689463815277666,,False
101990961244800083,air_temperature,2026-07-30 03:00:00+00:00,,18.540387040170565,,False
101990961244800083,air_temperature,2026-07-30 04:00:00+00:00,,19.147092300624706,,False
101990961244800083,air_temperature,2026-07-30 05:00:00+00:00,,20.705759805075854,,False
101990961244800083,air_temperature,2026-07-30 06:00:00+00:00,,23.021014434965732,,False
101990961244800083,air_temperature,2026-07-30 07:00:00+00:00,,25.235554740951144,,False
101990961244800083,air_temperature,2026-07-30 08:00:00+00:00,,26.698117519279066,,False
101990961244800083,air_temperature,2026-07-30 09:00:00+00:00,,27.59565949115366,,False
101990961244800083,air_temperature,2026-07-30 10:00:00+00:00,,28.3788024839053,,False
101990961244800083,air_temperature,2026-07-30 11:00:00+00:00,,28.8196357577613,,False
101990961244800083,air_temperature,2026-07-30 12:00:00+00:00,,28.000274137764908,,False
101990961244800083,air_temperature,2026-07-30 13:00:00+00:00,,27.414536722421612,,False
101990961244800083,air_temperature,2026-07-30 14:00:00+00:00,,25.394342145697756,,False
101990961244800083,air_temperature,2026-07-30 15:00:00+00:00,,22.995248146781677,,False
101990961244800083,air_temperature,2026-07-30 16:00:00+00:00,,21.037459834562625,,False
101990961244800083,air_temperature,2026-07-30 17:00:00+00:00,,20.327686449195603,,False
101990961244800083,air_temperature,2026-07-30 18:00:00+00:00,,19.837271289813838,,False
101990961244800083,air_temperature,2026-07-30 19:00:00+00:00,,19.483373866175903,,False
101990961244800083,air_temperature,2026-07-30 20:00:00+00:00,,19.31476791666652,,False
101990961244800083,air_temperature,2026-07-30 21:00:00+00:00,,19.28362637602304,,False
101990961244800083,air_temperature,2026-07-30 22:00:00+00:00,,19.261869904471794,,False
101990961244800083,air_temperature,2026-07-30 23:00:00+00:00,,19.090178682015218,,False
101990961244800083,air_temperature,2026-07-31 00:00:00+00:00,,19.016950155332,,False
101990961244800083,air_temperature,2026-07-31 01:00:00+00:00,,19.009761797823906,,False
101990961244800083,air_temperature,2026-07-31 02:00:00+00:00,,18.920990633017396,,False
101990961244800083,air_temperature,2026-07-31 03:00:00+00:00,,18.741588041120416,,False
101990961244800083,air_temperature,2026-07-31 04:00:00+00:00,,19.323104687250574,,False
101990961244800083,air_temperature,2026-07-31 05:00:00+00:00,,20.861076914893452,,False
101990961244800083,air_temperature,2026-07-31 06:00:00+00:00,,23.159765277542462,,False
101990961244800083,air_temperature,2026-07-31 07:00:00+00:00,,25.360984602599984,,False
101990961244800083,air_temperature,2026-07-31 08:00:00+00:00,,26.81391916319861,,False
101990961244800083,air_temperature,2026-07-31 09:00:00+00:00,,27.704282301201715,,False
101990961244800083,air_temperature,2026-07-31 10:00:00+00:00,,28.48311050455175,,False
101990961244800083,air_temperature,2026-07-31 11:00:00+00:00,,28.92272491573937,,False
101990961244800083,air_temperature,2026-07-31 12:00:00+00:00,,28.158808113828407,,False
101990961244800083,air_temperature,2026-07-31 13:00:00+00:00,,27.472922961329566,,False
101990961244800083,air_temperature,2026-07-31 14:00:00+00:00,,25.394694256714704,,False
101990961244800083,air_temperature,2026-07-31 15:00:00+00:00,,23.088639367683108,,False
101990961244800083,air_temperature,2026-07-31 16:00:00+00:00,,21.12552828738428,,False
101990961244800083,air_temperature,2026-07-31 17:00:00+00:00,,20.403302155423187,,False
101990961244800083,air_temperature,2026-07-31 18:00:00+00:00,,19.901732979244894,,False
101990961244800083,air_temperature,2026-07-31 19:00:00+00:00,,19.538390124751444,,False
101990961244800083,air_temperature,2026-07-31 20:00:00+00:00,,19.361736233265937,,False
101990961244800083,air_temperature,2026-07-31 21:00:00+00:00,,19.323747903675674,,False
101990961244800083,air_temperature,2026-07-31 22:00:00+00:00,,19.296173644959588,,False
101990961244800083,air_temperature,2026-07-31 23:00:00+00:00,,19.11954050205549,,False
101990961244800083,air_temperature,2026-08-01 00:00:00+00:00,,19.042119741127113,,False
101990961244800083,air_temperature,2026-08-01 01:00:00+00:00,,19.031381796565483,,False
101990961244800083,air_temperature,2026-08-01 02:00:00+00:00,,18.939613061396827,,False
101990961244800083,air_temperature,2026-08-01 03:00:00+00:00,,18.757688379799028,,False
101990961244800083,air_temperature,2026-08-01 04:00:00+00:00,,19.337094021159213,,False
101990961244800083,air_temperature,2026-08-01 05:00:00+00:00,,20.87331238629846,,False
101990961244800083,air_temperature,2026-08-01 06:00:00+00:00,,23.170568895951973,,False
101990961244800083,air_temperature,2026-08-01 07:00:00+00:00,,25.370614726071775,,False
101990961244800083,air_temperature,2026-08-01 08:00:00+00:00,,26.822650499348708,,False
101990961244800083,air_temperature,2026-08-01 09:00:00+00:00,27.933333333333334,27.71230795187434,,False
101990961244800083,air_temperature,2026-08-01 10:00:00+00:00,,28.678925917974507,27.933333333333334,False
101990961244800083,air_temperature,2026-08-01 11:00:00+00:00,28.55,29.0907323086852,,False
101990961244800083,air_temperature,2026-08-01 12:00:00+00:00,,27.8455200997491,28.55,False
101990961244800083,air_temperature,2026-08-01 13:00:00+00:00,27.0,27.201684413210348,,False
101990961244800083,air_temperature,2026-08-01 14:00:00+00:00,26.6,24.98904237375895,27.0,True
101990961244800083,air_temperature,2026-08-01 15:00:00+00:00,25.7,24.118740813958034,26.6,True
101990961244800083,air_temperature,2026-08-01 16:00:00+00:00,21.8,23.352614426046596,25.7,True
101990961244800083,air_temperature,2026-08-01 17:00:00+00:00,20.7,20.9789280174922,21.8,True
101990961244800083,air_temperature,2026-08-01 18:00:00+00:00,20.1,20.155437620044758,20.7,True
101990961244800083,air_temperature,2026-08-01 19:00:00+00:00,19.4,19.708360970407764,20.1,True
101990961244800083,air_temperature,2026-08-01 20:00:00+00:00,,19.24491139841713,19.4,False
101990961244800083,air_temperature,2026-08-01 21:00:00+00:00,,19.225505628690016,,False
101990961244800083,air_temperature,2026-08-01 22:00:00+00:00,,19.214005861454975,,False
101990961244800083,air_temperature,2026-08-01 23:00:00+00:00,,19.051349248606172,,False
101990961244800083,air_temperature,2026-08-02 00:00:00+00:00,,18.986163912929815,,False
101990961244800083,air_temperature,2026-08-02 01:00:00+00:00,,18.986232692428963,,False
101990961244800083,air_temperature,2026-08-02 02:00:00+00:00,,18.904117903312994,,False
101990961244800083,air_temperature,2026-08-02 03:00:00+00:00,,18.73094088095631,,False
101990961244800083,air_temperature,2026-08-02 04:00:00+00:00,,19.318411250190678,,False
101990961244800083,air_temperature,2026-08-02 05:00:00+00:00,19.7,20.86221546201273,,False
101990961244800083,air_temperature,2026-08-02 06:00:00+00:00,22.399999999999995,22.17901567316268,19.7,True
101990961244800083,air_temperature,2026-08-02 07:00:00+00:00,24.5,24.722764564486244,22.399999999999995,True
101990961244800083,air_temperature,2026-08-02 08:00:00+00:00,27.1,26.092020708423775,24.5,True
101990961244800083,air_temperature,2026-08-02 09:00:00+00:00,27.4,27.956305663682112,27.1,True
101990961244800083,air_temperature,2026-08-02 10:00:00+00:00,28.4,28.186044817185913,27.4,True
101990961244800083,air_temperature,2026-08-02 11:00:00+00:00,28.1,28.8064316219609,28.4,True
101990961244800083,air_temperature,2026-08-02 12:00:00+00:00,29.2,27.448098178962617,28.1,True
101990961244800083,air_temperature,2026-08-02 13:00:00+00:00,28.0,28.322418468561196,29.2,True
101990961244800083,air_temperature,2026-08-02 14:00:00+00:00,26.133333333333336,26.068067349596273,28.0,True
101990961244800083,air_temperature,2026-08-02 15:00:00+00:00,,23.94551756259804,26.133333333333336,False
101990961244800083,air_temperature,2026-08-02 16:00:00+00:00,,21.638835338816005,,False
101990961244800083,air_temperature,2026-08-02 17:00:00+00:00,22.9,20.80221349355385,,False
101990961244800083,air_temperature,2026-08-02 18:00:00+00:00,,22.02257936122556,22.9,False
101990961244800083,air_temperature,2026-08-02 19:00:00+00:00,,21.3008004134304,,False
101990961244800083,air_temperature,2026-08-02 20:00:00+00:00,,20.853169353109184,,False
101990961244800083,air_temperature,2026-08-02 21:00:00+00:00,,20.58223281251593,,False
101990961244800083,air_temperature,2026-08-02 22:00:00+00:00,,20.353843124319578,,False
101990961244800083,air_temperature,2026-08-02 23:00:00+00:00,,20.003399697119136,,False
101990961244800083,air_temperature,2026-08-03 00:00:00+00:00,,19.77473595329222,,False
101990961244800083,air_temperature,2026-08-03 01:00:00+00:00,,19.631460687264497,,False
101990961244800083,air_temperature,2026-08-03 02:00:00+00:00,,19.42247625796999,,False
101990961244800083,air_temperature,2026-08-03 03:00:00+00:00,,19.13566467779116,,False
101990961244800083,air_temperature,2026-08-03 04:00:00+00:00,,19.619834171505836,,False
101990961244800083,air_temperature,2026-08-03 05:00:00+00:00,21.65,21.068035718662145,,False
101990961244800083,air_temperature,2026-08-03 06:00:00+00:00,,23.870312714146614,21.65,False
101990961244800083,air_temperature,2026-08-03 07:00:00+00:00,25.366666666666664,25.938385966809314,,False
101990961244800083,air_temperature,2026-08-03 08:00:00+00:00,26.5,26.976889899524245,25.366666666666664,True
101990961244800083,air_temperature,2026-08-03 09:00:00+00:00,28.2,27.361540762851156,26.5,True
101990961244800083,air_temperature,2026-08-03 10:00:00+00:00,,28.91723377358199,28.2,False
101990961244800083,air_temperature,2026-08-03 11:00:00+00:00,28.2,29.1647333812726,,False
101990961244800083,air_temperature,2026-08-03 12:00:00+00:00,29.65,27.786128874944527,28.2,True
101990961244800083,air_temperature,2026-08-03 13:00:00+00:00,27.0,28.66864432802101,29.65,True
101990961244800083,air_temperature,2026-08-03 14:00:00+00:00,,25.142127130463397,27.0,False
101990961244800083,air_temperature,2026-08-03 15:00:00+00:00,21.0,23.11273703771212,,False
101990961244800083,air_temperature,2026-08-03 16:00:00+00:00,19.8,19.319203468064746,21.0,True
101990961244800083,air_temperature,2026-08-03 17:00:00+00:00,19.625,19.377878241761703,19.8,True
101990961244800083,air_temperature,2026-08-03 18:00:00+00:00,19.066666666666663,19.237393970791267,19.625,True
101990961244800083,air_temperature,2026-08-03 19:00:00+00:00,18.9,18.801085916142988,19.066666666666663,True
101990961244800083,air_temperature,2026-08-03 20:00:00+00:00,,18.81597226189512,18.9,False
101990961244800083,air_temperature,2026-08-03 21:00:00+00:00,,18.856658345755633,,False
101990961244800083,air_temperature,2026-08-03 22:00:00+00:00,,18.895832724111106,,False
101990961244800083,air_temperature,2026-08-03 23:00:00+00:00,,18.775726437922327,,False
101990961244800083,air_temperature,2026-08-04 00:00:00+00:00,,18.746054036187964,,False
101990961244800083,air_temperature,2026-08-04 01:00:00+00:00,,18.775505097238614,,False
101990961244800083,air_temperature,2026-08-04 02:00:00+00:00,,18.717392147645864,,False
101990961244800083,air_temperature,2026-08-04 03:00:00+00:00,,18.563449354274013,,False
101990961244800083,air_temperature,2026-08-04 04:00:00+00:00,,19.165877438832513,,False
101990961244800083,air_temperature,2026-08-04 05:00:00+00:00,,20.720747001095972,,False
101990961244800083,air_temperature,2026-08-04 06:00:00+00:00,,23.02684537706912,,False
101990961244800083,air_temperature,2026-08-04 07:00:00+00:00,,25.1835300605577,,False
101990961244800083,air_temperature,2026-08-04 08:00:00+00:00,,26.701923306970613,,False
101990961244800083,air_temperature,2026-08-04 09:00:00+00:00,,27.679529151550078,,False
101990961244800083,air_temperature,2026-08-04 10:00:00+00:00,,28.39890763884653,,False
101990961244800083,air_temperature,2026-08-04 11:00:00+00:00,,28.68518223462715,,False
101990961244800083,air_temperature,2026-08-04 12:00:00+00:00,,28.369140234018943,,False
101990961244800083,air_temperature,2026-08-04 13:00:00+00:00,,27.36758495899485,,False
101990961244800083,air_temperature,2026-08-04 14:00:00+00:00,,25.309723464708885,,False
101990961244800083,air_temperature,2026-08-04 15:00:00+00:00,,23.041775371531074,,False
101990961244800083,air_temperature,2026-08-04 16:00:00+00:00,,21.087931424308085,,False
101990961244800083,air_temperature,2026-08-04 17:00:00+00:00,,20.462030429624544,,False
101990961244800083,air_temperature,2026-08-04 18:00:00+00:00,,19.92465931042588,,False
101990961244800083,air_temperature,2026-08-04 19:00:00+00:00,,19.54655438115664,,False
101990961244800083,air_temperature,2026-08-04 20:00:00+00:00,,19.365416220610822,,False
101990961244800083,air_temperature,2026-08-04 21:00:00+00:00,,19.323020663452425,,False
101990961244800083,air_temperature,2026-08-04 22:00:00+00:00,,19.291020884589795,,False
101990961244800083,air_temperature,2026-08-04 23:00:00+00:00,,19.10983065734943,,False
101990961244800083,air_temperature,2026-08-05 00:00:00+00:00,,19.02760489349602,,False
101990961244800083,air_temperature,2026-08-05 01:00:00+00:00,,19.011691342740043,,False
101990961244800083,air_temperature,2026-08-05 02:00:00+00:00,,18.914244251154795,,False
101990961244800083,air_temperature,2026-08-05 03:00:00+00:00,,18.725993479213038,,False
101990961244800083,air_temperature,2026-08-05 04:00:00+00:00,,19.298263773697276,,False
101990961244800083,air_temperature,2026-08-05 05:00:00+00:00,,20.82635572492437,,False
101990961244800083,air_temperature,2026-08-05 06:00:00+00:00,,23.130460056608232,,False
101990961244800083,air_temperature,2026-08-05 07:00:00+00:00,,25.289215431299354,,False
101990961244800083,air_temperature,2026-08-05 08:00:00+00:00,,26.813070096477613,,False
101990961244800083,air_temperature,2026-08-05 09:00:00+00:00,,27.73355192708704,,False
101990961244800083,air_temperature,2026-08-05 10:00:00+00:00,,28.46862758906346,,False
101990961244800083,air_temperature,2026-08-05 11:00:00+00:00,,28.775210535476656,,False
101990961244800083,air_temperature,2026-08-05 12:00:00+00:00,19.5,28.34624925795881,,False
101990961244800083,air_temperature,2026-08-05 13:00:00+00:00,,19.890871114574562,19.5,False
101990961244800083,air_temperature,2026-08-05 14:00:00+00:00,,18.979426637188926,,False
101990961244800083,air_temperature,2026-08-05 15:00:00+00:00,19.0,17.694974582338467,,False
101990961244800083,air_temperature,2026-08-05 16:00:00+00:00,17.4,17.602957954888698,19.0,True
101990961244800083,air_temperature,2026-08-05 17:00:00+00:00,,17.28810759653316,17.4,False
101990961244800083,air_temperature,2026-08-05 18:00:00+00:00,,17.210659860336932,,False
101990961244800083,air_temperature,2026-08-05 19:00:00+00:00,,17.20788915608994,,False
101990961244800083,air_temperature,2026-08-05 20:00:00+00:00,,17.345296377701946,,False
101990961244800083,air_temperature,2026-08-05 21:00:00+00:00,,17.56986708251903,,False
101990961244800083,air_temperature,2026-08-05 22:00:00+00:00,,17.760070835272817,,False
101990961244800083,air_temperature,2026-08-05 23:00:00+00:00,,17.76199486871607,,False
101990961244800083,air_temperature,2026-08-06 00:00:00+00:00,,17.82846949417989,,False
101990961244800083,air_temperature,2026-08-06 01:00:00+00:00,,17.930639182046242,,False
101990961244800083,air_temperature,2026-08-06 02:00:00+00:00,,17.92367316110473,,False
101990961244800083,air_temperature,2026-08-06 03:00:00+00:00,,17.800611516812253,,False
101990961244800083,air_temperature,2026-08-06 04:00:00+00:00,,18.414443449151143,,False
101990961244800083,air_temperature,2026-08-06 05:00:00+00:00,,19.961530955474373,,False
101990961244800083,air_temperature,2026-08-06 06:00:00+00:00,,22.26388403830022,,False
101990961244800083,air_temperature,2026-08-06 07:00:00+00:00,,24.398845276662612,,False
101990961244800083,air_temperature,2026-08-06 08:00:00+00:00,,25.87620835898513,,False
101990961244800083,air_temperature,2026-08-06 09:00:00+00:00,,26.7224311348881,,False
101990961244800083,air_temperature,2026-08-06 10:00:00+00:00,,27.36131603643365,,False
101990961244800083,air_temperature,2026-08-06 11:00:00+00:00,,27.543400665314792,,False
101990961244800083,air_temperature,2026-08-06 12:00:00+00:00,,26.942955307674065,,False
101990961244800083,air_temperature,2026-08-06 13:00:00+00:00,,26.3033640367609,,False
101990961244800083,air_temperature,2026-08-06 14:00:00+00:00,,24.521094163099313,,False
101990961244800083,air_temperature,2026-08-06 15:00:00+00:00,,22.51006989846934,,False
101990961244800083,air_temperature,2026-08-06 16:00:00+00:00,,20.569652161012264,,False
101990961244800083,air_temperature,2026-08-06 17:00:00+00:00,,19.995046833679513,,False
101990961244800083,air_temperature,2026-08-06 18:00:00+00:00,,19.52556076073975,,False
101990961244800083,air_temperature,2026-08-06 19:00:00+00:00,,19.188976951330048,,False
101990961244800083,air_temperature,2026-08-06 20:00:00+00:00,,19.043574882771118,,False
101990961244800083,air_temperature,2026-08-06 21:00:00+00:00,,19.02869791332797,,False
101990961244800083,air_temperature,2026-08-06 22:00:00+00:00,,19.016701864873927,,False
101990961244800083,air_temperature,2026-08-06 23:00:00+00:00,,18.848511265639882,,False
101990961244800083,air_temperature,2026-08-07 00:00:00+00:00,,18.772612943046077,,False
101990961244800083,air_temperature,2026-08-07 01:00:00+00:00,,18.756516203353108,,False
101990961244800083,air_temperature,2026-08-07 02:00:00+00:00,,18.652370615505824,,False
101990961244800083,air_temperature,2026-08-07 03:00:00+00:00,,18.450735009359086,,False
101990961244800083,air_temperature,2026-08-07 04:00:00+00:00,,19.002592380409723,,False
101990961244800083,air_temperature,2026-08-07 05:00:00+00:00,,20.502722348847726,,False
101990961244800083,air_temperature,2026-08-07 06:00:00+00:00,,22.772012264186632,,False
101990961244800083,air_temperature,2026-08-07 07:00:00+00:00,,24.88688912171275,,False
101990961244800083,air_temperature,2026-08-07 08:00:00+00:00,,26.35663128742359,,False
101990961244800083,air_temperature,2026-08-07 09:00:00+00:00,,27.20727342566437,,False
101990961244800083,air_temperature,2026-08-07 10:00:00+00:00,,27.863203958212523,,False
101990961244800083,air_temperature,2026-08-07 11:00:00+00:00,,28.075158552456507,,False
101990961244800083,air_temperature,2026-08-07 12:00:00+00:00,,27.51769030211146,,False
101990961244800083,air_temperature,2026-08-07 13:00:00+00:00,,26.77255797629938,,False
101990961244800083,air_temperature,2026-08-07 14:00:00+00:00,,24.896557996796563,,False
101990961244800083,air_temperature,2026-08-07 15:00:00+00:00,,22.801385462658057,,False
101990961244800083,air_temperature,2026-08-07 16:00:00+00:00,,20.828422502668523,,False
101990961244800083,air_temperature,2026-08-07 17:00:00+00:00,,20.2159290902127,,False
101990961244800083,air_temperature,2026-08-07 18:00:00+00:00,,19.71428633066599,,False
101990961244800083,air_temperature,2026-08-07 19:00:00+00:00,,19.35031273613692,,False
101990961244800083,air_temperature,2026-08-07 20:00:00+00:00,,19.181664992960286,,False
101990961244800083,air_temperature,2026-08-07 21:00:00+00:00,,19.147068160655994,,False
101990961244800083,air_temperature,2026-08-07 22:00:00+00:00,,19.118374559983366,,False
101990961244800083,air_temperature,2026-08-07 23:00:00+00:00,,18.936082385775208,,False
101990961244800083,air_temperature,2026-08-08 00:00:00+00:00,,18.848318414331796,,False
101990961244800083,air_temperature,2026-08-08 01:00:00+00:00,,18.822288989998817,,False
101990961244800083,air_temperature,2026-08-08 02:00:00+00:00,,18.709890073579086,,False
101990961244800083,air_temperature,2026-08-08 03:00:00+00:00,,18.501469765260644,,False
101990961244800083,air_temperature,2026-08-08 04:00:00+00:00,,19.047837828853787,,False
101990961244800083,air_temperature,2026-08-08 05:00:00+00:00,,20.54363372777158,,False
101990961244800083,air_temperature,2026-08-08 06:00:00+00:00,,22.809638637600067,,False
101990961244800083,air_temperature,2026-08-08 07:00:00+00:00,,24.922191480623177,,False
101990961244800083,air_temperature,2026-08-08 08:00:00+00:00,,26.390511136661786,,False
101990961244800083,air_temperature,2026-08-08 09:00:00+00:00,,27.24058250733933,,False
101990961244800083,air_temperature,2026-08-08 10:00:00+00:00,,27.89680726330202,,False
101990961244800083,air_temperature,2026-08-08 11:00:00+00:00,,28.109914639137774,,False
101990961244800083,air_temperature,2026-08-08 12:00:00+00:00,,27.554458946020404,,False
101990961244800083,air_temperature,2026-08-08 13:00:00+00:00,,26.802681976977237,,False
101990961244800083,air_temperature,2026-08-08 14:00:00+00:00,,24.920796573268436,,False
101990961244800083,air_temperature,2026-08-08 15:00:00+00:00,,22.820357210769714,,False
101990961244800083,air_temperature,2026-08-08 16:00:00+00:00,,20.84520879657752,,False
101990961244800083,air_temperature,2026-08-08 17:00:00+00:00,,20.230255851228357,,False
101990961244800083,air_temperature,2026-08-08 18:00:00+00:00,,19.72652475049061,,False
101990961244800083,air_temperature,2026-08-08 19:00:00+00:00,,19.36077225038664,,False
101990961244800083,air_temperature,2026-08-08 20:00:00+00:00,,19.190614117916443,,False
101990961244800083,air_temperature,2026-08-08 21:00:00+00:00,,19.154735391537677,,False
101990961244800083,air_temperature,2026-08-08 22:00:00+00:00,,19.12495566180768,,False
101990961244800083,air_temperature,2026-08-08 23:00:00+00:00,,18.941745391764456,,False
101990961244800083,air_temperature,2026-08-09 00:00:00+00:00,,18.85320791625339,,False
101990961244800083,air_temperature,2026-08-09 01:00:00+00:00,,18.82652982998182,,False
101990961244800083,air_temperature,2026-08-09 02:00:00+00:00,,18.713590531669396,,False
101990961244800083,air_temperature,2026-08-09 03:00:00+00:00,,18.504724324101677,,False
101990961244800083,air_temperature,2026-08-09 04:00:00+00:00,,19.050729586082355,,False
101990961244800083,air_temperature,2026-08-09 05:00:00+00:00,,20.54623651772397,,False
101990961244800083,air_temperature,2026-08-09 06:00:00+00:00,,22.812019180315957,,False
101990961244800083,air_temperature,2026-08-09 07:00:00+00:00,,24.924410574724558,,False
101990961244800083,air_temperature,2026-08-09 08:00:00+00:00,,26.39262544986033,,False
101990961244800083,air_temperature,2026-08-09 09:00:00+00:00,,27.242645241583254,,False
101990961244800083,air_temperature,2026-08-09 10:00:00+00:00,,27.898871939576058,,False
101990961244800083,air_temperature,2026-08-09 11:00:00+00:00,,28.112034008015836,,False
101990961244800083,air_temperature,2026-08-09 12:00:00+00:00,,27.55668549536862,,False
101990961244800083,air_temperature,2026-08-09 13:00:00+00:00,,26.80450829559822,,False
101990961244800083,air_temperature,2026-08-09 14:00:00+00:00,,24.922268708221267,,False
101990961244800083,air_temperature,2026-08-09 15:00:00+00:00,,22.821512733142693,,False
101990961244800083,air_temperature,2026-08-09 16:00:00+00:00,,20.846229916396158,,False
101990961244800083,air_temperature,2026-08-09 17:00:00+00:00,,20.231127321792748,,False
101990961244800083,air_temperature,2026-08-09 18:00:00+00:00,,19.727269139785605,,False
101990961244800083,air_temperature,2026-08-09 19:00:00+00:00,,19.361408385671417,,False
101990961244800083,air_temperature,2026-08-09 20:00:00+00:00,,19.19115832709512,,False
101990961244800083,air_temperature,2026-08-09 21:00:00+00:00,,19.155201569733645,,False
101990961244800083,air_temperature,2026-08-09 22:00:00+00:00,,19.12535571180356,,False
101990961244800083,air_temperature,2026-08-09 23:00:00+00:00,,18.94208952791215,,False
101990961244800083,air_temperature,2026-08-10 00:00:00+00:00,,18.85350492527392,,False
101990961244800083,air_temperature,2026-08-10 01:00:00+00:00,,18.826787295313967,,False
101990961244800083,air_temperature,2026-08-10 02:00:00+00:00,,18.713815027095265,,False
101990961244800083,air_temperature,2026-08-10 03:00:00+00:00,,18.504921581593027,,False
101990961244800083,air_temperature,2026-08-10 04:00:00+00:00,,19.05090464215325,,False
101990961244800083,air_temperature,2026-08-10 05:00:00+00:00,,20.546393842026518,,False
101990961244800083,air_temperature,2026-08-10 06:00:00+00:00,,22.812162805275314,,False
101990961244800083,air_temperature,2026-08-10 07:00:00+00:00,,24.92454416846972,,False
101990961244800083,air_temperature,2026-08-10 08:00:00+00:00,,26.392752423885252,,False
101990961244800083,air_temperature,2026-08-10 09:00:00+00:00,,27.24276879188432,,False
101990961244800083,air_temperature,2026-08-10 10:00:00+00:00,,27.898995270931472,,False
101990961244800083,air_temperature,2026-08-10 11:00:00+00:00,,28.112160271396395,,False
101990961244800083,air_temperature,2026-08-10 12:00:00+00:00,,27.5568178190464,,False
101990961244800083,air_temperature,2026-08-10 13:00:00+00:00,,26.804616878664106,,False
101990961244800083,air_temperature,2026-08-10 14:00:00+00:00,,24.922356288766473,,False
101990961244800083,air_temperature,2026-08-10 15:00:00+00:00,,22.82158154636525,,False
101990961244800083,air_temperature,2026-08-10 16:00:00+00:00,,20.846290698675883,,False
101990961244800083,air_temperature,2026-08-10 17:00:00+00:00,,20.231179195459976,,False
101990961244800083,air_temperature,2026-08-10 18:00:00+00:00,,19.727313447954554,,False
101990961244800083,air_temperature,2026-08-10 19:00:00+00:00,,19.36144624912322,,False
101990961244800083,air_temperature,2026-08-10 20:00:00+00:00,,19.191190717622447,,False
101990961244800083,air_temperature,2026-08-10 21:00:00+00:00,,19.155229314353736,,False
101990961244800083,air_temperature,2026-08-10 22:00:00+00:00,,19.12537951891116,,False
101990961244800083,air_temperature,2026-08-10 23:00:00+00:00,,18.942110005366715,,False
101990961244800083,air_temperature,2026-08-11 00:00:00+00:00,,18.853522595919923,,False
101990961244800083,air_temperature,2026-08-11 01:00:00+00:00,,18.8268026103305,,False
101990961244800083,air_temperature,2026-08-11 02:00:00+00:00,,18.713828377515878,,False
101990961244800083,air_temperature,2026-08-11 03:00:00+00:00,,18.504933308289846,,False
101990961244800083,air_temperature,2026-08-11 04:00:00+00:00,,19.05091504454037,,False
101990961244800083,air_temperature,2026-08-11 05:00:00+00:00,,20.546403185704854,,False
101990961244800083,air_temperature,2026-08-11 06:00:00+00:00,,22.812171329726265,,False
101990961244800083,air_temperature,2026-08-11 07:00:00+00:00,,24.924552091404102,,False
101990961244800083,air_temperature,2026-08-11 08:00:00+00:00,,26.392759947625485,,False
101990961244800083,air_temperature,2026-08-11 09:00:00+00:00,,27.242776105827325,,False
101990961244800083,air_temperature,2026-08-11 10:00:00+00:00,,27.899002564774122,,False
101990961244800083,air_temperature,2026-08-11 11:00:00+00:00,,28.1121677314871,,False
101990961244800083,air_temperature,2026-08-11 12:00:00+00:00,,27.556825630241573,,False
101990961244800083,air_temperature,2026-08-11 13:00:00+00:00,,26.804623289395234,,False
101990961244800083,air_temperature,2026-08-11 14:00:00+00:00,,24.922361460698312,,False
101990961244800083,air_temperature,2026-08-11 15:00:00+00:00,,22.821585611494157,,False
101990961244800083,air_temperature,2026-08-11 16:00:00+00:00,,20.84629428879885,,False
101990961244800083,air_temperature,2026-08-11 17:00:00+00:00,,20.23118225937768,,False
101990961244800083,air_temperature,2026-08-11 18:00:00+00:00,,19.727316064993115,,False
101990961244800083,air_temperature,2026-08-11 19:00:00+00:00,,19.36144848548375,,False
101990961244800083,air_temperature,2026-08-11 20:00:00+00:00,,19.191192630701423,,False
101990961244800083,air_temperature,2026-08-11 21:00:00+00:00,,19.155230952997208,,False
101990961244800083,air_temperature,2026-08-11 22:00:00+00:00,,19.125380924958097,,False
101990961244800083,air_temperature,2026-08-11 23:00:00+00:00,,18.942111214717283,,False
101990961244800083,air_temperature,2026-08-12 00:00:00+00:00,,18.85352363945209,,False
101990961244800083,air_temperature,2026-08-12 01:00:00+00:00,,18.826803514688446,,False
101990961244800083,air_temperature,2026-08-12 02:00:00+00:00,,18.713829165790294,,False
101990961244800083,air_temperature,2026-08-12 03:00:00+00:00,,18.504934000607495,,False
101990961244800083,air_temperature,2026-08-12 04:00:00+00:00,,19.050915658577985,,False
101990961244800083,air_temperature,2026-08-12 05:00:00+00:00,,20.546403737140466,,False
101990961244800083,air_temperature,2026-08-12 06:00:00+00:00,,22.812171832693146,,False
101990961244800083,air_temperature,2026-08-12 07:00:00+00:00,,24.924552558747795,,False
101990961244800083,air_temperature,2026-08-12 08:00:00+00:00,,26.392760391280216,,False
101990961244800083,air_temperature,2026-08-12 09:00:00+00:00,,27.242776536961767,,False
101990961244800083,air_temperature,2026-08-12 10:00:00+00:00,,27.899002994569894,,False
101990961244800083,air_temperature,2026-08-12 11:00:00+00:00,,28.112168170924924,,False
101990961244800083,air_temperature,2026-08-12 12:00:00+00:00,,27.556826090211025,,False
101990961244800083,air_temperature,2026-08-12 13:00:00+00:00,29.9,26.804623666917966,,False
101990961244800083,air_temperature,2026-08-12 14:00:00+00:00,,27.562568725125878,29.9,False
101990961244800083,air_temperature,2026-08-12 15:00:00+00:00,,25.07394268428041,,False
101990961244800083,air_temperature,2026-08-12 16:00:00+00:00,26.2,22.770727674637087,,False
101990961244800083,air_temperature,2026-08-12 17:00:00+00:00,23.4,24.796109833778683,26.2,True
101990961244800083,air_temperature,2026-08-12 18:00:00+00:00,,22.434903850262213,23.4,False
101990961244800083,air_temperature,2026-08-12 19:00:00+00:00,,21.677039056056024,,False
101990961244800083,air_temperature,2026-08-12 20:00:00+00:00,,21.174244531218513,,False
101990961244800083,air_temperature,2026-08-12 21:00:00+00:00,,20.856376844478227,,False
101990961244800083,air_temperature,2026-08-12 22:00:00+00:00,,20.588055692569903,,False
101990961244800083,air_temperature,2026-08-12 23:00:00+00:00,,20.20366088044619,,False
101990961244800083,air_temperature,2026-08-13 00:00:00+00:00,,19.946158959017133,,False
101990961244800083,air_temperature,2026-08-13 01:00:00+00:00,,19.778422406740948,,False
101990961244800083,air_temperature,2026-08-13 02:00:00+00:00,,19.548729018990187,,False
101990961244800083,air_temperature,2026-08-13 03:00:00+00:00,,19.244432052763674,,False
101990961244800083,air_temperature,2026-08-13 04:00:00+00:00,,19.713893287093267,,False
101990961244800083,air_temperature,2026-08-13 05:00:00+00:00,,21.149786483687077,,False
101990961244800083,air_temperature,2026-08-13 06:00:00+00:00,,23.371362161390593,,False
101990961244800083,air_temperature,2026-08-13 07:00:00+00:00,,25.453828228419077,,False
101990961244800083,air_temperature,2026-08-13 08:00:00+00:00,,26.905639328409123,,False
101990961244800083,air_temperature,2026-08-13 09:00:00+00:00,24.55,27.752353836959884,,False
101990961244800083,air_temperature,2026-08-13 10:00:00+00:00,29.925,25.702453454948056,24.55,True
101990961244800083,air_temperature,2026-08-13 11:00:00+00:00,29.95,29.9007299017908,29.925,True
101990961244800083,air_temperature,2026-08-13 12:00:00+00:00,29.95,29.232746839575775,29.95,True
101990961244800083,air_temperature,2026-08-13 13:00:00+00:00,27.45,28.968583834934112,29.95,True
101990961244800083,air_temperature,2026-08-13 14:00:00+00:00,25.35,25.655938682230353,27.45,True
101990961244800083,air_temperature,2026-08-13 15:00:00+00:00,23.65,23.411424701630462,25.35,True
101990961244800083,air_temperature,2026-08-13 16:00:00+00:00,21.9,21.805716515449006,23.65,True
101990961244800083,air_temperature,2026-08-13 17:00:00+00:00,21.54,20.89032722680377,21.9,True
101990961244800083,air_temperature,2026-08-13 18:00:00+00:00,21.425,20.833826963007926,21.54,True
101990961244800083,air_temperature,2026-08-13 19:00:00+00:00,20.775,20.79758943080246,21.425,True
101990961244800083,air_temperature,2026-08-13 20:00:00+00:00,20.075,20.382640890341957,20.775,True
101990961244800083,air_temperature,2026-08-13 21:00:00+00:00,19.9,19.89290112549464,20.075,True
101990961244800083,air_temperature,2026-08-13 22:00:00+00:00,,19.74179231476668,19.9,False
101990961244800083,air_temperature,2026-08-13 23:00:00+00:00,,19.445903593040576,,False
101990961244800083,air_temperature,2026-08-14 00:00:00+00:00,,19.25756018246912,,False
101990961244800083,air_temperature,2026-08-14 01:00:00+00:00,,19.14140036451803,,False
101990961244800083,air_temperature,2026-08-14 02:00:00+00:00,,18.947018825775253,,False
101990961244800083,air_temperature,2026-08-14 03:00:00+00:00,,18.66267042967766,,False
101990961244800083,air_temperature,2026-08-14 04:00:00+00:00,20.23333333333333,19.13722629989614,,False
101990961244800083,air_temperature,2026-08-14 05:00:00+00:00,22.575000000000003,21.48621150497161,20.23333333333333,True
101990961244800083,air_temperature,2026-08-14 06:00:00+00:00,25.766666666666666,24.466987720848465,22.575000000000003,True
101990961244800083,air_temperature,2026-08-14 07:00:00+00:00,27.1,27.34474171938798,25.766666666666666,True
101990961244800083,air_temperature,2026-08-14 08:00:00+00:00,28.12,28.139254853869456,27.1,True
101990961244800083,air_temperature,2026-08-14 09:00:00+00:00,29.25,28.588662042691936,28.12,True
101990961244800083,air_temperature,2026-08-14 10:00:00+00:00,29.7,30.435855272970738,29.25,True
101990961244800083,air_temperature,2026-08-14 11:00:00+00:00,30.55,29.69218894356491,29.7,True
101990961244800083,air_temperature,2026-08-14 12:00:00+00:00,31.15,29.835574600805572,30.55,True
101990961244800083,air_temperature,2026-08-14 13:00:00+00:00,29.3,29.690482412057012,31.15,True
101990961244800083,air_temperature,2026-08-14 14:00:00+00:00,28.1,27.12396539102304,29.3,True
101990961244800083,air_temperature,2026-08-14 15:00:00+00:00,25.8,25.7241491119129,28.1,True
101990961244800083,air_temperature,2026-08-14 16:00:00+00:00,23.6,23.57533995126197,25.8,True
101990961244800083,air_temperature,2026-08-14 17:00:00+00:00,22.54,22.509911770958023,23.6,True
101990961244800083,air_temperature,2026-08-14 18:00:00+00:00,21.65,21.794105150086725,22.54,True
101990961244800083,air_temperature,2026-08-14 19:00:00+00:00,20.875,20.98732859676561,21.65,True
101990961244800083,air_temperature,2026-08-14 20:00:00+00:00,21.2,20.408571920944215,20.875,True
101990961244800083,air_temperature,2026-08-14 21:00:00+00:00,20.8,20.853426273997155,21.2,True
101990961244800083,air_temperature,2026-08-14 22:00:00+00:00,,20.53472376438263,20.8,False
101990961244800083,air_temperature,2026-08-14 23:00:00+00:00,,20.152011236264027,,False
101990961244800083,air_temperature,2026-08-15 00:00:00+00:00,,19.89487246588579,,False
101990961244800083,air_temperature,2026-08-15 01:00:00+00:00,,19.726189107530008,,False
101990961244800083,air_temperature,2026-08-15 02:00:00+00:00,,19.494215257146028,,False
101990961244800083,air_temperature,2026-08-15 03:00:00+00:00,,19.186245945390844,,False
101990961244800083,air_temperature,2026-08-15 04:00:00+00:00,19.866666666666667,19.6505478906846,,False
101990961244800083,air_temperature,2026-08-15 05:00:00+00:00,21.825,21.40524833134725,19.866666666666667,True
101990961244800083,air_temperature,2026-08-15 06:00:00+00:00,24.9,24.0908270431783,21.825,True
101990961244800083,air_temperature,2026-08-15 07:00:00+00:00,26.8,26.5843865496333,24.9,True
101990961244800083,air_temperature,2026-08-15 08:00:00+00:00,29.125,27.908361579576976,26.8,True
101990961244800083,air_temperature,2026-08-15 09:00:00+00:00,30.3,29.594514558354618,29.125,True
101990961244800083,air_temperature,2026-08-15 10:00:00+00:00,31.525,30.991310435088455,30.3,True
101990961244800083,air_temperature,2026-08-15 11:00:00+00:00,30.9,31.373468327735274,31.525,True
101990961244800083,air_temperature,2026-08-15 12:00:00+00:00,29.5,30.302419315495282,30.9,True
101990961244800083,air_temperature,2026-08-15 13:00:00+00:00,29.55,28.292133800375357,29.5,True
101990961244800083,air_temperature,2026-08-15 14:00:00+00:00,28.360000000000003,27.502484787010168,29.55,True
101990961244800083,air_temperature,2026-08-15 15:00:00+00:00,26.28,25.934822166549772,28.360000000000003,True
101990961244800083,air_temperature,2026-08-15 16:00:00+00:00,24.44,23.97599026312173,26.28,True
101990961244800083,air_temperature,2026-08-15 17:00:00+00:00,23.0,23.20153918559937,24.44,True
101990961244800083,air_temperature,2026-08-15 18:00:00+00:00,21.825,22.132835755296124,23.0,True
101990961244800083,air_temperature,2026-08-15 19:00:00+00:00,20.86,21.117514157039476,21.825,True
101990961244800083,air_temperature,2026-08-15 20:00:00+00:00,20.34,20.549081214601713,20.86,True
101990961244800083,air_temperature,2026-08-15 21:00:00+00:00,20.75,20.10779263615383,20.34,True
101990961244800083,air_temperature,2026-08-15 22:00:00+00:00,,20.487306822176773,20.75,False
101990961244800083,air_temperature,2026-08-15 23:00:00+00:00,,20.105966184857973,,False
101990961244800083,air_temperature,2026-08-16 00:00:00+00:00,,19.849023452736162,,False
101990961244800083,air_temperature,2026-08-16 01:00:00+00:00,,19.679365234922695,,False
101990961244800083,air_temperature,2026-08-16 02:00:00+00:00,,19.445220985731396,,False
101990961244800083,air_temperature,2026-08-16 03:00:00+00:00,,19.13383031970278,,False
101990961244800083,air_temperature,2026-08-16 04:00:00+00:00,21.7,19.593371919349394,,False
101990961244800083,air_temperature,2026-08-16 05:00:00+00:00,22.2,22.976399159688082,21.7,True
101990961244800083,air_temperature,2026-08-16 06:00:00+00:00,25.0,24.479058719907442,22.2,True
101990961244800083,air_temperature,2026-08-16 07:00:00+00:00,27.1,26.709312176245565,25.0,True
101990961244800083,air_temperature,2026-08-16 08:00:00+00:00,28.5,28.360087887332003,27.1,True
101990961244800083,air_temperature,2026-08-16 09:00:00+00:00,29.26,29.141390408578623,28.5,True
101990961244800083,air_temperature,2026-08-16 10:00:00+00:00,29.85,30.213375004746368,29.26,True
101990961244800083,air_temperature,2026-08-16 11:00:00+00:00,29.85,29.828923296496466,29.85,True
101990961244800083,air_temperature,2026-08-16 12:00:00+00:00,30.15,29.21225708007693,29.85,True
101990961244800083,air_temperature,2026-08-16 13:00:00+00:00,30.0,29.057337063662327,30.15,True
101990961244800083,air_temperature,2026-08-16 14:00:00+00:00,28.44,27.96708622001503,30.0,True
101990961244800083,air_temperature,2026-08-16 15:00:00+00:00,26.975,26.04653678117415,28.44,True
101990961244800083,air_temperature,2026-08-16 16:00:00+00:00,24.8,24.63251088568114,26.975,True
101990961244800083,air_temperature,2026-08-16 17:00:00+00:00,23.9,23.474305055163157,24.8,True
101990961244800083,air_temperature,2026-08-16 18:00:00+00:00,22.92,22.855814298841704,23.9,True
101990961244800083,air_temperature,2026-08-16 19:00:00+00:00,21.9,22.014292721396295,22.92,True
101990961244800083,air_temperature,2026-08-16 20:00:00+00:00,21.54,21.361333762370524,21.9,True
101990961244800083,air_temperature,2026-08-16 21:00:00+00:00,20.9,21.242014306186,21.54,True
101990961244800083,air_temperature,2026-08-16 22:00:00+00:00,,20.654542177727855,20.9,False
101990961244800083,air_temperature,2026-08-16 23:00:00+00:00,,20.294708508283147,,False
101990961244800083,air_temperature,2026-08-17 00:00:00+00:00,,20.06409251620129,,False
101990961244800083,air_temperature,2026-08-17 01:00:00+00:00,,19.926253174424097,,False
101990961244800083,air_temperature,2026-08-17 02:00:00+00:00,,19.730231514101597,,False
101990961244800083,air_temperature,2026-08-17 03:00:00+00:00,,19.464240521957464,,False
101990961244800083,air_temperature,2026-08-17 04:00:00+00:00,20.4,19.97762035986088,,False
101990961244800083,air_temperature,2026-08-17 05:00:00+00:00,21.7,21.707360097930174,20.4,True
101990961244800083,air_temperature,2026-08-17 06:00:00+00:00,25.0,24.090540664457272,21.7,True
101990961244800083,air_temperature,2026-08-17 07:00:00+00:00,27.06,26.756758883565848,25.0,True
101990961244800083,air_temperature,2026-08-17 08:00:00+00:00,28.575,28.28376902083392,27.06,True
101990961244800083,air_temperature,2026-08-17 09:00:00+00:00,28.675,29.181674467068234,28.575,True
101990961244800083,air_temperature,2026-08-17 10:00:00+00:00,29.880000000000003,29.63070339376543,28.675,True
101990961244800083,air_temperature,2026-08-17 11:00:00+00:00,30.575,29.87452968546621,29.880000000000003,True
101990961244800083,air_temperature,2026-08-17 12:00:00+00:00,24.12,30.00168435275114,30.575,True
101990961244800083,air_temperature,2026-08-17 13:00:00+00:00,21.95,24.004330180187978,24.12,True
101990961244800083,air_temperature,2026-08-17 14:00:00+00:00,23.125,21.12714167195543,21.95,True
101990961244800083,air_temperature,2026-08-17 15:00:00+00:00,22.35,21.630275219942156,23.125,True
101990961244800083,air_temperature,2026-08-17 16:00:00+00:00,20.725,20.68625463510636,22.35,True
101990961244800083,air_temperature,2026-08-17 17:00:00+00:00,19.95,20.072417997083086,20.725,True
101990961244800083,air_temperature,2026-08-17 18:00:00+00:00,19.525,19.514240750199825,19.95,True
101990961244800083,air_temperature,2026-08-17 19:00:00+00:00,19.3,19.11582737363686,19.525,True
101990961244800083,air_temperature,2026-08-17 20:00:00+00:00,19.42,19.18215992985943,19.3,True
101990961244800083,air_temperature,2026-08-17 21:00:00+00:00,19.1,19.34710882899011,19.42,True
101990961244800083,air_temperature,2026-08-17 22:00:00+00:00,,19.116506893456226,19.1,False
101990961244800083,air_temperature,2026-08-17 23:00:00+00:00,,18.97936794389521,,False
101990961244800083,air_temperature,2026-08-18 00:00:00+00:00,,18.937862564548922,,False
101990961244800083,air_temperature,2026-08-18 01:00:00+00:00,,18.960378249456305,,False
101990961244800083,air_temperature,2026-08-18 02:00:00+00:00,,18.900050232311983,,False
101990961244800083,air_temperature,2026-08-18 03:00:00+00:00,,18.748556123350742,,False
101990961244800083,air_temperature,2026-08-18 04:00:00+00:00,19.7,19.358159749665766,,False
101990961244800083,air_temperature,2026-08-18 05:00:00+00:00,21.125,21.146883188591477,19.7,True
101990961244800083,air_temperature,2026-08-18 06:00:00+00:00,24.125,23.717378891439004,21.125,True
101990961244800083,air_temperature,2026-08-18 07:00:00+00:00,26.72,26.041508146856685,24.125,True
101990961244800083,air_temperature,2026-08-18 08:00:00+00:00,28.35,28.032422192598105,26.72,True
101990961244800083,air_temperature,2026-08-18 09:00:00+00:00,29.275,28.907322007967046,28.35,True
101990961244800083,air_temperature,2026-08-18 10:00:00+00:00,30.585714285714285,30.20024908903453,29.275,True
101990961244800083,air_temperature,2026-08-18 11:00:00+00:00,31.08,30.586550038905727,30.585714285714285,True
101990961244800083,air_temperature,2026-08-18 12:00:00+00:00,26.9,29.531822867059894,31.08,True
101990961244800083,air_temperature,2026-08-18 13:00:00+00:00,20.775,26.026544288917137,26.9,True
101990961244800083,air_temperature,2026-08-18 14:00:00+00:00,22.06,20.391837897031127,20.775,True
101990961244800083,air_temperature,2026-08-18 15:00:00+00:00,18.725,20.7781705062129,22.06,True
101990961244800083,air_temperature,2026-08-18 16:00:00+00:00,18.55,17.593383538201827,18.725,True
101990961244800083,air_temperature,2026-08-18 17:00:00+00:00,19.075,18.180766398116486,18.55,True
101990961244800083,air_temperature,2026-08-18 18:00:00+00:00,18.85,18.76769133184166,19.075,True
101990961244800083,air_temperature,2026-08-18 19:00:00+00:00,19.275,18.57458587439501,18.85,True
101990961244800083,air_temperature,2026-08-18 20:00:00+00:00,19.95,19.18960149291117,19.275,True
101990961244800083,air_temperature,2026-08-18 21:00:00+00:00,,19.774234540016387,19.95,False
101990961244800083,air_temperature,2026-08-18 22:00:00+00:00,,19.694253691157463,,False
101990961244800083,air_temperature,2026-08-18 23:00:00+00:00,,19.47537853736278,,False
101990961244800083,air_temperature,2026-08-19 00:00:00+00:00,,19.3648014823962,,False
101990961244800083,air_temperature,2026-08-19 01:00:00+00:00,,19.329146446098726,,False
101990961244800083,air_temperature,2026-08-19 02:00:00+00:00,,19.22006335121151,,False
101990961244800083,air_temperature,2026-08-19 03:00:00+00:00,,19.027984959760715,,False
101990961244800083,air_temperature,2026-08-19 04:00:00+00:00,21.7,19.60413902588461,,False
101990961244800083,air_temperature,2026-08-19 05:00:00+00:00,22.55,22.845168334591484,21.7,True
101990961244800083,air_temperature,2026-08-19 06:00:00+00:00,23.975,24.945963808267102,22.55,True
101990961244800083,air_temperature,2026-08-19 07:00:00+00:00,25.6,26.002245636451757,23.975,True
101990961244800083,air_temperature,2026-08-19 08:00:00+00:00,26.2,27.11294013549793,25.6,True
101990961244800083,air_temperature,2026-08-19 09:00:00+00:00,,27.160045923555703,26.2,False
101990961244800083,air_temperature,2026-08-19 10:00:00+00:00,28.450000000000003,28.4473011131845,,False
101990961244800083,air_temperature,2026-08-19 11:00:00+00:00,29.75,28.809594863623293,28.450000000000003,True
101990961244800083,air_temperature,2026-08-19 12:00:00+00:00,30.5,28.32289068477689,29.75,True
101990961244800083,air_temperature,2026-08-19 13:00:00+00:00,,28.445864311347915,30.5,False
101990961244800083,air_temperature,2026-08-19 14:00:00+00:00,28.6,27.07359715427972,,False
101990961244800083,air_temperature,2026-08-19 15:00:00+00:00,,26.014919724767566,28.6,False
101990961244800083,air_temperature,2026-08-19 16:00:00+00:00,,23.93822961782512,,False
101990961244800083,air_temperature,2026-08-19 17:00:00+00:00,17.7,22.90429737437461,,False
101990961244800083,air_temperature,2026-08-19 18:00:00+00:00,17.55,17.606672003251038,17.7,True
101990961244800083,air_temperature,2026-08-19 19:00:00+00:00,18.1,17.560047456208025,17.55,True
101990961244800083,air_temperature,2026-08-19 20:00:00+00:00,18.6,18.290229065580668,18.1,True
101990961244800083,air_temperature,2026-08-19 21:00:00+00:00,,18.666608513537167,18.6,False
101990961244800083,air_temperature,2026-08-19 22:00:00+00:00,,18.783629586455987,,False
101990961244800083,air_temperature,2026-08-19 23:00:00+00:00,,18.738506424739203,,False
101990961244800083,air_temperature,2026-08-20 00:00:00+00:00,,18.78286734365905,,False
101990961244800083,air_temperature,2026-08-20 01:00:00+00:00,,18.887292324437535,,False
101990961244800083,air_temperature,2026-08-20 02:00:00+00:00,,18.90700752301331,,False
101990961244800083,air_temperature,2026-08-20 03:00:00+00:00,,18.83573426810786,,False
101990961244800083,air_temperature,2026-08-20 04:00:00+00:00,,19.527785847194234,,False
101990961244800083,air_temperature,2026-08-20 05:00:00+00:00,,20.94992289215211,,False
101990961244800083,air_temperature,2026-08-20 06:00:00+00:00,,23.41578369712271,,False
101990961244800083,air_temperature,2026-08-20 07:00:00+00:00,,25.431257213293645,,False
101990961244800083,air_temperature,2026-08-20 08:00:00+00:00,,26.817587841163057,,False
101990961244800083,air_temperature,2026-08-20 09:00:00+00:00,27.1,27.667866794422284,,False
101990961244800083,air_temperature,2026-08-20 10:00:00+00:00,27.45,28.374076875510728,27.1,True
101990961244800083,air_temperature,2026-08-20 11:00:00+00:00,28.25,28.0636324138697,27.45,True
101990961244800083,air_temperature,2026-08-20 12:00:00+00:00,27.75,27.499866882854395,28.25,True
101990961244800083,air_temperature,2026-08-20 13:00:00+00:00,25.5,26.478047633700424,27.75,True
101990961244800083,air_temperature,2026-08-20 14:00:00+00:00,18.2,24.613170530766215,25.5,True
101990961244800083,air_temperature,2026-08-20 15:00:00+00:00,18.1,17.036025975510526,18.2,True
101990961244800083,air_temperature,2026-08-20 16:00:00+00:00,18.0,16.872472731053065,18.1,True
101990961244800083,air_temperature,2026-08-20 17:00:00+00:00,18.075000000000003,17.463093568273987,18.0,True
101990961244800083,air_temperature,2026-08-20 18:00:00+00:00,17.966666666666665,17.914197838111022,18.075000000000003,True
101990961244800083,air_temperature,2026-08-20 19:00:00+00:00,18.1,17.957240286366506,17.966666666666665,True
101990961244800083,air_temperature,2026-08-20 20:00:00+00:00,,18.29747392623012,18.1,False
101990961244800083,air_temperature,2026-08-20 21:00:00+00:00,,18.396166762969216,,False
101990961244800083,air_temperature,2026-08-20 22:00:00+00:00,,18.537337798174605,,False
101990961244800083,air_temperature,2026-08-20 23:00:00+00:00,,18.510076106053074,,False
101990961244800083,air_temperature,2026-08-21 00:00:00+00:00,,18.56646605392453,,False
101990961244800083,air_temperature,2026-08-21 01:00:00+00:00,,18.67739475633382,,False
101990961244800083,air_temperature,2026-08-21 02:00:00+00:00,,18.698254427335087,,False
101990961244800083,air_temperature,2026-08-21 03:00:00+00:00,,18.622795617107666,,False
101990961244800083,air_temperature,2026-08-21 04:00:00+00:00,,19.305224742960355,,False
101990961244800083,air_temperature,2026-08-21 05:00:00+00:00,,20.76366246785801,,False
101990961244800083,air_temperature,2026-08-21 06:00:00+00:00,,23.29106243485646,,False
101990961244800083,air_temperature,2026-08-21 07:00:00+00:00,25.8,25.32748603415514,,False
101990961244800083,air_temperature,2026-08-21 08:00:00+00:00,26.4,27.156314630975846,25.8,True
101990961244800083,air_temperature,2026-08-21 09:00:00+00:00,,27.29668450869924,26.4,False
101990961244800083,air_temperature,2026-08-21 10:00:00+00:00,28.75,28.405802212653576,,False
101990961244800083,air_temperature,2026-08-21 11:00:00+00:00,,29.148562649677356,28.75,False
101990961244800083,air_temperature,2026-08-21 12:00:00+00:00,29.0,28.19981246643095,,False
101990961244800083,air_temperature,2026-08-21 13:00:00+00:00,28.9,27.41371594963461,29.0,True
101990961244800083,air_temperature,2026-08-21 14:00:00+00:00,27.03333333333333,26.53588632134776,28.9,True
101990961244800083,air_temperature,2026-08-21 15:00:00+00:00,25.7,24.804687489736015,27.03333333333333,True
101990961244800083,air_temperature,2026-08-21 16:00:00+00:00,23.4,23.6066922604842,25.7,True
101990961244800083,air_temperature,2026-08-21 17:00:00+00:00,22.5,22.27198202516174,23.4,True
101990961244800083,air_temperature,2026-08-21 18:00:00+00:00,,21.69624651798088,22.5,False
101990961244800083,air_temperature,2026-08-21 19:00:00+00:00,,21.127309088654293,,False
101990961244800083,air_temperature,2026-08-21 20:00:00+00:00,,20.8633867838531,,False
101990961244800083,air_temperature,2026-08-21 21:00:00+00:00,,20.58815335802522,,False
101990961244800083,air_temperature,2026-08-21 22:00:00+00:00,,20.411304919402074,,False
101990961244800083,air_temperature,2026-08-21 23:00:00+00:00,,20.11387117204888,,False
101990961244800083,air_temperature,2026-08-22 00:00:00+00:00,,19.941038264385835,,False
101990961244800083,air_temperature,2026-08-22 01:00:00+00:00,,19.857840635209115,,False
101990961244800083,air_temperature,2026-08-22 02:00:00+00:00,,19.714713931439647,,False
101990961244800083,air_temperature,2026-08-22 03:00:00+00:00,,19.501221690245536,,False
101990961244800083,air_temperature,2026-08-22 04:00:00+00:00,,20.068045964340655,,False
101990961244800083,air_temperature,2026-08-22 05:00:00+00:00,20.0,21.43339021550945,,False
101990961244800083,air_temperature,2026-08-22 06:00:00+00:00,22.0,22.671653776399367,20.0,True
101990961244800083,air_temperature,2026-08-22 07:00:00+00:00,,24.266917251514297,22.0,False
101990961244800083,air_temperature,2026-08-22 08:00:00+00:00,,25.74847045472299,,False
101990961244800083,air_temperature,2026-08-22 09:00:00+00:00,28.0,26.776884681259176,,False
101990961244800083,air_temperature,2026-08-22 10:00:00+00:00,28.65,29.06967551722747,28.0,True
101990961244800083,air_temperature,2026-08-22 11:00:00+00:00,29.3,29.105045670370977,28.65,True
101990961244800083,air_temperature,2026-08-22 12:00:00+00:00,29.2,28.369963444140353,29.3,True
101990961244800083,air_temperature,2026-08-22 13:00:00+00:00,27.766666666666666,27.837837016555394,29.2,True
101990961244800083,air_temperature,2026-08-22 14:00:00+00:00,25.2,25.956947014418546,27.766666666666666,True
101990961244800083,air_temperature,2026-08-22 15:00:00+00:00,,23.320417010222716,25.2,False
101990961244800083,air_temperature,2026-08-22 16:00:00+00:00,20.7,21.498446229368092,,False
101990961244800083,air_temperature,2026-08-22 17:00:00+00:00,20.23333333333333,19.97902399173836,20.7,True
101990961244800083,air_temperature,2026-08-22 18:00:00+00:00,19.9,19.752124941465866,20.23333333333333,True
101990961244800083,air_temperature,2026-08-22 19:00:00+00:00,19.4,19.576075115434953,19.9,True
101990961244800083,air_temperature,2026-08-22 20:00:00+00:00,,19.375274102996407,19.4,False
101990961244800083,air_temperature,2026-08-22 21:00:00+00:00,,19.30156755981825,,False
101990961244800083,air_temperature,2026-08-22 22:00:00+00:00,,19.293392448493456,,False
101990961244800083,air_temperature,2026-08-22 23:00:00+00:00,,19.136088717355808,,False
101990961244800083,air_temperature,2026-08-23 00:00:00+00:00,,19.078420411037477,,False
101990961244800083,air_temperature,2026-08-23 01:00:00+00:00,,19.08836243018703,,False
101990961244800083,air_temperature,2026-08-23 02:00:00+00:00,,19.01872852749342,,False
101990961244800083,air_temperature,2026-08-23 03:00:00+00:00,,18.86095870891531,,False
101990961244800083,air_temperature,2026-08-23 04:00:00+00:00,,19.467157770016474,,False
101990961244800083,air_temperature,2026-08-23 05:00:00+00:00,,20.856713049980545,,False
101990961244800083,air_temperature,2026-08-23 06:00:00+00:00,,23.287993311705037,,False
101990961244800083,air_temperature,2026-08-23 07:00:00+00:00,,25.413127541780373,,False
101990961244800083,air_temperature,2026-08-23 08:00:00+00:00,,26.82629655311957,,False
101990961244800083,air_temperature,2026-08-23 09:00:00+00:00,28.85,27.771777626033785,,False
101990961244800083,air_temperature,2026-08-23 10:00:00+00:00,,29.726583680982632,28.85,False
101990961244800083,air_temperature,2026-08-23 11:00:00+00:00,,30.024867668858604,,False
101990961244800083,air_temperature,2026-08-23 12:00:00+00:00,29.65,29.078598435940947,,False
101990961244800083,air_temperature,2026-08-23 13:00:00+00:00,27.3,28.14039027249163,29.65,True
101990961244800083,air_temperature,2026-08-23 14:00:00+00:00,,25.451830206504965,27.3,False
101990961244800083,air_temperature,2026-08-23 15:00:00+00:00,,23.43341084397621,,False
101990961244800083,air_temperature,2026-08-23 16:00:00+00:00,23.4,21.53963639812075,,False
101990961244800083,air_temperature,2026-08-23 17:00:00+00:00,22.4,22.300127649428553,23.4,True
101990961244800083,air_temperature,2026-08-23 18:00:00+00:00,,21.623623155381974,22.4,False
101990961244800083,air_temperature,2026-08-23 19:00:00+00:00,,21.02274414564707,,False
101990961244800083,air_temperature,2026-08-23 20:00:00+00:00,,20.76821855091189,,False
101990961244800083,air_temperature,2026-08-23 21:00:00+00:00,,20.500348421060806,,False
101990961244800083,air_temperature,2026-08-23 22:00:00+00:00,,20.328617612861077,,False
101990961244800083,air_temperature,2026-08-23 23:00:00+00:00,,20.034190266534388,,False
101990961244800083,air_temperature,2026-08-24 00:00:00+00:00,,19.862329292097964,,False
101990961244800083,air_temperature,2026-08-24 01:00:00+00:00,,19.77809394439919,,False
101990961244800083,air_temperature,2026-08-24 02:00:00+00:00,,19.631893374699146,,False
101990961244800083,air_temperature,2026-08-24 03:00:00+00:00,,19.41321263610491,,False
101990961244800083,air_temperature,2026-08-24 04:00:00+00:00,,19.972601304814237,,False
101990961244800083,air_temperature,2026-08-24 05:00:00+00:00,21.7,21.328261979663313,,False
101990961244800083,air_temperature,2026-08-24 06:00:00+00:00,24.5,24.062808437933555,21.7,True
101990961244800083,air_temperature,2026-08-24 07:00:00+00:00,26.65,26.450325890826804,24.5,True
101990961244800083,air_temperature,2026-08-24 08:00:00+00:00,28.8,27.88923533130168,26.65,True
101990961244800083,air_temperature,2026-08-24 09:00:00+00:00,,29.45186684023561,28.8,False
101990961244800083,air_temperature,2026-08-24 10:00:00+00:00,30.78,30.286114907270008,,False
101990961244800083,air_temperature,2026-08-24 11:00:00+00:00,31.5,30.938026856996768,30.78,True
101990961244800083,air_temperature,2026-08-24 12:00:00+00:00,31.950000000000003,30.31909836754585,31.5,True
101990961244800083,air_temperature,2026-08-24 13:00:00+00:00,,29.983759417551163,31.950000000000003,False
101990961244800083,air_temperature,2026-08-24 14:00:00+00:00,24.76666666666667,27.857434049612337,,False
101990961244800083,air_temperature,2026-08-24 15:00:00+00:00,20.5,22.97236698699715,24.76666666666667,True
101990961244800083,air_temperature,2026-08-24 16:00:00+00:00,20.5,19.213907632116815,20.5,True
101990961244800083,air_temperature,2026-08-24 17:00:00+00:00,19.5,19.82831643488706,20.5,True
101990961244800083,air_temperature,2026-08-24 18:00:00+00:00,,19.1465859844631,19.5,False
101990961244800083,air_temperature,2026-08-24 19:00:00+00:00,,18.92296103802858,,False
101990961244800083,air_temperature,2026-08-24 20:00:00+00:00,,18.979399701800002,,False
101990961244800083,air_temperature,2026-08-24 21:00:00+00:00,,18.97656710131781,,False
101990961244800083,air_temperature,2026-08-24 22:00:00+00:00,,19.03096757785684,,False
101990961244800083,air_temperature,2026-08-24 23:00:00+00:00,,18.929539022395552,,False
101990961244800083,air_temperature,2026-08-25 00:00:00+00:00,,18.92247212285931,,False
101990961244800083,air_temperature,2026-08-25 01:00:00+00:00,,18.97903376987714,,False
101990961244800083,air_temperature,2026-08-25 02:00:00+00:00,,18.95322804043336,,False
101990961244800083,air_temperature,2026-08-25 03:00:00+00:00,,18.837613991578,,False
101990961244800083,air_temperature,2026-08-25 04:00:00+00:00,,19.485372769381666,,False
101990961244800083,air_temperature,2026-08-25 05:00:00+00:00,,20.916963856800024,,False
101990961244800083,air_temperature,2026-08-25 06:00:00+00:00,,23.4508706953959,,False
101990961244800083,air_temperature,2026-08-25 07:00:00+00:00,,25.569604776129946,,False
101990961244800083,air_temperature,2026-08-25 08:00:00+00:00,,27.089879248157143,,False
101990961244800083,air_temperature,2026-08-25 09:00:00+00:00,,28.017581174667146,,False
101990961244800083,air_temperature,2026-08-25 10:00:00+00:00,,29.08706096661604,,False
101990961244800083,air_temperature,2026-08-25 11:00:00+00:00,,29.55417274545993,,False
101990961244800083,air_temperature,2026-08-25 12:00:00+00:00,,28.874600223190683,,False
101990961244800083,air_temperature,2026-08-25 13:00:00+00:00,,27.205468465760525,,False
101990961244800083,air_temperature,2026-08-25 14:00:00+00:00,,25.215661808299103,,False
101990961244800083,air_temperature,2026-08-25 15:00:00+00:00,,22.94867111930182,,False
101990961244800083,air_temperature,2026-08-25 16:00:00+00:00,,21.43198666558296,,False
101990961244800083,air_temperature,2026-08-25 17:00:00+00:00,,20.57329650404473,,False
101990961244800083,air_temperature,2026-08-25 18:00:00+00:00,,20.060157739801102,,False
101990961244800083,air_temperature,2026-08-25 19:00:00+00:00,,19.701164916872663,,False
101990961244800083,air_temperature,2026-08-25 20:00:00+00:00,,19.64139919977364,,False
101990961244800083,air_temperature,2026-08-25 21:00:00+00:00,,19.539265107362056,,False
101990961244800083,air_temperature,2026-08-25 22:00:00+00:00,,19.508731284107817,,False
101990961244800083,air_temperature,2026-08-25 23:00:00+00:00,,19.334567020700625,,False
101990961244800083,air_temperature,2026-08-26 00:00:00+00:00,,19.265105866898267,,False
101990961244800083,air_temperature,2026-08-26 01:00:00+00:00,,19.26802162027675,,False
101990961244800083,air_temperature,2026-08-26 02:00:00+00:00,,19.195948633933387,,False
101990961244800083,air_temperature,2026-08-26 03:00:00+00:00,,19.04026463746402,,False
101990961244800083,air_temperature,2026-08-26 04:00:00+00:00,,19.653127683452038,,False
101990961244800083,air_temperature,2026-08-26 05:00:00+00:00,20.1,21.054106309283693,,False
101990961244800083,air_temperature,2026-08-26 06:00:00+00:00,,22.73311290980566,20.1,False
101990961244800083,air_temperature,2026-08-26 07:00:00+00:00,,24.948198721269367,,False
101990961244800083,air_temperature,2026-08-26 08:00:00+00:00,28.9,26.5139493592413,,False
101990961244800083,air_temperature,2026-08-26 09:00:00+00:00,29.8,29.533806939633074,28.9,True
101990961244800083,air_temperature,2026-08-26 10:00:00+00:00,31.450000000000003,30.588177824883736,29.8,True
101990961244800083,air_temperature,2026-08-26 11:00:00+00:00,,31.534250200948748,31.450000000000003,False
101990961244800083,air_temperature,2026-08-26 12:00:00+00:00,33.0,30.474773533670156,,False
101990961244800083,air_temperature,2026-08-26 13:00:00+00:00,31.85,30.79760830615134,33.0,True
101990961244800083,air_temperature,2026-08-26 14:00:00+00:00,30.5,29.25583308438235,31.85,True
101990961244800083,air_temperature,2026-08-26 15:00:00+00:00,26.1,27.56745671289452,30.5,True
101990961244800083,air_temperature,2026-08-26 16:00:00+00:00,25.4,24.052998248832917,26.1,True
101990961244800083,air_temperature,2026-08-26 17:00:00+00:00,24.03333333333333,23.967157964308978,25.4,True
101990961244800083,air_temperature,2026-08-26 18:00:00+00:00,22.700000000000003,23.00311497286116,24.03333333333333,True
101990961244800083,air_temperature,2026-08-26 19:00:00+00:00,22.566666666666663,21.943910245152605,22.700000000000003,True
101990961244800083,air_temperature,2026-08-26 20:00:00+00:00,,22.07342036672134,22.566666666666663,False
101990961244800083,air_temperature,2026-08-26 21:00:00+00:00,,21.598916996606274,,False
101990961244800083,air_temperature,2026-08-26 22:00:00+00:00,,21.248602338197504,,False
101990961244800083,air_temperature,2026-08-26 23:00:00+00:00,,20.799080823814528,,False
101990961244800083,air_temperature,2026-08-27 00:00:00+00:00,,20.491655393106612,,False
101990961244800083,air_temperature,2026-08-27 01:00:00+00:00,,20.287923975775534,,False
101990961244800083,air_temperature,2026-08-27 02:00:00+00:00,,20.03524466777855,,False
101990961244800083,air_temperature,2026-08-27 03:00:00+00:00,,19.7203838337751,,False
101990961244800083,air_temperature,2026-08-27 04:00:00+00:00,,20.191435311894583,,False
101990961244800083,air_temperature,2026-08-27 05:00:00+00:00,,21.46434713255214,,False
101990961244800083,air_temperature,2026-08-27 06:00:00+00:00,,24.007139918693113,,False
101990961244800083,air_temperature,2026-08-27 07:00:00+00:00,,26.168214293874716,,False
101990961244800083,air_temperature,2026-08-27 08:00:00+00:00,,27.70503441631241,,False
101990961244800083,air_temperature,2026-08-27 09:00:00+00:00,,28.549862719615152,,False
101990961244800083,air_temperature,2026-08-27 10:00:00+00:00,,29.64513221399342,,False
101990961244800083,air_temperature,2026-08-27 11:00:00+00:00,,30.168760078982245,,False
101990961244800083,air_temperature,2026-08-27 12:00:00+00:00,,29.50993779932549,,False
101990961244800083,air_temperature,2026-08-27 13:00:00+00:00,,27.973816401857263,,False
101990961244800083,air_temperature,2026-08-27 14:00:00+00:00,,26.141186349059303,,False
101990961244800083,air_temperature,2026-08-27 15:00:00+00:00,28.0,23.63747335847849,,False
101990961244800083,air_temperature,2026-08-27 16:00:00+00:00,,25.85686760146927,28.0,False
101990961244800083,air_temperature,2026-08-27 17:00:00+00:00,24.3,24.367437065621083,,False
101990961244800083,air_temperature,2026-08-27 18:00:00+00:00,,23.184611805518262,24.3,False
101990961244800083,air_temperature,2026-08-27 19:00:00+00:00,,22.455267251263393,,False
101990961244800083,air_temperature,2026-08-27 20:00:00+00:00,,21.989163668234387,,False
101990961244800083,air_temperature,2026-08-27 21:00:00+00:00,,21.539644676686144,,False
101990961244800083,air_temperature,2026-08-27 22:00:00+00:00,,21.212801016850012,,False
101990961244800083,air_temperature,2026-08-27 23:00:00+00:00,,20.785836397293373,,False
101990961244800083,air_temperature,2026-08-28 00:00:00+00:00,,20.500629695693036,,False
101990961244800083,air_temperature,2026-08-28 01:00:00+00:00,,20.319346145662696,,False
101990961244800083,air_temperature,2026-08-28 02:00:00+00:00,,20.089916997439477,,False
101990961244800083,air_temperature,2026-08-28 03:00:00+00:00,,19.799702254767915,,False
101990961244800083,air_temperature,2026-08-28 04:00:00+00:00,,20.29742503707935,,False
101990961244800083,air_temperature,2026-08-28 05:00:00+00:00,,21.599714291810013,,False
101990961244800083,air_temperature,2026-08-28 06:00:00+00:00,,24.1212691497907,,False
101990961244800083,air_temperature,2026-08-28 07:00:00+00:00,,26.264075131593586,,False
101990961244800083,air_temperature,2026-08-28 08:00:00+00:00,,27.7849298271638,,False
101990961244800083,air_temperature,2026-08-28 09:00:00+00:00,,28.664698503087145,,False
101990961244800083,air_temperature,2026-08-28 10:00:00+00:00,,29.770322592796795,,False
101990961244800083,air_temperature,2026-08-28 11:00:00+00:00,,30.295346163760655,,False
101990961244800083,air_temperature,2026-08-28 12:00:00+00:00,,29.640983989188058,,False
101990961244800083,air_temperature,2026-08-28 13:00:00+00:00,,28.146569522275573,,False
101990961244800083,air_temperature,2026-08-28 14:00:00+00:00,,26.362727079383667,,False
101990961244800083,air_temperature,2026-08-28 15:00:00+00:00,,24.065838538668647,,False
101990961244800083,air_temperature,2026-08-28 16:00:00+00:00,,22.43018269619132,,False
101990961244800083,air_temperature,2026-08-28 17:00:00+00:00,,21.437848712856393,,False
101990961244800083,air_temperature,2026-08-28 18:00:00+00:00,,20.7598493043034,,False
101990961244800083,air_temperature,2026-08-28 19:00:00+00:00,,20.357393258319167,,False
101990961244800083,air_temperature,2026-08-28 20:00:00+00:00,,20.19805883615946,,False
101990961244800083,air_temperature,2026-08-28 21:00:00+00:00,,20.009577283940352,,False
101990961244800083,air_temperature,2026-08-28 22:00:00+00:00,,19.90470432944136,,False
101990961244800083,air_temperature,2026-08-28 23:00:00+00:00,,19.666311190086482,,False
101990961244800083,air_temperature,2026-08-29 00:00:00+00:00,,19.54109148040035,,False
101990961244800083,air_temperature,2026-08-29 01:00:00+00:00,,19.49529533201154,,False
101990961244800083,air_temperature,2026-08-29 02:00:00+00:00,,19.380313352767352,,False
101990961244800083,air_temperature,2026-08-29 03:00:00+00:00,,19.18642769031776,,False
101990961244800083,air_temperature,2026-08-29 04:00:00+00:00,,19.76482100448465,,False
101990961244800083,air_temperature,2026-08-29 05:00:00+00:00,19.9,21.134181978265705,,False
101990961244800083,air_temperature,2026-08-29 06:00:00+00:00,,22.65676322708712,19.9,False
101990961244800083,air_temperature,2026-08-29 07:00:00+00:00,,24.997490566595047,,False
101990961244800083,air_temperature,2026-08-29 08:00:00+00:00,28.933333333333334,26.682239462104796,,False
101990961244800083,air_temperature,2026-08-29 09:00:00+00:00,30.066666666666663,29.608919531369214,28.933333333333334,True
101990961244800083,air_temperature,2026-08-29 10:00:00+00:00,30.566666666666663,30.92998014112372,30.066666666666663,True
101990961244800083,air_temperature,2026-08-29 11:00:00+00:00,31.0,30.93617591212745,30.566666666666663,True
101990961244800083,air_temperature,2026-08-29 12:00:00+00:00,32.8,30.196052603922432,31.0,True
101990961244800083,air_temperature,2026-08-29 13:00:00+00:00,31.575,30.78455383081636,32.8,True
101990961244800083,air_temperature,2026-08-29 14:00:00+00:00,28.75,29.218609058894543,31.575,True
101990961244800083,air_temperature,2026-08-29 15:00:00+00:00,27.0,26.03665358710273,28.75,True
101990961244800083,air_temperature,2026-08-29 16:00:00+00:00,24.7,24.920438940735405,27.0,True
101990961244800083,air_temperature,2026-08-29 17:00:00+00:00,23.44,23.368724685318355,24.7,True
101990961244800083,air_temperature,2026-08-29 18:00:00+00:00,22.83333333333333,22.459535663908532,23.44,True
101990961244800083,air_temperature,2026-08-29 19:00:00+00:00,22.28,22.113663148972588,22.83333333333333,True
101990961244800083,air_temperature,2026-08-29 20:00:00+00:00,21.9,21.823131126291496,22.28,True
101990961244800083,air_temperature,2026-08-29 21:00:00+00:00,,21.44300274982652,21.9,False
101990961244800083,air_temperature,2026-08-29 22:00:00+00:00,,21.106213292873278,,False
101990961244800083,air_temperature,2026-08-29 23:00:00+00:00,,20.666581402903784,,False
101990961244800083,air_temperature,2026-08-30 00:00:00+00:00,,20.365662529396335,,False
101990961244800083,air_temperature,2026-08-30 01:00:00+00:00,,20.165220731750832,,False
101990961244800083,air_temperature,2026-08-30 02:00:00+00:00,,19.91269809974231,,False
101990961244800083,air_temperature,2026-08-30 03:00:00+00:00,,19.594864998389426,,False
101990961244800083,air_temperature,2026-08-30 04:00:00+00:00,,20.059739373163403,,False
101990961244800083,air_temperature,2026-08-30 05:00:00+00:00,,21.323111930196767,,False
101990961244800083,air_temperature,2026-08-30 06:00:00+00:00,,23.977255620023765,,False
101990961244800083,air_temperature,2026-08-30 07:00:00+00:00,19.0,26.25062939257111,,False
101990961244800083,air_temperature,2026-08-30 08:00:00+00:00,,21.776091602907997,19.0,False
101990961244800083,air_temperature,2026-08-30 09:00:00+00:00,,23.599299521582598,,False
101990961244800083,air_temperature,2026-08-30 10:00:00+00:00,31.133333333333336,25.355538090154937,,False
101990961244800083,air_temperature,2026-08-30 11:00:00+00:00,,31.405187051348395,31.133333333333336,False
101990961244800083,air_temperature,2026-08-30 12:00:00+00:00,32.8,30.92999117834491,,False
101990961244800083,air_temperature,2026-08-30 13:00:00+00:00,30.9,30.90035773077074,32.8,True
101990961244800083,air_temperature,2026-08-30 14:00:00+00:00,30.4,28.56810164871845,30.9,True
101990961244800083,air_temperature,2026-08-30 15:00:00+00:00,27.066666666666663,27.58172683492325,30.4,True
101990961244800083,air_temperature,2026-08-30 16:00:00+00:00,25.2,24.948641897386683,27.066666666666663,True
101990961244800083,air_temperature,2026-08-30 17:00:00+00:00,23.7,23.80994567167631,25.2,True
101990961244800083,air_temperature,2026-08-30 18:00:00+00:00,,22.749638266692987,23.7,False
101990961244800083,air_temperature,2026-08-30 19:00:00+00:00,,22.079528683016886,,False
101990961244800083,air_temperature,2026-08-30 20:00:00+00:00,,21.684393663328358,,False
101990961244800083,air_temperature,2026-08-30 21:00:00+00:00,,21.20415323534249,,False
101990961244800083,air_temperature,2026-08-30 22:00:00+00:00,,20.83802211314205,,False
101990961244800083,air_temperature,2026-08-30 23:00:00+00:00,,20.362200910630158,,False
101990961244800083,air_temperature,2026-08-31 00:00:00+00:00,,20.017321070072757,,False
101990961244800083,air_temperature,2026-08-31 01:00:00+00:00,,19.764024208625756,,False
101990961244800083,air_temperature,2026-08-31 02:00:00+00:00,,19.448402886997883,,False
101990961244800083,air_temperature,2026-08-31 03:00:00+00:00,,19.055616391026387,,False
101990961244800083,air_temperature,2026-08-31 04:00:00+00:00,,19.43176889685108,,False
101990961244800083,air_temperature,2026-08-31 05:00:00+00:00,,20.590386692980616,,False
101990961244800083,air_temperature,2026-08-31 06:00:00+00:00,,23.033429847801532,,False
101990961244800083,air_temperature,2026-08-31 07:00:00+00:00,,25.051913460815832,,False
101990961244800083,air_temperature,2026-08-31 08:00:00+00:00,,27.16639487277687,,False
101990961244800083,air_temperature,2026-08-31 09:00:00+00:00,,28.482002377866525,,False
101990961244800083,air_temperature,2026-08-31 10:00:00+00:00,,29.889503653178775,,False
101990961244800083,air_temperature,2026-08-31 11:00:00+00:00,,30.46768355836604,,False
101990961244800083,air_temperature,2026-08-31 12:00:00+00:00,,30.149645930985734,,False
101990961244800083,air_temperature,2026-08-31 13:00:00+00:00,,28.59522868368339,,False
101990961244800083,air_temperature,2026-08-31 14:00:00+00:00,,26.88863444700898,,False
101990961244800083,air_temperature,2026-08-31 15:00:00+00:00,,24.465702688706173,,False
101990961244800083,air_temperature,2026-08-31 16:00:00+00:00,,22.778219059704455,,False
101990961244800083,air_temperature,2026-08-31 17:00:00+00:00,,21.72713475190012,,False
101990961244800083,air_temperature,2026-08-31 18:00:00+00:00,,21.04988013852823,,False
101990961244800083,air_temperature,2026-08-31 19:00:00+00:00,,20.622947142268323,,False
101990961244800083,air_temperature,2026-08-31 20:00:00+00:00,,20.440075922019748,,False
101990961244800083,air_temperature,2026-08-31 21:00:00+00:00,,20.164174774310823,,False
101990961244800083,air_temperature,2026-08-31 22:00:00+00:00,,19.975829486384225,,False
101990961244800083,air_temperature,2026-08-31 23:00:00+00:00,,19.65578002245407,,False
101990961244800083,air_temperature,2026-09-01 00:00:00+00:00,,19.44863509605126,,False
101990961244800083,air_temperature,2026-09-01 01:00:00+00:00,,19.318553066978577,,False
101990961244800083,air_temperature,2026-09-01 02:00:00+00:00,,19.114772501867787,,False
101990961244800083,air_temperature,2026-09-01 03:00:00+00:00,,18.825308281744306,,False
101990961244800083,air_temperature,2026-09-01 04:00:00+00:00,,19.298902678223428,,False
101990961244800083,air_temperature,2026-09-01 05:00:00+00:00,,20.55156993324639,,False
101990961244800083,air_temperature,2026-09-01 06:00:00+00:00,,23.084903218901882,,False
101990961244800083,air_temperature,2026-09-01 07:00:00+00:00,27.5,25.19499121689811,,False
101990961244800083,air_temperature,2026-09-01 08:00:00+00:00,,29.146540546655114,27.5,False
101990961244800083,air_temperature,2026-09-01 09:00:00+00:00,,30.056394966764316,,False
101990961244800083,air_temperature,2026-09-01 10:00:00+00:00,,31.106766281344978,,False
101990961244800083,air_temperature,2026-09-01 11:00:00+00:00,31.35,31.460718263580148,,False
101990961244800083,air_temperature,2026-09-01 12:00:00+00:00,32.2,30.842590282443847,31.35,True
101990961244800083,air_temperature,2026-09-01 13:00:00+00:00,32.15,30.342758689940535,32.2,True
101990961244800083,air_temperature,2026-09-01 14:00:00+00:00,28.25,29.824993826681958,32.15,True
101990961244800083,air_temperature,2026-09-01 15:00:00+00:00,27.166666666666668,25.6558926027086,28.25,True
101990961244800083,air_temperature,2026-09-01 16:00:00+00:00,25.3,25.07247062743142,27.166666666666668,True
101990961244800083,air_temperature,2026-09-01 17:00:00+00:00,24.0,23.888651807160986,25.3,True
101990961244800083,air_temperature,2026-09-01 18:00:00+00:00,,22.99703558948995,24.0,False
101990961244800083,air_temperature,2026-09-01 19:00:00+00:00,,22.294919040185746,,False
101990961244800083,air_temperature,2026-09-01 20:00:00+00:00,,21.88051616514556,,False
101990961244800083,air_temperature,2026-09-01 21:00:00+00:00,,21.41135539622359,,False
101990961244800083,air_temperature,2026-09-01 22:00:00+00:00,,21.06159436156822,,False
101990961244800083,air_temperature,2026-09-01 23:00:00+00:00,,20.607851647210502,,False
101990961244800083,air_temperature,2026-09-02 00:00:00+00:00,,20.291322418544404,,False
101990961244800083,air_temperature,2026-09-02 01:00:00+00:00,,20.07337216007102,,False
101990961244800083,air_temperature,2026-09-02 02:00:00+00:00,,19.80099592627261,,False
101990961244800083,air_temperature,2026-09-02 03:00:00+00:00,,19.46045716633943,,False
101990961244800083,air_temperature,2026-09-02 04:00:00+00:00,,19.8991940816487,,False
101990961244800083,air_temperature,2026-09-02 05:00:00+00:00,20.4,21.132330895885858,,False
101990961244800083,air_temperature,2026-09-02 06:00:00+00:00,,23.046857456951727,20.4,False
101990961244800083,air_temperature,2026-09-02 07:00:00+00:00,27.5,25.272880899030827,,False
101990961244800083,air_temperature,2026-09-02 08:00:00+00:00,29.1,29.116659726351795,27.5,True
101990961244800083,air_temperature,2026-09-02 09:00:00+00:00,28.9,30.001022688430297,29.1,True
101990961244800083,air_temperature,2026-09-02 10:00:00+00:00,31.2,30.122549754102703,28.9,True
101990961244800083,air_temperature,2026-09-02 11:00:00+00:00,31.4,31.513036585238513,31.2,True
101990961244800083,air_temperature,2026-09-02 12:00:00+00:00,31.73333333333333,31.083497900596665,31.4,True
101990961244800083,air_temperature,2026-09-02 13:00:00+00:00,31.33333333333333,30.210296961369387,31.73333333333333,True
101990961244800083,air_temperature,2026-09-02 14:00:00+00:00,29.380000000000003,28.881368816508896,31.33333333333333,True
101990961244800083,air_temperature,2026-09-02 15:00:00+00:00,27.2,26.837797709390685,29.380000000000003,True
101990961244800083,air_temperature,2026-09-02 16:00:00+00:00,25.700000000000003,25.128912332585287,27.2,True
101990961244800083,air_temperature,2026-09-02 17:00:00+00:00,23.1,24.240981312883598,25.700000000000003,True
101990961244800083,air_temperature,2026-09-02 18:00:00+00:00,,22.22078224120823,23.1,False
101990961244800083,air_temperature,2026-09-02 19:00:00+00:00,,21.62262897393411,,False
101990961244800083,air_temperature,2026-09-02 20:00:00+00:00,,21.293905038431213,,False
101990961244800083,air_temperature,2026-09-02 21:00:00+00:00,,20.893035799324817,,False
101990961244800083,air_temperature,2026-09-02 22:00:00+00:00,,20.5983322032738,,False
101990961244800083,air_temperature,2026-09-02 23:00:00+00:00,,20.18781859920771,,False
101990961244800083,air_temperature,2026-09-03 00:00:00+00:00,,19.903793907906802,,False
101990961244800083,air_temperature,2026-09-03 01:00:00+00:00,,19.70845354209981,,False
101990961244800083,air_temperature,2026-09-03 02:00:00+00:00,,19.449369847598565,,False
101990961244800083,air_temperature,2026-09-03 03:00:00+00:00,,19.113145667857427,,False
101990961244800083,air_temperature,2026-09-03 04:00:00+00:00,21.2,19.547329367126114,,False
101990961244800083,air_temperature,2026-09-03 05:00:00+00:00,21.9,22.14203298889836,21.2,True
101990961244800083,air_temperature,2026-09-03 06:00:00+00:00,,24.468756605151604,21.9,False
101990961244800083,air_temperature,2026-09-03 07:00:00+00:00,,26.661903560635025,,False
101990961244800083,air_temperature,2026-09-03 08:00:00+00:00,29.96666666666667,28.402941622794707,,False
101990961244800083,air_temperature,2026-09-03 09:00:00+00:00,31.3,30.54152385770916,29.96666666666667,True
101990961244800083,air_temperature,2026-09-03 10:00:00+00:00,31.05,32.32606688192802,31.3,True
101990961244800083,air_temperature,2026-09-03 11:00:00+00:00,30.8,31.365134000164943,31.05,True
101990961244800083,air_temperature,2026-09-03 12:00:00+00:00,32.0,30.60009503719936,30.8,True
101990961244800083,air_temperature,2026-09-03 13:00:00+00:00,,30.501189175035137,32.0,False
101990961244800083,air_temperature,2026-09-03 14:00:00+00:00,30.8,28.31812136096987,,False
101990961244800083,air_temperature,2026-09-03 15:00:00+00:00,28.7,28.01800730738079,30.8,True
101990961244800083,air_temperature,2026-09-03 16:00:00+00:00,26.85,26.474869594408897,28.7,True
101990961244800083,air_temperature,2026-09-03 17:00:00+00:00,,25.05831509105321,26.85,False
101990961244800083,air_temperature,2026-09-03 18:00:00+00:00,,23.904977276010683,,False
101990961244800083,air_temperature,2026-09-03 19:00:00+00:00,,23.07573301246313,,False
101990961244800083,air_temperature,2026-09-03 20:00:00+00:00,,22.55423552067346,,False
101990961244800083,air_temperature,2026-09-03 21:00:00+00:00,,21.994079904872933,,False
101990961244800083,air_temperature,2026-09-03 22:00:00+00:00,,21.568514538267404,,False
101990961244800083,air_temperature,2026-09-03 23:00:00+00:00,,21.051911062272765,,False
101990961244800083,air_temperature,2026-09-04 00:00:00+00:00,,20.683859321885706,,False
101990961244800083,air_temperature,2026-09-04 01:00:00+00:00,,20.424409349178095,,False
101990961244800083,air_temperature,2026-09-04 02:00:00+00:00,,20.119496324316774,,False
101990961244800083,air_temperature,2026-09-04 03:00:00+00:00,,19.75455294474376,,False
101990961244800083,air_temperature,2026-09-04 04:00:00+00:00,20.8,20.176395046450263,,False
101990961244800083,air_temperature,2026-09-04 05:00:00+00:00,22.5,21.753129716281443,20.8,True
101990961244800083,air_temperature,2026-09-04 06:00:00+00:00,26.4,24.991825330633166,22.5,True
101990961244800083,air_temperature,2026-09-04 07:00:00+00:00,27.9,28.285125715505043,26.4,True
101990961244800083,air_temperature,2026-09-04 08:00:00+00:00,,29.55254804437499,27.9,False
101990961244800083,air_temperature,2026-09-04 09:00:00+00:00,29.4,30.36716146087663,,False
101990961244800083,air_temperature,2026-09-04 10:00:00+00:00,29.2,30.46872934726366,29.4,True
101990961244800083,air_temperature,2026-09-04 11:00:00+00:00,30.6,29.70590065482399,29.2,True
101990961244800083,air_temperature,2026-09-04 12:00:00+00:00,31.1,30.584415106196694,30.6,True
101990961244800083,air_temperature,2026-09-04 13:00:00+00:00,27.5,29.836300977011255,31.1,True
101990961244800083,air_temperature,2026-09-04 14:00:00+00:00,20.2,25.960836601889998,27.5,True
101990961244800083,air_temperature,2026-09-04 15:00:00+00:00,22.1,19.061728681524794,20.2,True
101990961244800083,air_temperature,2026-09-04 16:00:00+00:00,21.9,20.867874512452023,22.1,True
101990961244800083,air_temperature,2026-09-04 17:00:00+00:00,21.9,20.89671184352708,21.9,True
101990961244800083,air_temperature,2026-09-04 18:00:00+00:00,,21.211952872764932,21.9,False
101990961244800083,air_temperature,2026-09-04 19:00:00+00:00,,20.779243674474714,,False
101990961244800083,air_temperature,2026-09-04 20:00:00+00:00,,20.595757390959573,,False
101990961244800083,air_temperature,2026-09-04 21:00:00+00:00,,20.32286007156092,,False
101990961244800083,air_temperature,2026-09-04 22:00:00+00:00,,20.141712501918757,,False
101990961244800083,air_temperature,2026-09-04 23:00:00+00:00,,19.833096439423862,,False
101990961244800083,air_temperature,2026-09-05 00:00:00+00:00,,19.641912379114476,,False
101990961244800083,air_temperature,2026-09-05 01:00:00+00:00,,19.53272623002795,,False
101990961244800083,air_temperature,2026-09-05 02:00:00+00:00,,19.355309961542172,,False
101990961244800083,air_temperature,2026-09-05 03:00:00+00:00,,19.09835160605353,,False
101990961244800083,air_temperature,2026-09-05 04:00:00+00:00,,19.61142373889402,,False
101990961244800083,air_temperature,2026-09-05 05:00:00+00:00,,20.879893529027257,,False
101990961244800083,air_temperature,2026-09-05 06:00:00+00:00,,23.84042690284104,,False
101990961244800083,air_temperature,2026-09-05 07:00:00+00:00,,26.012137976592154,,False
101990961244800083,air_temperature,2026-09-05 08:00:00+00:00,,27.838253286949993,,False
101990961244800083,air_temperature,2026-09-05 09:00:00+00:00,,28.79857285582533,,False
101990961244800083,air_temperature,2026-09-05 10:00:00+00:00,,29.832448289161846,,False
101990961244800083,air_temperature,2026-09-05 11:00:00+00:00,,30.40053525617743,,False
101990961244800083,air_temperature,2026-09-05 12:00:00+00:00,,30.414306648263576,,False
101990961244800083,air_temperature,2026-09-05 13:00:00+00:00,,28.89159443997548,,False
101990961244800083,air_temperature,2026-09-05 14:00:00+00:00,,26.249172531913338,,False
101990961244800083,air_temperature,2026-09-05 15:00:00+00:00,,24.596358049182733,,False
101990961244800083,air_temperature,2026-09-05 16:00:00+00:00,,23.113176011186866,,False
101990961244800083,air_temperature,2026-09-05 17:00:00+00:00,,22.075529075696945,,False
101990961244800083,air_temperature,2026-09-05 18:00:00+00:00,,21.35952003672753,,False
101990961244800083,air_temperature,2026-09-05 19:00:00+00:00,,20.90261672259049,,False
101990961244800083,air_temperature,2026-09-05 20:00:00+00:00,,20.698086373268186,,False
101990961244800083,air_temperature,2026-09-05 21:00:00+00:00,,20.406757739355186,,False
101990961244800083,air_temperature,2026-09-05 22:00:00+00:00,,20.209320988209154,,False
101990961244800083,air_temperature,2026-09-05 23:00:00+00:00,,19.886141970625005,,False
101990961244800083,air_temperature,2026-09-06 00:00:00+00:00,,19.681749350246292,,False
101990961244800083,air_temperature,2026-09-06 01:00:00+00:00,,19.56037178606172,,False
101990961244800083,air_temperature,2026-09-06 02:00:00+00:00,,19.371469967846142,,False
101990961244800083,air_temperature,2026-09-06 03:00:00+00:00,,19.103438671033434,,False
101990961244800083,air_temperature,2026-09-06 04:00:00+00:00,22.8,19.605567748994932,,False
101990961244800083,air_temperature,2026-09-06 05:00:00+00:00,,23.53326495969777,22.8,False
101990961244800083,air_temperature,2026-09-06 06:00:00+00:00,26.4,26.029686269973194,,False
101990961244800083,air_temperature,2026-09-06 07:00:00+00:00,,28.20295893267292,26.4,False
101990961244800083,air_temperature,2026-09-06 08:00:00+00:00,30.2,29.73111915507248,,False
101990961244800083,air_temperature,2026-09-06 09:00:00+00:00,31.45,30.838226927967018,30.2,True
101990961244800083,air_temperature,2026-09-06 10:00:00+00:00,32.5,32.16149370890657,31.45,True
101990961244800083,air_temperature,2026-09-06 11:00:00+00:00,32.5,32.63564329545746,32.5,True
101990961244800083,air_temperature,2026-09-06 12:00:00+00:00,32.46666666666667,32.18185397718097,32.5,True
101990961244800083,air_temperature,2026-09-06 13:00:00+00:00,30.2,30.76614633762629,32.46666666666667,True
101990961244800083,air_temperature,2026-09-06 14:00:00+00:00,,27.663660030162234,30.2,False
101990961244800083,air_temperature,2026-09-06 15:00:00+00:00,17.925,25.65841538656256,,False
101990961244800083,air_temperature,2026-09-06 16:00:00+00:00,18.65,17.398091109707643,17.925,True
101990961244800083,air_temperature,2026-09-06 17:00:00+00:00,18.4,18.237726988802784,18.65,True
101990961244800083,air_temperature,2026-09-06 18:00:00+00:00,,18.251188897570213,18.4,False
101990961244800083,air_temperature,2026-09-06 19:00:00+00:00,,18.282154594714033,,False
101990961244800083,air_temperature,2026-09-06 20:00:00+00:00,,18.50132775155258,,False
101990961244800083,air_temperature,2026-09-06 21:00:00+00:00,,18.580151188468136,,False
101990961244800083,air_temperature,2026-09-06 22:00:00+00:00,,18.706485500486956,,False
101990961244800083,air_temperature,2026-09-06 23:00:00+00:00,,18.668706557350788,,False
101990961244800083,air_temperature,2026-09-07 00:00:00+00:00,,18.71862979314737,,False
101990961244800083,air_temperature,2026-09-07 01:00:00+00:00,,18.82697728040473,,False
101990961244800083,air_temperature,2026-09-07 02:00:00+00:00,,18.849074980233393,,False
101990961244800083,air_temperature,2026-09-07 03:00:00+00:00,,18.778705053017024,,False
101990961244800083,air_temperature,2026-09-07 04:00:00+00:00,,19.47020479693729,,False
101990961244800083,air_temperature,2026-09-07 05:00:00+00:00,,20.72333014963275,,False
101990961244800083,air_temperature,2026-09-07 06:00:00+00:00,,23.661204934075673,,False
101990961244800083,air_temperature,2026-09-07 07:00:00+00:00,,25.90608269437763,,False
101990961244800083,air_temperature,2026-09-07 08:00:00+00:00,,27.81096889956797,,False
101990961244800083,air_temperature,2026-09-07 09:00:00+00:00,,28.8974365497384,,False
101990961244800083,air_temperature,2026-09-07 10:00:00+00:00,,30.039773797105923,,False
101990961244800083,air_temperature,2026-09-07 11:00:00+00:00,,30.514017580394434,,False
101990961244800083,air_temperature,2026-09-07 12:00:00+00:00,,30.527755368997617,,False
101990961244800083,air_temperature,2026-09-07 13:00:00+00:00,,29.05118142369714,,False
101990961244800083,air_temperature,2026-09-07 14:00:00+00:00,23.1,26.14915020512573,,False
101990961244800083,air_temperature,2026-09-07 15:00:00+00:00,23.1,21.128842025668437,23.1,True
101990961244800083,air_temperature,2026-09-07 16:00:00+00:00,20.05,21.974858821763306,23.1,True
101990961244800083,air_temperature,2026-09-07 17:00:00+00:00,19.8,19.44640321695746,20.05,True
101990961244800083,air_temperature,2026-09-07 18:00:00+00:00,,19.431297460166,19.8,False
101990961244800083,air_temperature,2026-09-07 19:00:00+00:00,,19.272499397211497,,False
101990961244800083,air_temperature,2026-09-07 20:00:00+00:00,,19.327051097671863,,False
101990961244800083,air_temperature,2026-09-07 21:00:00+00:00,,19.262357618419717,,False
101990961244800083,air_temperature,2026-09-07 22:00:00+00:00,,19.262594585206003,,False
101990961244800083,air_temperature,2026-09-07 23:00:00+00:00,,19.112917258397694,,False
101990961244800083,air_temperature,2026-09-08 00:00:00+00:00,,19.06228400458758,,False
101990961244800083,air_temperature,2026-09-08 01:00:00+00:00,,19.078849418950774,,False
101990961244800083,air_temperature,2026-09-08 02:00:00+00:00,,19.015596018719013,,False
101990961244800083,air_temperature,2026-09-08 03:00:00+00:00,,18.864126721232303,,False
101990961244800083,air_temperature,2026-09-08 04:00:00+00:00,,19.476708141928672,,False
101990961244800083,air_temperature,2026-09-08 05:00:00+00:00,21.9,20.69353991705065,,False
101990961244800083,air_temperature,2026-09-08 06:00:00+00:00,25.3,24.617335854215007,21.9,True
101990961244800083,air_temperature,2026-09-08 07:00:00+00:00,,27.241636732317946,25.3,False
101990961244800083,air_temperature,2026-09-08 08:00:00+00:00,,28.889334346329818,,False
101990961244800083,air_temperature,2026-09-08 09:00:00+00:00,,29.734529878270973,,False
101990961244800083,air_temperature,2026-09-08 10:00:00+00:00,,30.676735627071878,,False
101990961244800083,air_temperature,2026-09-08 11:00:00+00:00,,30.99309912946058,,False
101990961244800083,air_temperature,2026-09-08 12:00:00+00:00,,30.838985285758092,,False
101990961244800083,air_temperature,2026-09-08 13:00:00+00:00,,29.249849824677767,,False
101990961244800083,air_temperature,2026-09-08 14:00:00+00:00,,26.376159084668483,,False
101990961244800083,air_temperature,2026-09-08 15:00:00+00:00,,24.423734026391926,,False
101990961244800083,air_temperature,2026-09-08 16:00:00+00:00,,22.777263722757155,,False
101990961244800083,air_temperature,2026-09-08 17:00:00+00:00,,21.810602463628463,,False
101990961244800083,air_temperature,2026-09-08 18:00:00+00:00,,21.154424448891003,,False
101990961244800083,air_temperature,2026-09-08 19:00:00+00:00,,20.752156071751966,,False
101990961244800083,air_temperature,2026-09-08 20:00:00+00:00,,20.6014705375042,,False
101990961244800083,air_temperature,2026-09-08 21:00:00+00:00,,20.364313211547493,,False
101990961244800083,air_temperature,2026-09-08 22:00:00+00:00,,20.220228332012162,,False
101990961244800083,air_temperature,2026-09-08 23:00:00+00:00,,19.950680133497357,,False
101990961244800083,air_temperature,2026-09-09 00:00:00+00:00,,19.801566350752886,,False
101990961244800083,air_temperature,2026-09-09 01:00:00+00:00,,19.738527107392684,,False
101990961244800083,air_temperature,2026-09-09 02:00:00+00:00,,19.61251239431038,,False
101990961244800083,air_temperature,2026-09-09 03:00:00+00:00,,19.41352266380049,,False
101990961244800083,air_temperature,2026-09-09 04:00:00+00:00,,19.992611221663555,,False
101990961244800083,air_temperature,2026-09-09 05:00:00+00:00,,21.188827878575964,,False
101990961244800083,air_temperature,2026-09-09 06:00:00+00:00,,24.139488116136825,,False
101990961244800083,air_temperature,2026-09-09 07:00:00+00:00,,26.265662162972106,,False
101990961244800083,air_temperature,2026-09-09 08:00:00+00:00,,28.07297863104007,,False
101990961244800083,air_temperature,2026-09-09 09:00:00+00:00,,29.056129810383542,,False
101990961244800083,air_temperature,2026-09-09 10:00:00+00:00,,30.120082785112665,,False
101990961244800083,air_temperature,2026-09-09 11:00:00+00:00,,30.545517828446684,,False
101990961244800083,air_temperature,2026-09-09 12:00:00+00:00,,30.487745673875978,,False
101990961244800083,air_temperature,2026-09-09 13:00:00+00:00,,28.988726503261073,,False
101990961244800083,air_temperature,2026-09-09 14:00:00+00:00,,26.208424468624013,,False
101990961244800083,air_temperature,2026-09-09 15:00:00+00:00,,24.194361001551314,,False
101990961244800083,air_temperature,2026-09-09 16:00:00+00:00,,22.675744115227285,,False
101990961244800083,air_temperature,2026-09-09 17:00:00+00:00,,21.705578818715207,,False
101990961244800083,air_temperature,2026-09-09 18:00:00+00:00,,21.06202915633915,,False
101990961244800083,air_temperature,2026-09-09 19:00:00+00:00,,20.670030031345956,,False
101990961244800083,air_temperature,2026-09-09 20:00:00+00:00,,20.5275168506437,,False
101990961244800083,air_temperature,2026-09-09 21:00:00+00:00,,20.296643641789007,,False
101990961244800083,air_temperature,2026-09-09 22:00:00+00:00,,20.15711509331592,,False
101990961244800083,air_temperature,2026-09-09 23:00:00+00:00,,19.89051177520491,,False
101990961244800083,air_temperature,2026-09-10 00:00:00+00:00,,19.74280661291955,,False
101990961244800083,air_temperature,2026-09-10 01:00:00+00:00,,19.67967569594106,,False
101990961244800083,air_temperature,2026-09-10 02:00:00+00:00,,19.552066674489126,,False
101990961244800083,air_temperature,2026-09-10 03:00:00+00:00,,19.349939293879437,,False
101990961244800083,air_temperature,2026-09-10 04:00:00+00:00,,19.92426674727018,,False
101990961244800083,air_temperature,2026-09-10 05:00:00+00:00,,21.114130115503286,,False
101990961244800083,air_temperature,2026-09-10 06:00:00+00:00,,24.043219237069707,,False
101990961244800083,air_temperature,2026-09-10 07:00:00+00:00,,26.18437954684028,,False
101990961244800083,air_temperature,2026-09-10 08:00:00+00:00,,28.004606960827815,,False
101990961244800083,air_temperature,2026-09-10 09:00:00+00:00,,28.998875188478817,,False
101990961244800083,air_temperature,2026-09-10 10:00:00+00:00,,30.072548790770085,,False
101990961244800083,air_temperature,2026-09-10 11:00:00+00:00,,30.50658117849134,,False
101990961244800083,air_temperature,2026-09-10 12:00:00+00:00,,30.45633565718526,,False
101990961244800083,air_temperature,2026-09-10 13:00:00+00:00,,28.96420241258839,,False
101990961244800083,air_temperature,2026-09-10 14:00:00+00:00,,26.19074460280582,,False
101990961244800083,air_temperature,2026-09-10 15:00:00+00:00,,24.174209923725588,,False
101990961244800083,air_temperature,2026-09-10 16:00:00+00:00,,22.664094122574035,,False
101990961244800083,air_temperature,2026-09-10 17:00:00+00:00,,21.69456083587044,,False
101990961244800083,air_temperature,2026-09-10 18:00:00+00:00,,21.052468154830976,,False
101990961244800083,air_temperature,2026-09-10 19:00:00+00:00,,20.661681893101946,,False
101990961244800083,air_temperature,2026-09-10 20:00:00+00:00,,20.52016842525123,,False
101990961244800083,air_temperature,2026-09-10 21:00:00+00:00,,20.29010730419221,,False
101990961244800083,air_temperature,2026-09-10 22:00:00+00:00,,20.15122395324357,,False
101990961244800083,air_temperature,2026-09-10 23:00:00+00:00,,19.885115416013132,,False
101990961244800083,air_temperature,2026-09-11 00:00:00+00:00,,19.737767251050528,,False
101990961244800083,air_temperature,2026-09-11 01:00:00+00:00,,19.674864662938386,,False
101990961244800083,air_temperature,2026-09-11 02:00:00+00:00,,19.54736113174619,,False
101990961244800083,air_temperature,2026-09-11 03:00:00+00:00,,19.345219096239564,,False
101990961244800083,air_temperature,2026-09-11 04:00:00+00:00,,19.91941137539778,,False
101990961244800083,air_temperature,2026-09-11 05:00:00+00:00,,21.109024585593414,,False
101990961244800083,air_temperature,2026-09-11 06:00:00+00:00,,24.036950506145597,,False
101990961244800083,air_temperature,2026-09-11 07:00:00+00:00,,26.179081726974513,,False
101990961244800083,air_temperature,2026-09-11 08:00:00+00:00,,28.00014478718225,,False
101990961244800083,air_temperature,2026-09-11 09:00:00+00:00,,28.995131896402114,,False
101990961244800083,air_temperature,2026-09-11 10:00:00+00:00,,30.06943265214944,,False
101990961244800083,air_temperature,2026-09-11 11:00:00+00:00,,30.504017944865748,,False
101990961244800083,air_temperature,2026-09-11 12:00:00+00:00,,30.454255380819625,,False
101990961244800083,air_temperature,2026-09-11 13:00:00+00:00,,28.962561461669218,,False
101990961244800083,air_temperature,2026-09-11 14:00:00+00:00,,26.189535446950956,,False
101990961244800083,air_temperature,2026-09-11 15:00:00+00:00,,24.172880470618832,,False
101990961244800083,air_temperature,2026-09-11 16:00:00+00:00,,22.66328587121737,,False
101990961244800083,air_temperature,2026-09-11 17:00:00+00:00,,21.693807925549844,,False
101990961244800083,air_temperature,2026-09-11 18:00:00+00:00,,21.05181641343597,,False
101990961244800083,air_temperature,2026-09-11 19:00:00+00:00,,20.661114679922566,,False
101990961244800083,air_temperature,2026-09-11 20:00:00+00:00,,20.519671257810106,,False
101990961244800083,air_temperature,2026-09-11 21:00:00+00:00,,20.289667488467977,,False
101990961244800083,air_temperature,2026-09-11 22:00:00+00:00,,20.150830259558376,,False
101990961244800083,air_temperature,2026-09-11 23:00:00+00:00,,19.884757792308786,,False
101990961244800083,air_temperature,2026-09-12 00:00:00+00:00,,19.737436566232418,,False
101990961244800083,air_temperature,2026-09-12 01:00:00+00:00,,19.67455247373409,,False
101990961244800083,air_temperature,2026-09-12 02:00:00+00:00,,19.547059467126026,,False
101990961244800083,air_temperature,2026-09-12 03:00:00+00:00,,19.344920253894777,,False
101990961244800083,air_temperature,2026-09-12 04:00:00+00:00,,19.919107725079897,,False
101990961244800083,air_temperature,2026-09-12 05:00:00+00:00,,21.108708902737753,,False
101990961244800083,air_temperature,2026-09-12 06:00:00+00:00,,24.036568707330915,,False
101990961244800083,air_temperature,2026-09-12 07:00:00+00:00,,26.178758964855653,,False
101990961244800083,air_temperature,2026-09-12 08:00:00+00:00,,27.999872820936055,,False
101990961244800083,air_temperature,2026-09-12 09:00:00+00:00,,28.99490361539274,,False
101990961244800083,air_temperature,2026-09-12 10:00:00+00:00,,30.069242454029443,,False
101990961244800083,air_temperature,2026-09-12 11:00:00+00:00,,30.50386128589287,,False
101990961244800083,air_temperature,2026-09-12 12:00:00+00:00,,30.45412799637402,,False
101990961244800083,air_temperature,2026-09-12 13:00:00+00:00,,28.962460656913567,,False
101990961244800083,air_temperature,2026-09-12 14:00:00+00:00,,26.189460668935606,,False
101990961244800083,air_temperature,2026-09-12 15:00:00+00:00,,24.17279916149383,,False
101990961244800083,air_temperature,2026-09-12 16:00:00+00:00,,22.663235672148694,,False
101990961244800083,air_temperature,2026-09-12 17:00:00+00:00,,21.693761374912466,,False
101990961244800083,air_temperature,2026-09-12 18:00:00+00:00,,21.051776147816387,,False
101990961244800083,air_temperature,2026-09-12 19:00:00+00:00,,20.661079671231263,,False
101990961244800083,air_temperature,2026-09-12 20:00:00+00:00,,20.519640612181078,,False
101990961244800083,air_temperature,2026-09-12 21:00:00+00:00,,20.289640423435923,,False
101990961244800083,air_temperature,2026-09-12 22:00:00+00:00,,20.150806084080266,,False
101990961244800083,air_temperature,2026-09-12 23:00:00+00:00,,19.88473588911967,,False
101990961244800083,air_temperature,2026-09-13 00:00:00+00:00,,19.737416376084994,,False
101990961244800083,air_temperature,2026-09-13 01:00:00+00:00,,19.674533481119614,,False
101990961244800083,air_temperature,2026-09-13 02:00:00+00:00,,19.54704118711199,,False
101990961244800083,air_temperature,2026-09-13 03:00:00+00:00,,19.34490221974328,,False
101990961244800083,air_temperature,2026-09-13 04:00:00+00:00,,19.919089476330566,,False
101990961244800083,air_temperature,2026-09-13 05:00:00+00:00,,21.108690004524366,,False
101990961244800083,air_temperature,2026-09-13 06:00:00+00:00,,24.036545970890895,,False
101990961244800083,air_temperature,2026-09-13 07:00:00+00:00,,26.178739742070924,,False
101990961244800083,air_temperature,2026-09-13 08:00:00+00:00,,27.99985662100674,,False
101990961244800083,air_temperature,2026-09-13 09:00:00+00:00,,28.994890014894356,,False
101990961244800083,air_temperature,2026-09-13 10:00:00+00:00,,30.069231119010364,,False
101990961244800083,air_temperature,2026-09-13 11:00:00+00:00,,30.503851945316708,,False
101990961244800083,air_temperature,2026-09-13 12:00:00+00:00,,30.454120396186237,,False
101990961244800083,air_temperature,2026-09-13 13:00:00+00:00,,28.962454635850513,,False
101990961244800083,air_temperature,2026-09-13 14:00:00+00:00,,26.189456192093694,,False
101990961244800083,air_temperature,2026-09-13 15:00:00+00:00,,24.172794312380383,,False
101990961244800083,air_temperature,2026-09-13 16:00:00+00:00,,22.66323266239087,,False
101990961244800083,air_temperature,2026-09-13 17:00:00+00:00,,21.69375858824076,,False
101990961244800083,air_temperature,2026-09-13 18:00:00+00:00,,21.051773738004755,,False
101990961244800083,air_temperature,2026-09-13 19:00:00+00:00,,20.661077576750735,,False
101990961244800083,air_temperature,2026-09-13 20:00:00+00:00,,20.519638779553933,,False
101990961244800083,air_temperature,2026-09-13 21:00:00+00:00,,20.289638805870265,,False
101990961244800083,air_temperature,2026-09-13 22:00:00+00:00,,20.150804640275293,,False
101990961244800083,air_temperature,2026-09-13 23:00:00+00:00,,19.884734582211163,,False
101990961244800083,air_temperature,2026-09-14 00:00:00+00:00,,19.73741517270406,,False
101990961244800083,air_temperature,2026-09-14 01:00:00+00:00,,19.67453235054071,,False
101990961244800083,air_temperature,2026-09-14 02:00:00+00:00,,19.54704010046839,,False
101990961244800083,air_temperature,2026-09-14 03:00:00+00:00,,19.344901149290056,,False
101990961244800083,air_temperature,2026-09-14 04:00:00+00:00,,19.919088394736168,,False
101990961244800083,air_temperature,2026-09-14 05:00:00+00:00,,21.10868888599995,,False
101990961244800083,air_temperature,2026-09-14 06:00:00+00:00,,24.036544627746068,,False
101990961244800083,air_temperature,2026-09-14 07:00:00+00:00,,26.178738606450214,,False
101990961244800083,air_temperature,2026-09-14 08:00:00+00:00,,27.999855663915255,,False
101990961244800083,air_temperature,2026-09-14 09:00:00+00:00,,28.994889211318913,,False
101990961244800083,air_temperature,2026-09-14 10:00:00+00:00,,30.06923044921592,,False
101990961244800083,air_temperature,2026-09-14 11:00:00+00:00,,30.50385139328221,,False
101990961244800083,air_temperature,2026-09-14 12:00:00+00:00,,30.454119946901542,,False
101990961244800083,air_temperature,2026-09-14 13:00:00+00:00,,28.96245427977226,,False
101990961244800083,air_temperature,2026-09-14 14:00:00+00:00,,26.189455927117667,,False
101990961244800083,air_temperature,2026-09-14 15:00:00+00:00,20.3,24.172794025769434,,False
101990961244800083,air_temperature,2026-09-14 16:00:00+00:00,,19.359440090631004,20.3,False
101990961244800083,air_temperature,2026-09-14 17:00:00+00:00,20.9,18.873016159601665,,False
101990961244800083,air_humidity,2026-07-16 15:00:00+00:00,72.33333333333333,74.28266929081984,65.75,True
101990961244800083,air_humidity,2026-07-16 16:00:00+00:00,72.75,79.24329106675464,72.33333333333333,True
101990961244800083,air_humidity,2026-07-16 17:00:00+00:00,78.66666666666667,75.56516094743016,72.75,True
101990961244800083,air_humidity,2026-07-16 18:00:00+00:00,79.0,82.39979285134622,78.66666666666667,True
101990961244800083,air_humidity,2026-07-16 19:00:00+00:00,78.33333333333333,80.5507290547261,79.0,True
101990961244800083,air_humidity,2026-07-16 20:00:00+00:00,77.5,79.46299574656508,78.33333333333333,True
101990961244800083,air_humidity,2026-07-16 21:00:00+00:00,77.0,79.05180533775635,77.5,True
101990961244800083,air_humidity,2026-07-16 22:00:00+00:00,,78.63125152134508,77.0,False
101990961244800083,air_humidity,2026-07-16 23:00:00+00:00,,80.45743520155949,,False
101990961244800083,air_humidity,2026-07-17 00:00:00+00:00,,81.95275228402234,,False
101990961244800083,air_humidity,2026-07-17 01:00:00+00:00,,82.3384796903013,,False
101990961244800083,air_humidity,2026-07-17 02:00:00+00:00,,82.55130257972652,,False
101990961244800083,air_humidity,2026-07-17 03:00:00+00:00,,83.35483559892376,,False
101990961244800083,air_humidity,2026-07-17 04:00:00+00:00,78.0,82.45101203013058,,False
101990961244800083,air_humidity,2026-07-17 05:00:00+00:00,71.66666666666667,73.56423695443787,78.0,True
101990961244800083,air_humidity,2026-07-17 06:00:00+00:00,67.5,64.41508408841409,71.66666666666667,True
101990961244800083,air_humidity,2026-07-17 07:00:00+00:00,61.0,60.525557981129595,67.5,True
101990961244800083,air_humidity,2026-07-17 08:00:00+00:00,54.25,54.578867024339964,61.0,True
101990961244800083,air_humidity,2026-07-17 09:00:00+00:00,50.4,51.370503588342,54.25,True
101990961244800083,air_humidity,2026-07-17 10:00:00+00:00,50.16666666666666,48.2349715407286,50.4,True
101990961244800083,air_humidity,2026-07-17 11:00:00+00:00,49.75,49.32921266611906,50.16666666666666,True
101990961244800083,air_humidity,2026-07-17 12:00:00+00:00,50.6,51.372609728066465,49.75,True
101990961244800083,air_humidity,2026-07-17 13:00:00+00:00,49.833333333333336,53.88760241194548,50.6,True
101990961244800083,air_humidity,2026-07-17 14:00:00+00:00,59.25,56.90832690931652,49.833333333333336,True
101990961244800083,air_humidity,2026-07-17 15:00:00+00:00,66.2,67.35923487127377,59.25,True
101990961244800083,air_humidity,2026-07-17 16:00:00+00:00,77.66666666666667,73.18511387210197,66.2,True
101990961244800083,air_humidity,2026-07-17 17:00:00+00:00,78.33333333333333,81.8403735311351,77.66666666666667,True
101990961244800083,air_humidity,2026-07-17 18:00:00+00:00,77.0,79.68756101329618,78.33333333333333,True
101990961244800083,air_humidity,2026-07-17 19:00:00+00:00,78.75,78.30625561412644,77.0,True
101990961244800083,air_humidity,2026-07-17 20:00:00+00:00,84.0,79.85658249073893,78.75,True
101990961244800083,air_humidity,2026-07-17 21:00:00+00:00,,85.23132723531293,84.0,False
101990961244800083,air_humidity,2026-07-17 22:00:00+00:00,,85.50309765461488,,False
101990961244800083,air_humidity,2026-07-17 23:00:00+00:00,,85.78659741172503,,False
101990961244800083,air_humidity,2026-07-18 00:00:00+00:00,,86.00167529582731,,False
101990961244800083,air_humidity,2026-07-18 01:00:00+00:00,,85.3142461295565,,False
101990961244800083,air_humidity,2026-07-18 02:00:00+00:00,,84.61458719643954,,False
101990961244800083,air_humidity,2026-07-18 03:00:00+00:00,,84.62686853596912,,False
101990961244800083,air_humidity,2026-07-18 04:00:00+00:00,,83.02210795906518,,False
101990961244800083,air_humidity,2026-07-18 05:00:00+00:00,,77.67669730774365,,False
101990961244800083,air_humidity,2026-07-18 06:00:00+00:00,86.5,70.24921507705311,,False
101990961244800083,air_humidity,2026-07-18 07:00:00+00:00,70.0,76.89627417896425,86.5,True
101990961244800083,air_humidity,2026-07-18 08:00:00+00:00,66.0,60.86329436463377,70.0,True
101990961244800083,air_humidity,2026-07-18 09:00:00+00:00,71.0,62.71926394873307,66.0,True
101990961244800083,air_humidity,2026-07-18 10:00:00+00:00,70.0,68.13519312676021,71.0,True
101990961244800083,air_humidity,2026-07-18 11:00:00+00:00,65.75,66.43025960670944,70.0,True
101990961244800083,air_humidity,2026-07-18 12:00:00+00:00,63.5,65.04334518003829,65.75,True
101990961244800083,air_humidity,2026-07-18 13:00:00+00:00,61.85714285714285,64.4927505350805,63.5,True
101990961244800083,air_humidity,2026-07-18 14:00:00+00:00,63.25,67.53945508062175,61.85714285714285,True
101990961244800083,air_humidity,2026-07-18 15:00:00+00:00,79.2,69.72980467054568,63.25,True
101990961244800083,air_humidity,2026-07-18 16:00:00+00:00,90.0,88.04112027423699,79.2,True
101990961244800083,air_humidity,2026-07-18 17:00:00+00:00,87.25,91.7827203020828,90.0,True
101990961244800083,air_humidity,2026-07-18 18:00:00+00:00,91.0,87.3157602661813,87.25,True
101990961244800083,air_humidity,2026-07-18 19:00:00+00:00,89.71428571428571,92.31505801260523,91.0,True
101990961244800083,air_humidity,2026-07-18 20:00:00+00:00,90.66666666666669,89.7399771152962,89.71428571428571,True
101990961244800083,air_humidity,2026-07-18 21:00:00+00:00,,91.25589565015268,90.66666666666669,False
101990961244800083,air_humidity,2026-07-18 22:00:00+00:00,,91.5669225924231,,False
101990961244800083,air_humidity,2026-07-18 23:00:00+00:00,,91.89151043967075,,False
101990961244800083,air_humidity,2026-07-19 00:00:00+00:00,,92.17682234487496,,False
101990961244800083,air_humidity,2026-07-19 01:00:00+00:00,,91.59098412104873,,False
101990961244800083,air_humidity,2026-07-19 02:00:00+00:00,,91.02784486196882,,False
101990961244800083,air_humidity,2026-07-19 03:00:00+00:00,,91.21665552283926,,False
101990961244800083,air_humidity,2026-07-19 04:00:00+00:00,81.0,89.86777408609429,,False
101990961244800083,air_humidity,2026-07-19 05:00:00+00:00,78.5,76.9721695112554,81.0,True
101990961244800083,air_humidity,2026-07-19 06:00:00+00:00,68.0,72.10981120904393,78.5,True
101990961244800083,air_humidity,2026-07-19 07:00:00+00:00,64.0,59.33581064436851,68.0,True
101990961244800083,air_humidity,2026-07-19 08:00:00+00:00,59.66666666666666,59.16913012150963,64.0,True
101990961244800083,air_humidity,2026-07-19 09:00:00+00:00,54.75,57.85925271727076,59.66666666666666,True
101990961244800083,air_humidity,2026-07-19 10:00:00+00:00,51.0,52.530167582728296,54.75,True
101990961244800083,air_humidity,2026-07-19 11:00:00+00:00,51.0,49.84058634925046,51.0,True
101990961244800083,air_humidity,2026-07-19 12:00:00+00:00,47.75,53.06026018419093,51.0,True
101990961244800083,air_humidity,2026-07-19 13:00:00+00:00,49.6,50.42916820869995,47.75,True
101990961244800083,air_humidity,2026-07-19 14:00:00+00:00,52.333333333333336,56.93211216166857,49.6,True
101990961244800083,air_humidity,2026-07-19 15:00:00+00:00,68.2,61.49756026993595,52.333333333333336,True
101990961244800083,air_humidity,2026-07-19 16:00:00+00:00,91.0,78.31201517067933,68.2,True
101990961244800083,air_humidity,2026-07-19 17:00:00+00:00,90.0,94.55385122789163,91.0,True
101990961244800083,air_humidity,2026-07-19 18:00:00+00:00,90.25,90.03115574908865,90.0,True
101990961244800083,air_humidity,2026-07-19 19:00:00+00:00,87.16666666666667,90.57536453632457,90.25,True
101990961244800083,air_humidity,2026-07-19 20:00:00+00:00,87.16666666666667,87.03877714966278,87.16666666666667,True
101990961244800083,air_humidity,2026-07-19 21:00:00+00:00,85.66666666666667,87.77059248342954,87.16666666666667,True
101990961244800083,air_humidity,2026-07-19 22:00:00+00:00,,85.97953931500237,85.66666666666667,False
101990961244800083,air_humidity,2026-07-19 23:00:00+00:00,,86.72509256951861,,False
101990961244800083,air_humidity,2026-07-20 00:00:00+00:00,,87.30431837190064,,False
101990961244800083,air_humidity,2026-07-20 01:00:00+00:00,,86.89877632285773,,False
101990961244800083,air_humidity,2026-07-20 02:00:00+00:00,,86.41086470610041,,False
101990961244800083,air_humidity,2026-07-20 03:00:00+00:00,,86.57380778766974,,False
101990961244800083,air_humidity,2026-07-20 04:00:00+00:00,,85.2428942558222,,False
101990961244800083,air_humidity,2026-07-20 05:00:00+00:00,81.4,80.61892621053971,,False
101990961244800083,air_humidity,2026-07-20 06:00:00+00:00,78.8,73.4217200465039,81.4,True
101990961244800083,air_humidity,2026-07-20 07:00:00+00:00,75.0,71.22022171096702,78.8,True
101990961244800083,air_humidity,2026-07-20 08:00:00+00:00,68.75,68.03205183007945,75.0,True
101990961244800083,air_humidity,2026-07-20 09:00:00+00:00,66.0,64.46644415370841,68.75,True
101990961244800083,air_humidity,2026-07-20 10:00:00+00:00,60.4,62.46437927494595,66.0,True
101990961244800083,air_humidity,2026-07-20 11:00:00+00:00,55.833333333333336,57.752670307713,60.4,True
101990961244800083,air_humidity,2026-07-20 12:00:00+00:00,53.75,56.025723026169246,55.833333333333336,True
101990961244800083,air_humidity,2026-07-20 13:00:00+00:00,54.66666666666666,56.23852291005673,53.75,True
101990961244800083,air_humidity,2026-07-20 14:00:00+00:00,69.5,60.89833942338181,54.66666666666666,True
101990961244800083,air_humidity,2026-07-20 15:00:00+00:00,74.66666666666667,79.0666215042922,69.5,True
101990961244800083,air_humidity,2026-07-20 16:00:00+00:00,77.16666666666667,82.80104173695703,74.66666666666667,True
101990961244800083,air_humidity,2026-07-20 17:00:00+00:00,82.8,79.17082122746491,77.16666666666667,True
101990961244800083,air_humidity,2026-07-20 18:00:00+00:00,90.0,85.76375038424854,82.8,True
101990961244800083,air_humidity,2026-07-20 19:00:00+00:00,92.5,91.13672717393231,90.0,True
101990961244800083,air_humidity,2026-07-20 20:00:00+00:00,91.6,92.58889659620917,92.5,True
101990961244800083,air_humidity,2026-07-20 21:00:00+00:00,88.0,91.14180258815784,91.6,True
101990961244800083,air_humidity,2026-07-20 22:00:00+00:00,,87.88976842712903,88.0,False
101990961244800083,air_humidity,2026-07-20 23:00:00+00:00,,88.59464577023701,,False
101990961244800083,air_humidity,2026-07-21 00:00:00+00:00,,89.15239366965241,,False
101990961244800083,air_humidity,2026-07-21 01:00:00+00:00,,88.74332150112407,,False
101990961244800083,air_humidity,2026-07-21 02:00:00+00:00,,88.26935327419534,,False
101990961244800083,air_humidity,2026-07-21 03:00:00+00:00,,88.46399614823291,,False
101990961244800083,air_humidity,2026-07-21 04:00:00+00:00,84.0,87.10572790852373,,False
101990961244800083,air_humidity,2026-07-21 05:00:00+00:00,78.25,79.59078919951699,84.0,True
101990961244800083,air_humidity,2026-07-21 06:00:00+00:00,70.2,71.50239796642366,78.25,True
101990961244800083,air_humidity,2026-07-21 07:00:00+00:00,62.5,63.057825178288425,70.2,True
101990961244800083,air_humidity,2026-07-21 08:00:00+00:00,53.8,56.75009628424102,62.5,True
101990961244800083,air_humidity,2026-07-21 09:00:00+00:00,53.0,51.53480051298527,53.8,True
101990961244800083,air_humidity,2026-07-21 10:00:00+00:00,49.0,51.48760314095324,53.0,True
101990961244800083,air_humidity,2026-07-21 11:00:00+00:00,49.0,47.71254008177414,49.0,True
101990961244800083,air_humidity,2026-07-21 12:00:00+00:00,55.4,50.968150769585094,49.0,True
101990961244800083,air_humidity,2026-07-21 13:00:00+00:00,75.0,58.91474088585336,55.4,True
101990961244800083,air_humidity,2026-07-21 14:00:00+00:00,91.42857142857144,83.1203312148642,75.0,True
101990961244800083,air_humidity,2026-07-21 15:00:00+00:00,91.4,96.56738394213689,91.42857142857144,True
101990961244800083,air_humidity,2026-07-21 16:00:00+00:00,93.2,94.8627873648901,91.4,True
101990961244800083,air_humidity,2026-07-21 17:00:00+00:00,90.0,94.01936341182159,93.2,True
101990961244800083,air_humidity,2026-07-21 18:00:00+00:00,88.8,90.87956879587206,90.0,True
101990961244800083,air_humidity,2026-07-21 19:00:00+00:00,87.5,89.42749822910976,88.8,True
101990961244800083,air_humidity,2026-07-21 20:00:00+00:00,87.2,87.81031420116182,87.5,True
101990961244800083,air_humidity,2026-07-21 21:00:00+00:00,85.0,87.4353905158324,87.2,True
101990961244800083,air_humidity,2026-07-21 22:00:00+00:00,,85.59682647893324,85.0,False
101990961244800083,air_humidity,2026-07-21 23:00:00+00:00,,86.76200870079192,,False
101990961244800083,air_humidity,2026-07-22 00:00:00+00:00,,87.68584740626343,,False
101990961244800083,air_humidity,2026-07-22 01:00:00+00:00,,87.56456785880775,,False
101990961244800083,air_humidity,2026-07-22 02:00:00+00:00,,87.31261848270026,,False
101990961244800083,air_humidity,2026-07-22 03:00:00+00:00,,87.67318546962743,,False
101990961244800083,air_humidity,2026-07-22 04:00:00+00:00,92.0,86.42148339450601,,False
101990961244800083,air_humidity,2026-07-22 05:00:00+00:00,88.4,86.62873539541805,92.0,True
101990961244800083,air_humidity,2026-07-22 06:00:00+00:00,79.25,80.3040992760326,88.4,True
101990961244800083,air_humidity,2026-07-22 07:00:00+00:00,65.25,70.44358049396862,79.25,True
101990961244800083,air_humidity,2026-07-22 08:00:00+00:00,59.75,57.77409289401563,65.25,True
101990961244800083,air_humidity,2026-07-22 09:00:00+00:00,53.75,57.87709505045226,59.75,True
101990961244800083,air_humidity,2026-07-22 10:00:00+00:00,52.0,51.00678145495322,53.75,True
101990961244800083,air_humidity,2026-07-22 11:00:00+00:00,51.0,51.53368428433739,52.0,True
101990961244800083,air_humidity,2026-07-22 12:00:00+00:00,49.5,53.28955608108606,51.0,True
101990961244800083,air_humidity,2026-07-22 13:00:00+00:00,55.5,54.585124221529995,49.5,True
101990961244800083,air_humidity,2026-07-22 14:00:00+00:00,91.66666666666669,64.48892835855104,55.5,True
101990961244800083,air_humidity,2026-07-22 15:00:00+00:00,89.6,100.94301890690922,91.66666666666669,True
101990961244800083,air_humidity,2026-07-22 16:00:00+00:00,92.66666666666669,92.17700079110544,89.6,True
101990961244800083,air_humidity,2026-07-22 17:00:00+00:00,90.71428571428572,93.53749077660383,92.66666666666669,True
101990961244800083,air_humidity,2026-07-22 18:00:00+00:00,89.83333333333333,91.18576560141682,90.71428571428572,True
101990961244800083,air_humidity,2026-07-22 19:00:00+00:00,90.6,90.17290956798422,89.83333333333333,True
101990961244800083,air_humidity,2026-07-22 20:00:00+00:00,86.6,91.00871478252395,90.6,True
101990961244800083,air_humidity,2026-07-22 21:00:00+00:00,,86.15307469007865,86.6,False
101990961244800083,air_humidity,2026-07-22 22:00:00+00:00,,87.3331997317915,,False
101990961244800083,air_humidity,2026-07-22 23:00:00+00:00,,88.48819011175951,,False
101990961244800083,air_humidity,2026-07-23 00:00:00+00:00,,89.42701056707715,,False
101990961244800083,air_humidity,2026-07-23 01:00:00+00:00,,89.34634589248279,,False
101990961244800083,air_humidity,2026-07-23 02:00:00+00:00,,89.16221475913471,,False
101990961244800083,air_humidity,2026-07-23 03:00:00+00:00,,89.62055023074343,,False
101990961244800083,air_humidity,2026-07-23 04:00:00+00:00,81.0,88.50965020258447,,False
101990961244800083,air_humidity,2026-07-23 05:00:00+00:00,78.6,77.15894223775238,81.0,True
101990961244800083,air_humidity,2026-07-23 06:00:00+00:00,74.16666666666667,72.02156031354717,78.6,True
101990961244800083,air_humidity,2026-07-23 07:00:00+00:00,62.8,66.2409730152539,74.16666666666667,True
101990961244800083,air_humidity,2026-07-23 08:00:00+00:00,59.4,56.350427607157506,62.8,True
101990961244800083,air_humidity,2026-07-23 09:00:00+00:00,55.0,57.24450467243997,59.4,True
101990961244800083,air_humidity,2026-07-23 10:00:00+00:00,54.8,52.5680987269958,55.0,True
101990961244800083,air_humidity,2026-07-23 11:00:00+00:00,54.0,54.00862825977309,54.8,True
101990961244800083,air_humidity,2026-07-23 12:00:00+00:00,51.5,55.07985883175053,54.0,True
101990961244800083,air_humidity,2026-07-23 13:00:00+00:00,51.2,55.068809983294024,51.5,True
101990961244800083,air_humidity,2026-07-23 14:00:00+00:00,62.5,62.12471724518617,51.2,True
101990961244800083,air_humidity,2026-07-23 15:00:00+00:00,74.5,70.05631280497603,62.5,True
101990961244800083,air_humidity,2026-07-23 16:00:00+00:00,76.2,82.9280455969398,74.5,True
101990961244800083,air_humidity,2026-07-23 17:00:00+00:00,82.6,77.88212234788972,76.2,True
101990961244800083,air_humidity,2026-07-23 18:00:00+00:00,83.14285714285714,85.76384392948441,82.6,True
101990961244800083,air_humidity,2026-07-23 19:00:00+00:00,84.0,84.15193471593764,83.14285714285714,True
101990961244800083,air_humidity,2026-07-23 20:00:00+00:00,84.33333333333333,84.59139131067337,84.0,True
101990961244800083,air_humidity,2026-07-23 21:00:00+00:00,,84.84252842967177,84.33333333333333,False
101990961244800083,air_humidity,2026-07-23 22:00:00+00:00,,85.76643709036723,,False
101990961244800083,air_humidity,2026-07-23 23:00:00+00:00,,86.63591719628118,,False
101990961244800083,air_humidity,2026-07-24 00:00:00+00:00,,87.31145034208687,,False
101990961244800083,air_humidity,2026-07-24 01:00:00+00:00,,86.9787645202972,,False
101990961244800083,air_humidity,2026-07-24 02:00:00+00:00,,86.54342305044301,,False
101990961244800083,air_humidity,2026-07-24 03:00:00+00:00,,86.74092737068808,,False
101990961244800083,air_humidity,2026-07-24 04:00:00+00:00,81.5,85.41702341037931,,False
101990961244800083,air_humidity,2026-07-24 05:00:00+00:00,74.33333333333333,77.44570846106764,81.5,True
101990961244800083,air_humidity,2026-07-24 06:00:00+00:00,69.5,67.52579398784786,74.33333333333333,True
101990961244800083,air_humidity,2026-07-24 07:00:00+00:00,62.333333333333336,62.03607601917414,69.5,True
101990961244800083,air_humidity,2026-07-24 08:00:00+00:00,59.66666666666666,56.72686469124476,62.333333333333336,True
101990961244800083,air_humidity,2026-07-24 09:00:00+00:00,56.16666666666666,57.211593715004156,59.66666666666666,True
101990961244800083,air_humidity,2026-07-24 10:00:00+00:00,52.0,53.73543612148082,56.16666666666666,True
101990961244800083,air_humidity,2026-07-24 11:00:00+00:00,49.6,50.565786327044854,52.0,True
101990961244800083,air_humidity,2026-07-24 12:00:00+00:00,50.6,50.724276412652685,49.6,True
101990961244800083,air_humidity,2026-07-24 13:00:00+00:00,51.2,54.14785065008524,50.6,True
101990961244800083,air_humidity,2026-07-24 14:00:00+00:00,54.0,59.97474644823396,51.2,True
101990961244800083,air_humidity,2026-07-24 15:00:00+00:00,62.0,62.14588800720887,54.0,True
101990961244800083,air_humidity,2026-07-24 16:00:00+00:00,72.83333333333333,70.60838417893042,62.0,True
101990961244800083,air_humidity,2026-07-24 17:00:00+00:00,81.0,77.3273203275166,72.83333333333333,True
101990961244800083,air_humidity,2026-07-24 18:00:00+00:00,89.5,83.80018097796241,81.0,True
101990961244800083,air_humidity,2026-07-24 19:00:00+00:00,88.83333333333333,90.91081080969921,89.5,True
101990961244800083,air_humidity,2026-07-24 20:00:00+00:00,88.5,88.15362752631214,88.83333333333333,True
101990961244800083,air_humidity,2026-07-24 21:00:00+00:00,86.0,88.26181673544629,88.5,True
101990961244800083,air_humidity,2026-07-24 22:00:00+00:00,,85.96632697270175,86.0,False
101990961244800083,air_humidity,2026-07-24 23:00:00+00:00,,86.55686729447591,,False
101990961244800083,air_humidity,2026-07-25 00:00:00+00:00,,87.01233312865891,,False
101990961244800083,air_humidity,2026-07-25 01:00:00+00:00,,86.50896602091997,,False
101990961244800083,air_humidity,2026-07-25 02:00:00+00:00,,85.94496358971693,,False
101990961244800083,air_humidity,2026-07-25 03:00:00+00:00,,86.05029458498767,,False
101990961244800083,air_humidity,2026-07-25 04:00:00+00:00,82.0,84.54592252053621,,False
101990961244800083,air_humidity,2026-07-25 05:00:00+00:00,72.42857142857143,77.22161779032766,82.0,True
101990961244800083,air_humidity,2026-07-25 06:00:00+00:00,65.66666666666667,65.34901303752522,72.42857142857143,True
101990961244800083,air_humidity,2026-07-25 07:00:00+00:00,59.333333333333336,58.57462642414606,65.66666666666667,True
101990961244800083,air_humidity,2026-07-25 08:00:00+00:00,55.6,54.294078480331365,59.333333333333336,True
101990961244800083,air_humidity,2026-07-25 09:00:00+00:00,49.66666666666666,53.29884974237702,55.6,True
101990961244800083,air_humidity,2026-07-25 10:00:00+00:00,45.6,47.12122869680462,49.66666666666666,True
101990961244800083,air_humidity,2026-07-25 11:00:00+00:00,44.0,44.8087821899149,45.6,True
101990961244800083,air_humidity,2026-07-25 12:00:00+00:00,45.333333333333336,46.03125310094971,44.0,True
101990961244800083,air_humidity,2026-07-25 13:00:00+00:00,49.333333333333336,49.29215019578073,45.333333333333336,True
101990961244800083,air_humidity,2026-07-25 14:00:00+00:00,51.0,57.87453324682633,49.333333333333336,True
101990961244800083,air_humidity,2026-07-25 15:00:00+00:00,53.8,58.66318069350085,51.0,True
101990961244800083,air_humidity,2026-07-25 16:00:00+00:00,57.4,63.04881133238128,53.8,True
101990961244800083,air_humidity,2026-07-25 17:00:00+00:00,60.0,62.584944459634286,57.4,True
101990961244800083,air_humidity,2026-07-25 18:00:00+00:00,63.5,65.3251188757767,60.0,True
101990961244800083,air_humidity,2026-07-25 19:00:00+00:00,72.6,66.95620177590786,63.5,True
101990961244800083,air_humidity,2026-07-25 20:00:00+00:00,71.66666666666667,75.79667878366128,72.6,True
101990961244800083,air_humidity,2026-07-25 21:00:00+00:00,76.0,72.31203324530394,71.66666666666667,True
101990961244800083,air_humidity,2026-07-25 22:00:00+00:00,,78.19994027999671,76.0,False
101990961244800083,air_humidity,2026-07-25 23:00:00+00:00,,79.35479646076901,,False
101990961244800083,air_humidity,2026-07-26 00:00:00+00:00,,80.28147404993611,,False
101990961244800083,air_humidity,2026-07-26 01:00:00+00:00,,80.17707588342711,,False
101990961244800083,air_humidity,2026-07-26 02:00:00+00:00,,79.95750860034507,,False
101990961244800083,air_humidity,2026-07-26 03:00:00+00:00,,80.36811007198297,,False
101990961244800083,air_humidity,2026-07-26 04:00:00+00:00,,79.05001906116867,,False
101990961244800083,air_humidity,2026-07-26 05:00:00+00:00,77.16666666666667,73.80362537762026,,False
101990961244800083,air_humidity,2026-07-26 06:00:00+00:00,70.57142857142857,69.66110567131511,77.16666666666667,True
101990961244800083,air_humidity,2026-07-26 07:00:00+00:00,65.33333333333333,62.235483686740004,70.57142857142857,True
101990961244800083,air_humidity,2026-07-26 08:00:00+00:00,57.16666666666666,59.19218597733672,65.33333333333333,True
101990961244800083,air_humidity,2026-07-26 09:00:00+00:00,55.2,52.939907934446275,57.16666666666666,True
101990961244800083,air_humidity,2026-07-26 10:00:00+00:00,49.2,52.396430547422725,55.2,True
101990961244800083,air_humidity,2026-07-26 11:00:00+00:00,52.25,46.89573498732875,49.2,True
101990961244800083,air_humidity,2026-07-26 12:00:00+00:00,51.2,53.79197876822521,52.25,True
101990961244800083,air_humidity,2026-07-26 13:00:00+00:00,60.0,53.5629043403662,51.2,True
101990961244800083,air_humidity,2026-07-26 14:00:00+00:00,64.4,67.49667047867594,60.0,True
101990961244800083,air_humidity,2026-07-26 15:00:00+00:00,66.25,69.70946322490761,64.4,True
101990961244800083,air_humidity,2026-07-26 16:00:00+00:00,69.2,72.58191240010882,66.25,True
101990961244800083,air_humidity,2026-07-26 17:00:00+00:00,74.0,71.97417929075513,69.2,True
101990961244800083,air_humidity,2026-07-26 18:00:00+00:00,78.2,77.16706945842594,74.0,True
101990961244800083,air_humidity,2026-07-26 19:00:00+00:00,82.8,80.46281386857639,78.2,True
101990961244800083,air_humidity,2026-07-26 20:00:00+00:00,83.0,83.19973901134624,82.8,True
101990961244800083,air_humidity,2026-07-26 21:00:00+00:00,83.0,83.17481830056867,83.0,True
101990961244800083,air_humidity,2026-07-26 22:00:00+00:00,,83.43449277005415,83.0,False
101990961244800083,air_humidity,2026-07-26 23:00:00+00:00,,83.89105240181169,,False
101990961244800083,air_humidity,2026-07-27 00:00:00+00:00,,84.25501842238039,,False
101990961244800083,air_humidity,2026-07-27 01:00:00+00:00,,83.69864839206585,,False
101990961244800083,air_humidity,2026-07-27 02:00:00+00:00,,83.11779809964756,,False
101990961244800083,air_humidity,2026-07-27 03:00:00+00:00,,83.24167956521661,,False
101990961244800083,air_humidity,2026-07-27 04:00:00+00:00,,81.77763324524392,,False
101990961244800083,air_humidity,2026-07-27 05:00:00+00:00,78.0,76.6873997644794,,False
101990961244800083,air_humidity,2026-07-27 06:00:00+00:00,72.0,70.5451207327718,78.0,True
101990961244800083,air_humidity,2026-07-27 07:00:00+00:00,62.5,63.99493785549815,72.0,True
101990961244800083,air_humidity,2026-07-27 08:00:00+00:00,65.0,55.623856093845546,62.5,True
101990961244800083,air_humidity,2026-07-27 09:00:00+00:00,58.0,62.626212577712934,65.0,True
101990961244800083,air_humidity,2026-07-27 10:00:00+00:00,,53.172895631883804,58.0,False
101990961244800083,air_humidity,2026-07-27 11:00:00+00:00,51.0,51.71638574088382,,False
101990961244800083,air_humidity,2026-07-27 12:00:00+00:00,94.0,51.51266970618506,51.0,True
101990961244800083,air_humidity,2026-07-27 13:00:00+00:00,92.0,100.16340533888003,94.0,True
101990961244800083,air_humidity,2026-07-27 14:00:00+00:00,,91.59977492302167,92.0,False
101990961244800083,air_humidity,2026-07-27 15:00:00+00:00,90.0,93.55429324001786,,False
101990961244800083,air_humidity,2026-07-27 16:00:00+00:00,93.0,93.341890193517,90.0,True
101990961244800083,air_humidity,2026-07-27 17:00:00+00:00,93.25,93.56116346064825,93.0,True
101990961244800083,air_humidity,2026-07-27 18:00:00+00:00,92.0,93.72217533931169,93.25,True
101990961244800083,air_humidity,2026-07-27 19:00:00+00:00,,92.05198837398106,92.0,False
101990961244800083,air_humidity,2026-07-27 20:00:00+00:00,,91.41679010212388,,False
101990961244800083,air_humidity,2026-07-27 21:00:00+00:00,,90.83295655570498,,False
101990961244800083,air_humidity,2026-07-27 22:00:00+00:00,,90.80681493847047,,False
101990961244800083,air_humidity,2026-07-27 23:00:00+00:00,,90.91075116055983,,False
101990961244800083,air_humidity,2026-07-28 00:00:00+00:00,,90.97378263761807,,False
101990961244800083,air_humidity,2026-07-28 01:00:00+00:00,,90.15455138808429,,False
101990961244800083,air_humidity,2026-07-28 02:00:00+00:00,,89.33694688247196,,False
101990961244800083,air_humidity,2026-07-28 03:00:00+00:00,,89.23934398486908,,False
101990961244800083,air_humidity,2026-07-28 04:00:00+00:00,,87.56840729998741,,False
101990961244800083,air_humidity,2026-07-28 05:00:00+00:00,,82.38544995481197,,False
101990961244800083,air_humidity,2026-07-28 06:00:00+00:00,,75.08978112993354,,False
101990961244800083,air_humidity,2026-07-28 07:00:00+00:00,,66.71552941508622,,False
101990961244800083,air_humidity,2026-07-28 08:00:00+00:00,,61.46091578324171,,False
101990961244800083,air_humidity,2026-07-28 09:00:00+00:00,,57.96112552600809,,False
101990961244800083,air_humidity,2026-07-28 10:00:00+00:00,,54.44430466135012,,False
101990961244800083,air_humidity,2026-07-28 11:00:00+00:00,,53.64825779597987,,False
101990961244800083,air_humidity,2026-07-28 12:00:00+00:00,,59.65053448579713,,False
101990961244800083,air_humidity,2026-07-28 13:00:00+00:00,,62.55156137730249,,False
101990961244800083,air_humidity,2026-07-28 14:00:00+00:00,,69.14281324979544,,False
101990961244800083,air_humidity,2026-07-28 15:00:00+00:00,,75.32125361504438,,False
101990961244800083,air_humidity,2026-07-28 16:00:00+00:00,,82.06437845005334,,False
101990961244800083,air_humidity,2026-07-28 17:00:00+00:00,,84.68414749520534,,False
101990961244800083,air_humidity,2026-07-28 18:00:00+00:00,,86.58059268388001,,False
101990961244800083,air_humidity,2026-07-28 19:00:00+00:00,,87.8711226734734,,False
101990961244800083,air_humidity,2026-07-28 20:00:00+00:00,,88.1060255302538,,False
101990961244800083,air_humidity,2026-07-28 21:00:00+00:00,,88.23671135305416,,False
101990961244800083,air_humidity,2026-07-28 22:00:00+00:00,,88.75630903920688,,False
101990961244800083,air_humidity,2026-07-28 23:00:00+00:00,,89.30009268575836,,False
101990961244800083,air_humidity,2026-07-29 00:00:00+00:00,,89.72373309124907,,False
101990961244800083,air_humidity,2026-07-29 01:00:00+00:00,,89.20178221484417,,False
101990961244800083,air_humidity,2026-07-29 02:00:00+00:00,,88.63129815008398,,False
101990961244800083,air_humidity,2026-07-29 03:00:00+00:00,,88.74165309958944,,False
101990961244800083,air_humidity,2026-07-29 04:00:00+00:00,,87.24928382525115,,False
101990961244800083,air_humidity,2026-07-29 05:00:00+00:00,,82.18494763220875,,False
101990961244800083,air_humidity,2026-07-29 06:00:00+00:00,,74.90287401077701,,False
101990961244800083,air_humidity,2026-07-29 07:00:00+00:00,,66.71425884597392,,False
101990961244800083,air_humidity,2026-07-29 08:00:00+00:00,,60.91567046025061,,False
101990961244800083,air_humidity,2026-07-29 09:00:00+00:00,,57.759387306762704,,False
101990961244800083,air_humidity,2026-07-29 10:00:00+00:00,57.0,54.81254826014059,,False
101990961244800083,air_humidity,2026-07-29 11:00:00+00:00,57.5,55.754710017454734,57.0,True
101990961244800083,air_humidity,2026-07-29 12:00:00+00:00,65.0,60.449787860647795,57.5,True
101990961244800083,air_humidity,2026-07-29 13:00:00+00:00,57.0,68.1933936764695,65.0,True
101990961244800083,air_humidity,2026-07-29 14:00:00+00:00,60.333333333333336,62.40251154553177,57.0,True
101990961244800083,air_humidity,2026-07-29 15:00:00+00:00,73.0,67.75501696706382,60.333333333333336,True
101990961244800083,air_humidity,2026-07-29 16:00:00+00:00,85.0,81.48671941285163,73.0,True
101990961244800083,air_humidity,2026-07-29 17:00:00+00:00,85.0,88.09117677611808,85.0,True
101990961244800083,air_humidity,2026-07-29 18:00:00+00:00,,86.39025046330178,85.0,False
101990961244800083,air_humidity,2026-07-29 19:00:00+00:00,,87.84233532134407,,False
101990961244800083,air_humidity,2026-07-29 20:00:00+00:00,,88.19895009126454,,False
101990961244800083,air_humidity,2026-07-29 21:00:00+00:00,,88.43011800492465,,False
101990961244800083,air_humidity,2026-07-29 22:00:00+00:00,,89.03127610592394,,False
101990961244800083,air_humidity,2026-07-29 23:00:00+00:00,,89.64274038935888,,False
101990961244800083,air_humidity,2026-07-30 00:00:00+00:00,,90.12322844483327,,False
101990961244800083,air_humidity,2026-07-30 01:00:00+00:00,,89.64972107953798,,False
101990961244800083,air_humidity,2026-07-30 02:00:00+00:00,,89.12134148463154,,False
101990961244800083,air_humidity,2026-07-30 03:00:00+00:00,,89.26925252665355,,False
101990961244800083,air_humidity,2026-07-30 04:00:00+00:00,,87.81165869186059,,False
101990961244800083,air_humidity,2026-07-30 05:00:00+00:00,,82.77851515496046,,False
101990961244800083,air_humidity,2026-07-30 06:00:00+00:00,,75.5220347352097,,False
101990961244800083,air_humidity,2026-07-30 07:00:00+00:00,,67.37562187777681,,False
101990961244800083,air_humidity,2026-07-30 08:00:00+00:00,,61.56474784904204,,False
101990961244800083,air_humidity,2026-07-30 09:00:00+00:00,,58.4726361328848,,False
101990961244800083,air_humidity,2026-07-30 10:00:00+00:00,,55.60753574800345,,False
101990961244800083,air_humidity,2026-07-30 11:00:00+00:00,,54.719480339520565,,False
101990961244800083,air_humidity,2026-07-30 12:00:00+00:00,,58.09443937540636,,False
101990961244800083,air_humidity,2026-07-30 13:00:00+00:00,,60.078375284917016,,False
101990961244800083,air_humidity,2026-07-30 14:00:00+00:00,,66.96379075182098,,False
101990961244800083,air_humidity,2026-07-30 15:00:00+00:00,,74.41652077855889,,False
101990961244800083,air_humidity,2026-07-30 16:00:00+00:00,,82.09933559988883,,False
101990961244800083,air_humidity,2026-07-30 17:00:00+00:00,,84.59608305331705,,False
101990961244800083,air_humidity,2026-07-30 18:00:00+00:00,,86.68337612413549,,False
101990961244800083,air_humidity,2026-07-30 19:00:00+00:00,,88.09882394513197,,False
101990961244800083,air_humidity,2026-07-30 20:00:00+00:00,,88.42423046770222,,False
101990961244800083,air_humidity,2026-07-30 21:00:00+00:00,,88.62948120873229,,False
101990961244800083,air_humidity,2026-07-30 22:00:00+00:00,,89.20862033440982,,False
101990961244800083,air_humidity,2026-07-30 23:00:00+00:00,,89.80128972401465,,False
101990961244800083,air_humidity,2026-07-31 00:00:00+00:00,,90.26546358465988,,False
101990961244800083,air_humidity,2026-07-31 01:00:00+00:00,,89.77743768802603,,False
101990961244800083,air_humidity,2026-07-31 02:00:00+00:00,,89.2357279190586,,False
101990961244800083,air_humidity,2026-07-31 03:00:00+00:00,,89.37094127877828,,False
101990961244800083,air_humidity,2026-07-31 04:00:00+00:00,,87.90075678187262,,False
101990961244800083,air_humidity,2026-07-31 05:00:00+00:00,,82.8543556286389,,False
101990961244800083,air_humidity,2026-07-31 06:00:00+00:00,,75.58306507635541,,False
101990961244800083,air_humidity,2026-07-31 07:00:00+00:00,,67.42145066192269,,False
101990961244800083,air_humidity,2026-07-31 08:00:00+00:00,,61.58850163548351,,False
101990961244800083,air_humidity,2026-07-31 09:00:00+00:00,,58.4770433223637,,False
101990961244800083,air_humidity,2026-07-31 10:00:00+00:00,,55.59468114520034,,False
101990961244800083,air_humidity,2026-07-31 11:00:00+00:00,,54.59368268410843,,False
101990961244800083,air_humidity,2026-07-31 12:00:00+00:00,,57.636660809552424,,False
101990961244800083,air_humidity,2026-07-31 13:00:00+00:00,,60.4196405263382,,False
101990961244800083,air_humidity,2026-07-31 14:00:00+00:00,,67.5888279770222,,False
101990961244800083,air_humidity,2026-07-31 15:00:00+00:00,,74.62294675001134,,False
101990961244800083,air_humidity,2026-07-31 16:00:00+00:00,,81.95915928338438,,False
101990961244800083,air_humidity,2026-07-31 17:00:00+00:00,,84.6555208066122,,False
101990961244800083,air_humidity,2026-07-31 18:00:00+00:00,,86.79828186763376,,False
101990961244800083,air_humidity,2026-07-31 19:00:00+00:00,,88.21047118617618,,False
101990961244800083,air_humidity,2026-07-31 20:00:00+00:00,,88.53311472526916,,False
101990961244800083,air_humidity,2026-07-31 21:00:00+00:00,,88.73607563228819,,False
101990961244800083,air_humidity,2026-07-31 22:00:00+00:00,,89.31327723392945,,False
101990961244800083,air_humidity,2026-07-31 23:00:00+00:00,,89.90429990189658,,False
101990961244800083,air_humidity,2026-08-01 00:00:00+00:00,,90.36705218718595,,False
101990961244800083,air_humidity,2026-08-01 01:00:00+00:00,,89.87777002135378,,False
101990961244800083,air_humidity,2026-08-01 02:00:00+00:00,,89.33491660486692,,False
101990961244800083,air_humidity,2026-08-01 03:00:00+00:00,,89.46905112934776,,False
101990961244800083,air_humidity,2026-08-01 04:00:00+00:00,,87.99780784727811,,False
101990961244800083,air_humidity,2026-08-01 05:00:00+00:00,,82.95030377708187,,False
101990961244800083,air_humidity,2026-08-01 06:00:00+00:00,,75.67779345445666,,False
101990961244800083,air_humidity,2026-08-01 07:00:00+00:00,,67.51493405192613,,False
101990961244800083,air_humidity,2026-08-01 08:00:00+00:00,,61.68019416353378,,False
101990961244800083,air_humidity,2026-08-01 09:00:00+00:00,53.66666666666666,58.56716771816399,,False
101990961244800083,air_humidity,2026-08-01 10:00:00+00:00,,51.14119462551812,53.66666666666666,False
101990961244800083,air_humidity,2026-08-01 11:00:00+00:00,53.5,50.56337671946229,,False
101990961244800083,air_humidity,2026-08-01 12:00:00+00:00,,56.75210033948174,53.5,False
101990961244800083,air_humidity,2026-08-01 13:00:00+00:00,58.0,59.49922033699543,,False
101990961244800083,air_humidity,2026-08-01 14:00:00+00:00,60.0,65.16822239741943,58.0,True
101990961244800083,air_humidity,2026-08-01 15:00:00+00:00,62.0,66.75781667818379,60.0,True
101990961244800083,air_humidity,2026-08-01 16:00:00+00:00,70.0,69.82908465189809,62.0,True
101990961244800083,air_humidity,2026-08-01 17:00:00+00:00,80.0,74.17753057861384,70.0,True
101990961244800083,air_humidity,2026-08-01 18:00:00+00:00,83.0,83.73317093934911,80.0,True
101990961244800083,air_humidity,2026-08-01 19:00:00+00:00,87.0,84.37083574125319,83.0,True
101990961244800083,air_humidity,2026-08-01 20:00:00+00:00,,87.6448115957201,87.0,False
101990961244800083,air_humidity,2026-08-01 21:00:00+00:00,,87.53505628791308,,False
101990961244800083,air_humidity,2026-08-01 22:00:00+00:00,,87.8527903877711,,False
101990961244800083,air_humidity,2026-08-01 23:00:00+00:00,,88.22925902786558,,False
101990961244800083,air_humidity,2026-08-02 00:00:00+00:00,,88.51405317381926,,False
101990961244800083,air_humidity,2026-08-02 01:00:00+00:00,,87.87593804595251,,False
101990961244800083,air_humidity,2026-08-02 02:00:00+00:00,,87.2071668897445,,False
101990961244800083,air_humidity,2026-08-02 03:00:00+00:00,,87.23308087150666,,False
101990961244800083,air_humidity,2026-08-02 04:00:00+00:00,,85.66664751541491,,False
101990961244800083,air_humidity,2026-08-02 05:00:00+00:00,88.0,80.5317666965335,,False
101990961244800083,air_humidity,2026-08-02 06:00:00+00:00,73.66666666666667,79.91375803687944,88.0,True
101990961244800083,air_humidity,2026-08-02 07:00:00+00:00,69.0,64.1670127149825,73.66666666666667,True
101990961244800083,air_humidity,2026-08-02 08:00:00+00:00,55.0,63.68536508289854,69.0,True
101990961244800083,air_humidity,2026-08-02 09:00:00+00:00,54.5,50.75159897179734,55.0,True
101990961244800083,air_humidity,2026-08-02 10:00:00+00:00,50.0,53.083083170651065,54.5,True
101990961244800083,air_humidity,2026-08-02 11:00:00+00:00,50.0,49.20715722393006,50.0,True
101990961244800083,air_humidity,2026-08-02 12:00:00+00:00,49.0,53.708450514260804,50.0,True
101990961244800083,air_humidity,2026-08-02 13:00:00+00:00,53.0,51.80604952323004,49.0,True
101990961244800083,air_humidity,2026-08-02 14:00:00+00:00,62.0,60.72329103411791,53.0,True
101990961244800083,air_humidity,2026-08-02 15:00:00+00:00,,69.15478731897937,62.0,False
101990961244800083,air_humidity,2026-08-02 16:00:00+00:00,,76.89548850880938,,False
101990961244800083,air_humidity,2026-08-02 17:00:00+00:00,72.0,80.79325721719228,,False
101990961244800083,air_humidity,2026-08-02 18:00:00+00:00,,75.17068665921934,72.0,False
101990961244800083,air_humidity,2026-08-02 19:00:00+00:00,,78.31033836279953,,False
101990961244800083,air_humidity,2026-08-02 20:00:00+00:00,,79.85328214029069,,False
101990961244800083,air_humidity,2026-08-02 21:00:00+00:00,,80.99827027249069,,False
101990961244800083,air_humidity,2026-08-02 22:00:00+00:00,,82.35714970033423,,False
101990961244800083,air_humidity,2026-08-02 23:00:00+00:00,,83.60635759352917,,False
101990961244800083,air_humidity,2026-08-03 00:00:00+00:00,,84.63333842571232,,False
101990961244800083,air_humidity,2026-08-03 01:00:00+00:00,,84.63899415334004,,False
101990961244800083,air_humidity,2026-08-03 02:00:00+00:00,,84.54345493346919,,False
101990961244800083,air_humidity,2026-08-03 03:00:00+00:00,,85.09688514128175,,False
101990961244800083,air_humidity,2026-08-03 04:00:00+00:00,,84.0351715481185,,False
101990961244800083,air_humidity,2026-08-03 05:00:00+00:00,76.75,79.10970155601657,,False
101990961244800083,air_humidity,2026-08-03 06:00:00+00:00,,68.94234999128398,76.75,False
101990961244800083,air_humidity,2026-08-03 07:00:00+00:00,65.66666666666667,61.625988177709715,,False
101990961244800083,air_humidity,2026-08-03 08:00:00+00:00,63.0,58.89238862198469,65.66666666666667,True
101990961244800083,air_humidity,2026-08-03 09:00:00+00:00,54.0,60.13575794297712,63.0,True
101990961244800083,air_humidity,2026-08-03 10:00:00+00:00,,49.645719308791286,54.0,False
101990961244800083,air_humidity,2026-08-03 11:00:00+00:00,53.0,49.09615642230087,,False
101990961244800083,air_humidity,2026-08-03 12:00:00+00:00,54.0,55.517581717993956,53.0,True
101990961244800083,air_humidity,2026-08-03 13:00:00+00:00,58.0,56.46171520735017,54.0,True
101990961244800083,air_humidity,2026-08-03 14:00:00+00:00,,65.23683838537997,58.0,False
101990961244800083,air_humidity,2026-08-03 15:00:00+00:00,71.0,71.41892522300704,,False
101990961244800083,air_humidity,2026-08-03 16:00:00+00:00,75.5,77.74568724479475,71.0,True
101990961244800083,air_humidity,2026-08-03 17:00:00+00:00,79.25,78.03898540348047,75.5,True
101990961244800083,air_humidity,2026-08-03 18:00:00+00:00,82.33333333333333,81.8674893685211,79.25,True
101990961244800083,air_humidity,2026-08-03 19:00:00+00:00,83.0,84.07084023128822,82.33333333333333,True
101990961244800083,air_humidity,2026-08-03 20:00:00+00:00,,83.32665544628668,83.0,False
101990961244800083,air_humidity,2026-08-03 21:00:00+00:00,,83.7414926320323,,False
101990961244800083,air_humidity,2026-08-03 22:00:00+00:00,,84.49107011538382,,False
101990961244800083,air_humidity,2026-08-03 23:00:00+00:00,,85.22551380648777,,False
101990961244800083,air_humidity,2026-08-04 00:00:00+00:00,,85.80997678061671,,False
101990961244800083,air_humidity,2026-08-04 01:00:00+00:00,,85.42617650382721,,False
101990961244800083,air_humidity,2026-08-04 02:00:00+00:00,,84.97735551336245,,False
101990961244800083,air_humidity,2026-08-04 03:00:00+00:00,,85.1983564719898,,False
101990961244800083,air_humidity,2026-08-04 04:00:00+00:00,,83.81063287973373,,False
101990961244800083,air_humidity,2026-08-04 05:00:00+00:00,,78.76221007957129,,False
101990961244800083,air_humidity,2026-08-04 06:00:00+00:00,,71.30770789957198,,False
101990961244800083,air_humidity,2026-08-04 07:00:00+00:00,,63.72206664583768,,False
101990961244800083,air_humidity,2026-08-04 08:00:00+00:00,,57.93964923078369,,False
101990961244800083,air_humidity,2026-08-04 09:00:00+00:00,,54.223157219563944,,False
101990961244800083,air_humidity,2026-08-04 10:00:00+00:00,,51.432858299536335,,False
101990961244800083,air_humidity,2026-08-04 11:00:00+00:00,,50.8071173913514,,False
101990961244800083,air_humidity,2026-08-04 12:00:00+00:00,,53.42564996902738,,False
101990961244800083,air_humidity,2026-08-04 13:00:00+00:00,,56.42362794729026,,False
101990961244800083,air_humidity,2026-08-04 14:00:00+00:00,,63.50421096997003,,False
101990961244800083,air_humidity,2026-08-04 15:00:00+00:00,,70.07247668295483,,False
101990961244800083,air_humidity,2026-08-04 16:00:00+00:00,,76.95831878644265,,False
101990961244800083,air_humidity,2026-08-04 17:00:00+00:00,,80.01712489582847,,False
101990961244800083,air_humidity,2026-08-04 18:00:00+00:00,,82.33664510565578,,False
101990961244800083,air_humidity,2026-08-04 19:00:00+00:00,,83.8015616664909,,False
101990961244800083,air_humidity,2026-08-04 20:00:00+00:00,,84.1789751325743,,False
101990961244800083,air_humidity,2026-08-04 21:00:00+00:00,,84.43430032569212,,False
101990961244800083,air_humidity,2026-08-04 22:00:00+00:00,,85.05632988613844,,False
101990961244800083,air_humidity,2026-08-04 23:00:00+00:00,,85.68966390051035,,False
101990961244800083,air_humidity,2026-08-05 00:00:00+00:00,,86.19507405830241,,False
101990961244800083,air_humidity,2026-08-05 01:00:00+00:00,,85.75085122001958,,False
101990961244800083,air_humidity,2026-08-05 02:00:00+00:00,,85.25761776946807,,False
101990961244800083,air_humidity,2026-08-05 03:00:00+00:00,,85.4482892489101,,False
101990961244800083,air_humidity,2026-08-05 04:00:00+00:00,,84.04300165109967,,False
101990961244800083,air_humidity,2026-08-05 05:00:00+00:00,,78.97342782759422,,False
101990961244800083,air_humidity,2026-08-05 06:00:00+00:00,,71.41599922074003,,False
101990961244800083,air_humidity,2026-08-05 07:00:00+00:00,,63.58539399777951,,False
101990961244800083,air_humidity,2026-08-05 08:00:00+00:00,,57.542057377662424,,False
101990961244800083,air_humidity,2026-08-05 09:00:00+00:00,,54.23990773287285,,False
101990961244800083,air_humidity,2026-08-05 10:00:00+00:00,,51.395197052136766,,False
101990961244800083,air_humidity,2026-08-05 11:00:00+00:00,,50.61682602796213,,False
101990961244800083,air_humidity,2026-08-05 12:00:00+00:00,95.0,53.36019296125146,,False
101990961244800083,air_humidity,2026-08-05 13:00:00+00:00,,94.39125466147803,95.0,False
101990961244800083,air_humidity,2026-08-05 14:00:00+00:00,,97.13509192035298,,False
101990961244800083,air_humidity,2026-08-05 15:00:00+00:00,85.0,100.26564024807607,,False
101990961244800083,air_humidity,2026-08-05 16:00:00+00:00,93.0,90.33326211566515,85.0,True
101990961244800083,air_humidity,2026-08-05 17:00:00+00:00,,95.87576132373687,93.0,False
101990961244800083,air_humidity,2026-08-05 18:00:00+00:00,,97.48896942647868,,False
101990961244800083,air_humidity,2026-08-05 19:00:00+00:00,,98.50569813733084,,False
101990961244800083,air_humidity,2026-08-05 20:00:00+00:00,,98.55805673727379,,False
101990961244800083,air_humidity,2026-08-05 21:00:00+00:00,,98.56273554474545,,False
101990961244800083,air_humidity,2026-08-05 22:00:00+00:00,,98.99694909140962,,False
101990961244800083,air_humidity,2026-08-05 23:00:00+00:00,,99.49410579091165,,False
101990961244800083,air_humidity,2026-08-06 00:00:00+00:00,,99.90729137162869,,False
101990961244800083,air_humidity,2026-08-06 01:00:00+00:00,,99.40950353267553,,False
101990961244800083,air_humidity,2026-08-06 02:00:00+00:00,,98.89774490598694,,False
101990961244800083,air_humidity,2026-08-06 03:00:00+00:00,,99.10282810562416,,False
101990961244800083,air_humidity,2026-08-06 04:00:00+00:00,,97.74433354803445,,False
101990961244800083,air_humidity,2026-08-06 05:00:00+00:00,,92.76576165219784,,False
101990961244800083,air_humidity,2026-08-06 06:00:00+00:00,,85.38297981937455,,False
101990961244800083,air_humidity,2026-08-06 07:00:00+00:00,,77.77170738463295,,False
101990961244800083,air_humidity,2026-08-06 08:00:00+00:00,,72.01290787628105,,False
101990961244800083,air_humidity,2026-08-06 09:00:00+00:00,,69.13022080728945,,False
101990961244800083,air_humidity,2026-08-06 10:00:00+00:00,,66.77435154986844,,False
101990961244800083,air_humidity,2026-08-06 11:00:00+00:00,,66.59376415906361,,False
101990961244800083,air_humidity,2026-08-06 12:00:00+00:00,,69.76265129555493,,False
101990961244800083,air_humidity,2026-08-06 13:00:00+00:00,,71.61488869498359,,False
101990961244800083,air_humidity,2026-08-06 14:00:00+00:00,,77.3984466375728,,False
101990961244800083,air_humidity,2026-08-06 15:00:00+00:00,,83.06117591000778,,False
101990961244800083,air_humidity,2026-08-06 16:00:00+00:00,,90.26891802424373,,False
101990961244800083,air_humidity,2026-08-06 17:00:00+00:00,,93.25340049360979,,False
101990961244800083,air_humidity,2026-08-06 18:00:00+00:00,,95.44227622514231,,False
101990961244800083,air_humidity,2026-08-06 19:00:00+00:00,,96.92989758557084,,False
101990961244800083,air_humidity,2026-08-06 20:00:00+00:00,,97.3479645938032,,False
101990961244800083,air_humidity,2026-08-06 21:00:00+00:00,,97.6388330543751,,False
101990961244800083,air_humidity,2026-08-06 22:00:00+00:00,,98.2958122702921,,False
101990961244800083,air_humidity,2026-08-06 23:00:00+00:00,,98.96239988329421,,False
101990961244800083,air_humidity,2026-08-07 00:00:00+00:00,,99.49946213604301,,False
101990961244800083,air_humidity,2026-08-07 01:00:00+00:00,,99.0858053250375,,False
101990961244800083,air_humidity,2026-08-07 02:00:00+00:00,,98.62252020078449,,False
101990961244800083,air_humidity,2026-08-07 03:00:00+00:00,,98.84296398043169,,False
101990961244800083,air_humidity,2026-08-07 04:00:00+00:00,,97.46782831684463,,False
101990961244800083,air_humidity,2026-08-07 05:00:00+00:00,,92.44017166092534,,False
101990961244800083,air_humidity,2026-08-07 06:00:00+00:00,,84.97343904453747,,False
101990961244800083,air_humidity,2026-08-07 07:00:00+00:00,,77.24003354796012,,False
101990961244800083,air_humidity,2026-08-07 08:00:00+00:00,,71.31694910550475,,False
101990961244800083,air_humidity,2026-08-07 09:00:00+00:00,,68.22567386855502,,False
101990961244800083,air_humidity,2026-08-07 10:00:00+00:00,,65.60084616088776,,False
101990961244800083,air_humidity,2026-08-07 11:00:00+00:00,,65.08219551833609,,False
101990961244800083,air_humidity,2026-08-07 12:00:00+00:00,,68.0295310971335,,False
101990961244800083,air_humidity,2026-08-07 13:00:00+00:00,,70.48501164126694,,False
101990961244800083,air_humidity,2026-08-07 14:00:00+00:00,,77.00357415091527,,False
101990961244800083,air_humidity,2026-08-07 15:00:00+00:00,,83.22637584519121,,False
101990961244800083,air_humidity,2026-08-07 16:00:00+00:00,,90.37735854179543,,False
101990961244800083,air_humidity,2026-08-07 17:00:00+00:00,,93.37602742182561,,False
101990961244800083,air_humidity,2026-08-07 18:00:00+00:00,,95.6154866949585,,False
101990961244800083,air_humidity,2026-08-07 19:00:00+00:00,,97.14446050266768,,False
101990961244800083,air_humidity,2026-08-07 20:00:00+00:00,,97.59477244653067,,False
101990961244800083,air_humidity,2026-08-07 21:00:00+00:00,,97.91096235118809,,False
101990961244800083,air_humidity,2026-08-07 22:00:00+00:00,,98.58773266594142,,False
101990961244800083,air_humidity,2026-08-07 23:00:00+00:00,,99.26947350470866,,False
101990961244800083,air_humidity,2026-08-08 00:00:00+00:00,,99.81774282165365,,False
101990961244800083,air_humidity,2026-08-08 01:00:00+00:00,,99.4118678063766,,False
101990961244800083,air_humidity,2026-08-08 02:00:00+00:00,,98.95331183210375,,False
101990961244800083,air_humidity,2026-08-08 03:00:00+00:00,,99.17567259812544,,False
101990961244800083,air_humidity,2026-08-08 04:00:00+00:00,,97.79976050867886,,False
101990961244800083,air_humidity,2026-08-08 05:00:00+00:00,,92.76862271609333,,False
101990961244800083,air_humidity,2026-08-08 06:00:00+00:00,,85.29552971017911,,False
101990961244800083,air_humidity,2026-08-08 07:00:00+00:00,,77.5526347130595,,False
101990961244800083,air_humidity,2026-08-08 08:00:00+00:00,,71.61662645268727,,False
101990961244800083,air_humidity,2026-08-08 09:00:00+00:00,,68.50883117039663,,False
101990961244800083,air_humidity,2026-08-08 10:00:00+00:00,,65.86260803383213,,False
101990961244800083,air_humidity,2026-08-08 11:00:00+00:00,,65.3169934878437,,False
101990961244800083,air_humidity,2026-08-08 12:00:00+00:00,,68.24667858860674,,False
101990961244800083,air_humidity,2026-08-08 13:00:00+00:00,,70.7505921113319,,False
101990961244800083,air_humidity,2026-08-08 14:00:00+00:00,,77.32813151796864,,False
101990961244800083,air_humidity,2026-08-08 15:00:00+00:00,,83.59587704753272,,False
101990961244800083,air_humidity,2026-08-08 16:00:00+00:00,,90.74235685473474,,False
101990961244800083,air_humidity,2026-08-08 17:00:00+00:00,,93.74220016383276,,False
101990961244800083,air_humidity,2026-08-08 18:00:00+00:00,,95.98574389522278,,False
101990961244800083,air_humidity,2026-08-08 19:00:00+00:00,,97.51805662655096,,False
101990961244800083,air_humidity,2026-08-08 20:00:00+00:00,,97.9709729342384,,False
101990961244800083,air_humidity,2026-08-08 21:00:00+00:00,,98.28920855112906,,False
101990961244800083,air_humidity,2026-08-08 22:00:00+00:00,,98.96757828694844,,False
101990961244800083,air_humidity,2026-08-08 23:00:00+00:00,,99.65054435694071,,False
101990961244800083,air_humidity,2026-08-09 00:00:00+00:00,,100.19972061895452,,False
101990961244800083,air_humidity,2026-08-09 01:00:00+00:00,,99.7944763885489,,False
101990961244800083,air_humidity,2026-08-09 02:00:00+00:00,,99.33630521069912,,False
101990961244800083,air_humidity,2026-08-09 03:00:00+00:00,,99.55882430828625,,False
101990961244800083,air_humidity,2026-08-09 04:00:00+00:00,,98.1828538061019,,False
101990961244800083,air_humidity,2026-08-09 05:00:00+00:00,,93.15144011604848,,False
101990961244800083,air_humidity,2026-08-09 06:00:00+00:00,,85.67783987337343,,False
101990961244800083,air_humidity,2026-08-09 07:00:00+00:00,,77.9341863842613,,False
101990961244800083,air_humidity,2026-08-09 08:00:00+00:00,,71.99714400439785,,False
101990961244800083,air_humidity,2026-08-09 09:00:00+00:00,,68.88802607075009,,False
101990961244800083,air_humidity,2026-08-09 10:00:00+00:00,,66.24008929124439,,False
101990961244800083,air_humidity,2026-08-09 11:00:00+00:00,,65.69231461033344,,False
101990961244800083,air_humidity,2026-08-09 12:00:00+00:00,,68.62058583494506,,False
101990961244800083,air_humidity,2026-08-09 13:00:00+00:00,,71.12838161456334,,False
101990961244800083,air_humidity,2026-08-09 14:00:00+00:00,,77.71064821172904,,False
101990961244800083,air_humidity,2026-08-09 15:00:00+00:00,,83.98199616028054,,False
101990961244800083,air_humidity,2026-08-09 16:00:00+00:00,,91.12811539824538,,False
101990961244800083,air_humidity,2026-08-09 17:00:00+00:00,,94.12805308849964,,False
101990961244800083,air_humidity,2026-08-09 18:00:00+00:00,,96.37192437770916,,False
101990961244800083,air_humidity,2026-08-09 19:00:00+00:00,,97.90450487680806,,False
101990961244800083,air_humidity,2026-08-09 20:00:00+00:00,,98.35763004912306,,False
101990961244800083,air_humidity,2026-08-09 21:00:00+00:00,,98.67602973163966,,False
101990961244800083,air_humidity,2026-08-09 22:00:00+00:00,,99.3545277440622,,False
101990961244800083,air_humidity,2026-08-09 23:00:00+00:00,,100.03759208413534,,False
101990961244800083,air_humidity,2026-08-10 00:00:00+00:00,,100.58684109330893,,False
101990961244800083,air_humidity,2026-08-10 01:00:00+00:00,,100.18164746592674,,False
101990961244800083,air_humidity,2026-08-10 02:00:00+00:00,,99.7235071671904,,False
101990961244800083,air_humidity,2026-08-10 03:00:00+00:00,,99.94603898641394,,False
101990961244800083,air_humidity,2026-08-10 04:00:00+00:00,,98.57006382883509,,False
101990961244800083,air_humidity,2026-08-10 05:00:00+00:00,,93.53862804814453,,False
101990961244800083,air_humidity,2026-08-10 06:00:00+00:00,,86.06498717013173,,False
101990961244800083,air_humidity,2026-08-10 07:00:00+00:00,,78.32127290556106,,False
101990961244800083,air_humidity,2026-08-10 08:00:00+00:00,,72.3841476574052,,False
101990961244800083,air_humidity,2026-08-10 09:00:00+00:00,,69.274923728901,,False
101990961244800083,air_humidity,2026-08-10 10:00:00+00:00,,66.62684961672491,,False
101990961244800083,air_humidity,2026-08-10 11:00:00+00:00,,66.07890181756672,,False
101990961244800083,air_humidity,2026-08-10 12:00:00+00:00,,69.00705973181168,,False
101990961244800083,air_humidity,2026-08-10 13:00:00+00:00,,71.51516665953531,,False
101990961244800083,air_humidity,2026-08-10 14:00:00+00:00,,78.0978121213881,,False
101990961244800083,air_humidity,2026-08-10 15:00:00+00:00,,84.36944878902416,,False
101990961244800083,air_humidity,2026-08-10 16:00:00+00:00,,91.51553913127125,,False
101990961244800083,air_humidity,2026-08-10 17:00:00+00:00,,94.51548438747238,,False
101990961244800083,air_humidity,2026-08-10 18:00:00+00:00,,96.75938193027946,,False
101990961244800083,air_humidity,2026-08-10 19:00:00+00:00,,98.2919838908259,,False
101990961244800083,air_humidity,2026-08-10 20:00:00+00:00,,98.74512580356969,,False
101990961244800083,air_humidity,2026-08-10 21:00:00+00:00,,99.06353863591576,,False
101990961244800083,air_humidity,2026-08-10 22:00:00+00:00,,99.74204692970761,,False
101990961244800083,air_humidity,2026-08-10 23:00:00+00:00,,100.42511914615622,,False
101990961244800083,air_humidity,2026-08-11 00:00:00+00:00,,100.9743739860722,,False
101990961244800083,air_humidity,2026-08-11 01:00:00+00:00,,100.56918441461023,,False
101990961244800083,air_humidity,2026-08-11 02:00:00+00:00,,100.11104659095588,,False
101990961244800083,air_humidity,2026-08-11 03:00:00+00:00,,100.33357942997682,,False
101990961244800083,air_humidity,2026-08-11 04:00:00+00:00,,98.95760389946932,,False
101990961244800083,air_humidity,2026-08-11 05:00:00+00:00,,93.92616634846637,,False
101990961244800083,air_humidity,2026-08-11 06:00:00+00:00,,86.45252221384607,,False
101990961244800083,air_humidity,2026-08-11 07:00:00+00:00,,78.70880307851269,,False
101990961244800083,air_humidity,2026-08-11 08:00:00+00:00,,72.77167118894256,,False
101990961244800083,air_humidity,2026-08-11 09:00:00+00:00,,69.66243876552747,,False
101990961244800083,air_humidity,2026-08-11 10:00:00+00:00,,67.01435364685467,,False
101990961244800083,air_humidity,2026-08-11 11:00:00+00:00,,66.46639197314953,,False
101990961244800083,air_humidity,2026-08-11 12:00:00+00:00,,69.39454080615155,,False
101990961244800083,air_humidity,2026-08-11 13:00:00+00:00,,71.90267267091578,,False
101990961244800083,air_humidity,2026-08-11 14:00:00+00:00,,78.48534849695986,,False
101990961244800083,air_humidity,2026-08-11 15:00:00+00:00,,84.75700830404976,,False
101990961244800083,air_humidity,2026-08-11 16:00:00+00:00,,91.90309633045986,,False
101990961244800083,air_humidity,2026-08-11 17:00:00+00:00,,94.903042193047,,False
101990961244800083,air_humidity,2026-08-11 18:00:00+00:00,,97.14694183996247,,False
101990961244800083,air_humidity,2026-08-11 19:00:00+00:00,,98.67954552054783,,False
101990961244800083,air_humidity,2026-08-11 20:00:00+00:00,,99.13268877496236,,False
101990961244800083,air_humidity,2026-08-11 21:00:00+00:00,,99.45110266120875,,False
101990961244800083,air_humidity,2026-08-11 22:00:00+00:00,,100.12961177900678,,False
101990961244800083,air_humidity,2026-08-11 23:00:00+00:00,,100.81268462671218,,False
101990961244800083,air_humidity,2026-08-12 00:00:00+00:00,,101.36193993393672,,False
101990961244800083,air_humidity,2026-08-12 01:00:00+00:00,,100.95675068753941,,False
101990961244800083,air_humidity,2026-08-12 02:00:00+00:00,,100.49861306225272,,False
101990961244800083,air_humidity,2026-08-12 03:00:00+00:00,,100.72114598300698,,False
101990961244800083,air_humidity,2026-08-12 04:00:00+00:00,,99.34517042261227,,False
101990961244800083,air_humidity,2026-08-12 05:00:00+00:00,,94.31373272972837,,False
101990961244800083,air_humidity,2026-08-12 06:00:00+00:00,,86.84008833410756,,False
101990961244800083,air_humidity,2026-08-12 07:00:00+00:00,,79.09636880840682,,False
101990961244800083,air_humidity,2026-08-12 08:00:00+00:00,,73.15923638656005,,False
101990961244800083,air_humidity,2026-08-12 09:00:00+00:00,,70.05000328231947,,False
101990961244800083,air_humidity,2026-08-12 10:00:00+00:00,,67.40191728152962,,False
101990961244800083,air_humidity,2026-08-12 11:00:00+00:00,,66.85395449584705,,False
101990961244800083,air_humidity,2026-08-12 12:00:00+00:00,,69.78210260103172,,False
101990961244800083,air_humidity,2026-08-12 13:00:00+00:00,48.0,72.29023646437906,,False
101990961244800083,air_humidity,2026-08-12 14:00:00+00:00,,55.67322428994504,48.0,False
101990961244800083,air_humidity,2026-08-12 15:00:00+00:00,,63.294714334973335,,False
101990961244800083,air_humidity,2026-08-12 16:00:00+00:00,64.0,71.52819053624381,,False
101990961244800083,air_humidity,2026-08-12 17:00:00+00:00,65.0,68.22591304426673,64.0,True
101990961244800083,air_humidity,2026-08-12 18:00:00+00:00,,68.45472647625385,65.0,False
101990961244800083,air_humidity,2026-08-12 19:00:00+00:00,,71.6321907545453,,False
101990961244800083,air_humidity,2026-08-12 20:00:00+00:00,,73.39580038251695,,False
101990961244800083,air_humidity,2026-08-12 21:00:00+00:00,,74.76892640971573,,False
101990961244800083,air_humidity,2026-08-12 22:00:00+00:00,,76.29876753720491,,False
101990961244800083,air_humidity,2026-08-12 23:00:00+00:00,,77.66832371059833,,False
101990961244800083,air_humidity,2026-08-13 00:00:00+00:00,,78.77036605180426,,False
101990961244800083,air_humidity,2026-08-13 01:00:00+00:00,,78.80953854284157,,False
101990961244800083,air_humidity,2026-08-13 02:00:00+00:00,,78.70791497482321,,False
101990961244800083,air_humidity,2026-08-13 03:00:00+00:00,,79.21588916344629,,False
101990961244800083,air_humidity,2026-08-13 04:00:00+00:00,,78.0679726326221,,False
101990961244800083,air_humidity,2026-08-13 05:00:00+00:00,,73.21481085421826,,False
101990961244800083,air_humidity,2026-08-13 06:00:00+00:00,,65.86567552673718,,False
101990961244800083,air_humidity,2026-08-13 07:00:00+00:00,,58.211741900206114,,False
101990961244800083,air_humidity,2026-08-13 08:00:00+00:00,,52.3345098491097,,False
101990961244800083,air_humidity,2026-08-13 09:00:00+00:00,61.5,49.25839059293814,,False
101990961244800083,air_humidity,2026-08-13 10:00:00+00:00,45.0,57.78558707593911,61.5,True
101990961244800083,air_humidity,2026-08-13 11:00:00+00:00,44.66666666666666,42.40312111507615,45.0,True
101990961244800083,air_humidity,2026-08-13 12:00:00+00:00,46.5,48.71707826031925,44.66666666666666,True
101990961244800083,air_humidity,2026-08-13 13:00:00+00:00,56.0,49.21063804658043,46.5,True
101990961244800083,air_humidity,2026-08-13 14:00:00+00:00,63.25,63.6887792231873,56.0,True
101990961244800083,air_humidity,2026-08-13 15:00:00+00:00,71.0,68.85057615351732,63.25,True
101990961244800083,air_humidity,2026-08-13 16:00:00+00:00,75.75,77.72850679185456,71.0,True
101990961244800083,air_humidity,2026-08-13 17:00:00+00:00,74.4,77.71840353411179,75.75,True
101990961244800083,air_humidity,2026-08-13 18:00:00+00:00,73.5,76.44312045040728,74.4,True
101990961244800083,air_humidity,2026-08-13 19:00:00+00:00,74.5,75.47713500955037,73.5,True
101990961244800083,air_humidity,2026-08-13 20:00:00+00:00,78.25,75.86824691736965,74.5,True
101990961244800083,air_humidity,2026-08-13 21:00:00+00:00,79.0,79.70466471692203,78.25,True
101990961244800083,air_humidity,2026-08-13 22:00:00+00:00,,80.04007413329143,79.0,False
101990961244800083,air_humidity,2026-08-13 23:00:00+00:00,,81.1826188471942,,False
101990961244800083,air_humidity,2026-08-14 00:00:00+00:00,,82.12083053606086,,False
101990961244800083,air_humidity,2026-08-14 01:00:00+00:00,,82.05178067845276,,False
101990961244800083,air_humidity,2026-08-14 02:00:00+00:00,,81.89237746781545,,False
101990961244800083,air_humidity,2026-08-14 03:00:00+00:00,,82.3900328319011,,False
101990961244800083,air_humidity,2026-08-14 04:00:00+00:00,78.33333333333333,81.27821104688681,,False
101990961244800083,air_humidity,2026-08-14 05:00:00+00:00,70.0,73.85722947423763,78.33333333333333,True
101990961244800083,air_humidity,2026-08-14 06:00:00+00:00,55.66666666666666,62.960307064790854,70.0,True
101990961244800083,air_humidity,2026-08-14 07:00:00+00:00,46.75,48.72269716820243,55.66666666666666,True
101990961244800083,air_humidity,2026-08-14 08:00:00+00:00,42.8,43.04884134385988,46.75,True
101990961244800083,air_humidity,2026-08-14 09:00:00+00:00,39.16666666666666,41.537119613276836,42.8,True
101990961244800083,air_humidity,2026-08-14 10:00:00+00:00,35.5,36.05501199701137,39.16666666666666,True
101990961244800083,air_humidity,2026-08-14 11:00:00+00:00,33.25,36.661302122264615,35.5,True
101990961244800083,air_humidity,2026-08-14 12:00:00+00:00,32.0,37.258144080989716,33.25,True
101990961244800083,air_humidity,2026-08-14 13:00:00+00:00,40.8,36.82286847473549,32.0,True
101990961244800083,air_humidity,2026-08-14 14:00:00+00:00,39.5,49.96643853985228,40.8,True
101990961244800083,air_humidity,2026-08-14 15:00:00+00:00,47.5,46.46584480528968,39.5,True
101990961244800083,air_humidity,2026-08-14 16:00:00+00:00,54.5,57.050368573277694,47.5,True
101990961244800083,air_humidity,2026-08-14 17:00:00+00:00,60.4,58.69012187163395,54.5,True
101990961244800083,air_humidity,2026-08-14 18:00:00+00:00,66.0,64.43655833605249,60.4,True
101990961244800083,air_humidity,2026-08-14 19:00:00+00:00,68.5,69.01662454800683,66.0,True
101990961244800083,air_humidity,2026-08-14 20:00:00+00:00,69.4,70.2959458725786,68.5,True
101990961244800083,air_humidity,2026-08-14 21:00:00+00:00,71.5,70.54213733520078,69.4,True
101990961244800083,air_humidity,2026-08-14 22:00:00+00:00,,73.0196604244111,71.5,False
101990961244800083,air_humidity,2026-08-14 23:00:00+00:00,,74.18665515159329,,False
101990961244800083,air_humidity,2026-08-15 00:00:00+00:00,,75.14391534407648,,False
101990961244800083,air_humidity,2026-08-15 01:00:00+00:00,,75.0901165704235,,False
101990961244800083,air_humidity,2026-08-15 02:00:00+00:00,,74.94359637744094,,False
101990961244800083,air_humidity,2026-08-15 03:00:00+00:00,,75.453102094131,,False
101990961244800083,air_humidity,2026-08-15 04:00:00+00:00,76.33333333333333,74.28084304238682,,False
101990961244800083,air_humidity,2026-08-15 05:00:00+00:00,71.0,70.8248980127621,76.33333333333333,True
101990961244800083,air_humidity,2026-08-15 06:00:00+00:00,59.0,62.50002907522036,71.0,True
101990961244800083,air_humidity,2026-08-15 07:00:00+00:00,50.5,50.82763367363614,59.0,True
101990961244800083,air_humidity,2026-08-15 08:00:00+00:00,40.5,45.40895448528784,50.5,True
101990961244800083,air_humidity,2026-08-15 09:00:00+00:00,35.5,37.41567624281045,40.5,True
101990961244800083,air_humidity,2026-08-15 10:00:00+00:00,35.0,33.067944679879226,35.5,True
101990961244800083,air_humidity,2026-08-15 11:00:00+00:00,38.0,35.657701308062414,35.0,True
101990961244800083,air_humidity,2026-08-15 12:00:00+00:00,42.5,41.16788954837226,38.0,True
101990961244800083,air_humidity,2026-08-15 13:00:00+00:00,39.0,46.37236926127275,42.5,True
101990961244800083,air_humidity,2026-08-15 14:00:00+00:00,38.8,43.980106402852556,39.0,True
101990961244800083,air_humidity,2026-08-15 15:00:00+00:00,41.0,46.19976170526423,38.8,True
101990961244800083,air_humidity,2026-08-15 16:00:00+00:00,46.8,49.45769821669782,41.0,True
101990961244800083,air_humidity,2026-08-15 17:00:00+00:00,55.75,52.05981656314691,46.8,True
101990961244800083,air_humidity,2026-08-15 18:00:00+00:00,63.25,60.89291309130185,55.75,True
101990961244800083,air_humidity,2026-08-15 19:00:00+00:00,66.0,66.36754969595731,63.25,True
101990961244800083,air_humidity,2026-08-15 20:00:00+00:00,66.8,67.34048496490783,66.0,True
101990961244800083,air_humidity,2026-08-15 21:00:00+00:00,64.0,67.96106750480206,66.8,True
101990961244800083,air_humidity,2026-08-15 22:00:00+00:00,,65.10527427431884,64.0,False
101990961244800083,air_humidity,2026-08-15 23:00:00+00:00,,66.99734738214957,,False
101990961244800083,air_humidity,2026-08-16 00:00:00+00:00,,68.5588102339373,,False
101990961244800083,air_humidity,2026-08-16 01:00:00+00:00,,69.01456582820589,,False
101990961244800083,air_humidity,2026-08-16 02:00:00+00:00,,69.30508045316682,,False
101990961244800083,air_humidity,2026-08-16 03:00:00+00:00,,70.19809234819024,,False
101990961244800083,air_humidity,2026-08-16 04:00:00+00:00,72.0,69.40622297275223,,False
101990961244800083,air_humidity,2026-08-16 05:00:00+00:00,69.8,66.86926929926344,72.0,True
101990961244800083,air_humidity,2026-08-16 06:00:00+00:00,58.8,61.514149796724446,69.8,True
101990961244800083,air_humidity,2026-08-16 07:00:00+00:00,51.75,50.27853378840565,58.8,True
101990961244800083,air_humidity,2026-08-16 08:00:00+00:00,40.25,45.599124542463464,51.75,True
101990961244800083,air_humidity,2026-08-16 09:00:00+00:00,42.8,36.26292281494069,40.25,True
101990961244800083,air_humidity,2026-08-16 10:00:00+00:00,43.0,40.81809856427669,42.8,True
101990961244800083,air_humidity,2026-08-16 11:00:00+00:00,43.75,42.45475145438975,43.0,True
101990961244800083,air_humidity,2026-08-16 12:00:00+00:00,43.5,45.904522907050406,43.75,True
101990961244800083,air_humidity,2026-08-16 13:00:00+00:00,42.0,44.76689957474488,43.5,True
101990961244800083,air_humidity,2026-08-16 14:00:00+00:00,46.0,46.87492650437808,42.0,True
101990961244800083,air_humidity,2026-08-16 15:00:00+00:00,52.0,52.04050862155016,46.0,True
101990961244800083,air_humidity,2026-08-16 16:00:00+00:00,63.75,59.12074247654943,52.0,True
101990961244800083,air_humidity,2026-08-16 17:00:00+00:00,67.6,67.88270481733721,63.75,True
101990961244800083,air_humidity,2026-08-16 18:00:00+00:00,66.8,69.94222981468305,67.6,True
101990961244800083,air_humidity,2026-08-16 19:00:00+00:00,64.5,67.92456974503898,66.8,True
101990961244800083,air_humidity,2026-08-16 20:00:00+00:00,67.2,65.17681590734276,64.5,True
101990961244800083,air_humidity,2026-08-16 21:00:00+00:00,70.5,68.06155067565156,67.2,True
101990961244800083,air_humidity,2026-08-16 22:00:00+00:00,,71.6990748903932,70.5,False
101990961244800083,air_humidity,2026-08-16 23:00:00+00:00,,72.39668229468074,,False
101990961244800083,air_humidity,2026-08-17 00:00:00+00:00,,72.98327384551007,,False
101990961244800083,air_humidity,2026-08-17 01:00:00+00:00,,72.6412395874325,,False
101990961244800083,air_humidity,2026-08-17 02:00:00+00:00,,72.27621286265396,,False
101990961244800083,air_humidity,2026-08-17 03:00:00+00:00,,72.62724441630458,,False
101990961244800083,air_humidity,2026-08-17 04:00:00+00:00,82.0,71.48392803573336,,False
101990961244800083,air_humidity,2026-08-17 05:00:00+00:00,76.0,76.0819582949837,82.0,True
101990961244800083,air_humidity,2026-08-17 06:00:00+00:00,63.833333333333336,66.12755407917513,76.0,True
101990961244800083,air_humidity,2026-08-17 07:00:00+00:00,57.4,54.89445505314482,63.833333333333336,True
101990961244800083,air_humidity,2026-08-17 08:00:00+00:00,51.5,50.36287408316608,57.4,True
101990961244800083,air_humidity,2026-08-17 09:00:00+00:00,51.0,48.186936022742756,51.5,True
101990961244800083,air_humidity,2026-08-17 10:00:00+00:00,48.0,47.389504394536004,51.0,True
101990961244800083,air_humidity,2026-08-17 11:00:00+00:00,44.75,46.54369082300798,48.0,True
101990961244800083,air_humidity,2026-08-17 12:00:00+00:00,67.4,45.90326290448861,44.75,True
101990961244800083,air_humidity,2026-08-17 13:00:00+00:00,75.25,70.4224027850828,67.4,True
101990961244800083,air_humidity,2026-08-17 14:00:00+00:00,69.25,77.05363565093401,75.25,True
101990961244800083,air_humidity,2026-08-17 15:00:00+00:00,64.5,70.786856803493,69.25,True
101990961244800083,air_humidity,2026-08-17 16:00:00+00:00,71.25,69.55521896093167,64.5,True
101990961244800083,air_humidity,2026-08-17 17:00:00+00:00,76.16666666666667,73.92011811416226,71.25,True
101990961244800083,air_humidity,2026-08-17 18:00:00+00:00,78.75,77.5975427472624,76.16666666666667,True
101990961244800083,air_humidity,2026-08-17 19:00:00+00:00,79.4,78.92592406937115,78.75,True
101990961244800083,air_humidity,2026-08-17 20:00:00+00:00,79.2,79.34551331235342,79.4,True
101990961244800083,air_humidity,2026-08-17 21:00:00+00:00,79.0,78.92487541827113,79.2,True
101990961244800083,air_humidity,2026-08-17 22:00:00+00:00,,79.27279996471208,79.0,False
101990961244800083,air_humidity,2026-08-17 23:00:00+00:00,,79.66415432700452,,False
101990961244800083,air_humidity,2026-08-18 00:00:00+00:00,,80.02361017585355,,False
101990961244800083,air_humidity,2026-08-18 01:00:00+00:00,,79.52297724730036,,False
101990961244800083,air_humidity,2026-08-18 02:00:00+00:00,,79.0602690159072,,False
101990961244800083,air_humidity,2026-08-18 03:00:00+00:00,,79.36955852662913,,False
101990961244800083,air_humidity,2026-08-18 04:00:00+00:00,83.0,78.13487171141351,,False
101990961244800083,air_humidity,2026-08-18 05:00:00+00:00,78.25,77.1756799020986,83.0,True
101990961244800083,air_humidity,2026-08-18 06:00:00+00:00,65.5,68.80381694264601,78.25,True
101990961244800083,air_humidity,2026-08-18 07:00:00+00:00,56.0,56.94214766690082,65.5,True
101990961244800083,air_humidity,2026-08-18 08:00:00+00:00,51.0,49.673703645608754,56.0,True
101990961244800083,air_humidity,2026-08-18 09:00:00+00:00,49.5,48.49510119206863,51.0,True
101990961244800083,air_humidity,2026-08-18 10:00:00+00:00,46.285714285714285,46.25429948553249,49.5,True
101990961244800083,air_humidity,2026-08-18 11:00:00+00:00,43.8,45.22386203777752,46.285714285714285,True
101990961244800083,air_humidity,2026-08-18 12:00:00+00:00,62.0,48.57494157580611,43.8,True
101990961244800083,air_humidity,2026-08-18 13:00:00+00:00,89.75,66.14051804470509,62.0,True
101990961244800083,air_humidity,2026-08-18 14:00:00+00:00,77.4,93.26717515816097,89.75,True
101990961244800083,air_humidity,2026-08-18 15:00:00+00:00,89.25,75.41707851406201,77.4,True
101990961244800083,air_humidity,2026-08-18 16:00:00+00:00,91.0,95.13013776378922,89.25,True
101990961244800083,air_humidity,2026-08-18 17:00:00+00:00,90.75,90.06275572152569,91.0,True
101990961244800083,air_humidity,2026-08-18 18:00:00+00:00,90.5,90.59939894668126,90.75,True
101990961244800083,air_humidity,2026-08-18 19:00:00+00:00,88.0,89.6303867577518,90.5,True
101990961244800083,air_humidity,2026-08-18 20:00:00+00:00,85.5,86.77499599740507,88.0,True
101990961244800083,air_humidity,2026-08-18 21:00:00+00:00,,84.57586689871123,85.5,False
101990961244800083,air_humidity,2026-08-18 22:00:00+00:00,,84.72795201837508,,False
101990961244800083,air_humidity,2026-08-18 23:00:00+00:00,,85.06434245413404,,False
101990961244800083,air_humidity,2026-08-19 00:00:00+00:00,,85.3650264920528,,False
101990961244800083,air_humidity,2026-08-19 01:00:00+00:00,,84.79895928225572,,False
101990961244800083,air_humidity,2026-08-19 02:00:00+00:00,,84.26101603961978,,False
101990961244800083,air_humidity,2026-08-19 03:00:00+00:00,,84.4817033982588,,False
101990961244800083,air_humidity,2026-08-19 04:00:00+00:00,81.0,83.20087618081583,,False
101990961244800083,air_humidity,2026-08-19 05:00:00+00:00,76.5,76.03879054668829,81.0,True
101990961244800083,air_humidity,2026-08-19 06:00:00+00:00,69.25,67.71410570920769,76.5,True
101990961244800083,air_humidity,2026-08-19 07:00:00+00:00,65.5,61.513806657393374,69.25,True
101990961244800083,air_humidity,2026-08-19 08:00:00+00:00,64.66666666666667,59.489461978362016,65.5,True
101990961244800083,air_humidity,2026-08-19 09:00:00+00:00,,61.44185494068942,64.66666666666667,False
101990961244800083,air_humidity,2026-08-19 10:00:00+00:00,55.0,56.704674711191664,,False
101990961244800083,air_humidity,2026-08-19 11:00:00+00:00,50.5,53.03056425148125,55.0,True
101990961244800083,air_humidity,2026-08-19 12:00:00+00:00,50.0,54.90913066693959,50.5,True
101990961244800083,air_humidity,2026-08-19 13:00:00+00:00,,55.45688524311693,50.0,False
101990961244800083,air_humidity,2026-08-19 14:00:00+00:00,59.0,59.13252006512871,,False
101990961244800083,air_humidity,2026-08-19 15:00:00+00:00,,66.05097619212604,59.0,False
101990961244800083,air_humidity,2026-08-19 16:00:00+00:00,,72.94122199181751,,False
101990961244800083,air_humidity,2026-08-19 17:00:00+00:00,96.0,76.07281017098705,,False
101990961244800083,air_humidity,2026-08-19 18:00:00+00:00,94.5,96.67343764806164,96.0,True
101990961244800083,air_humidity,2026-08-19 19:00:00+00:00,92.0,92.69329409717237,94.5,True
101990961244800083,air_humidity,2026-08-19 20:00:00+00:00,91.0,90.52913426393229,92.0,True
101990961244800083,air_humidity,2026-08-19 21:00:00+00:00,,89.93111624821358,91.0,False
101990961244800083,air_humidity,2026-08-19 22:00:00+00:00,,89.57439474523198,,False
101990961244800083,air_humidity,2026-08-19 23:00:00+00:00,,89.4734293639919,,False
101990961244800083,air_humidity,2026-08-20 00:00:00+00:00,,89.39649743765642,,False
101990961244800083,air_humidity,2026-08-20 01:00:00+00:00,,88.49625818464804,,False
101990961244800083,air_humidity,2026-08-20 02:00:00+00:00,,87.65317641742385,,False
101990961244800083,air_humidity,2026-08-20 03:00:00+00:00,,87.58460104963179,,False
101990961244800083,air_humidity,2026-08-20 04:00:00+00:00,,86.04440920067428,,False
101990961244800083,air_humidity,2026-08-20 05:00:00+00:00,,80.8101127299968,,False
101990961244800083,air_humidity,2026-08-20 06:00:00+00:00,,72.15488583822972,,False
101990961244800083,air_humidity,2026-08-20 07:00:00+00:00,,64.76192952175528,,False
101990961244800083,air_humidity,2026-08-20 08:00:00+00:00,,59.16716008310279,,False
101990961244800083,air_humidity,2026-08-20 09:00:00+00:00,62.0,56.11585063411064,,False
101990961244800083,air_humidity,2026-08-20 10:00:00+00:00,60.0,57.81600238747775,62.0,True
101990961244800083,air_humidity,2026-08-20 11:00:00+00:00,58.5,58.18096340523867,60.0,True
101990961244800083,air_humidity,2026-08-20 12:00:00+00:00,59.5,61.063507131927004,58.5,True
101990961244800083,air_humidity,2026-08-20 13:00:00+00:00,73.0,62.59629834952806,59.5,True
101990961244800083,air_humidity,2026-08-20 14:00:00+00:00,94.0,77.48781655870442,73.0,True
101990961244800083,air_humidity,2026-08-20 15:00:00+00:00,96.0,99.81939204898488,94.0,True
101990961244800083,air_humidity,2026-08-20 16:00:00+00:00,95.0,99.08658870556562,96.0,True
101990961244800083,air_humidity,2026-08-20 17:00:00+00:00,94.0,95.53666242705522,95.0,True
101990961244800083,air_humidity,2026-08-20 18:00:00+00:00,93.33333333333331,93.90069854372787,94.0,True
101990961244800083,air_humidity,2026-08-20 19:00:00+00:00,93.0,92.87124702997349,93.33333333333331,True
101990961244800083,air_humidity,2026-08-20 20:00:00+00:00,,92.51868284847824,93.0,False
101990961244800083,air_humidity,2026-08-20 21:00:00+00:00,,92.00174379769072,,False
101990961244800083,air_humidity,2026-08-20 22:00:00+00:00,,92.19425604881485,,False
101990961244800083,air_humidity,2026-08-20 23:00:00+00:00,,92.54714867839427,,False
101990961244800083,air_humidity,2026-08-21 00:00:00+00:00,,92.84561947596238,,False
101990961244800083,air_humidity,2026-08-21 01:00:00+00:00,,92.25816750353269,,False
101990961244800083,air_humidity,2026-08-21 02:00:00+00:00,,91.67838865795517,,False
101990961244800083,air_humidity,2026-08-21 03:00:00+00:00,,91.83461950054605,,False
101990961244800083,air_humidity,2026-08-21 04:00:00+00:00,,90.47846426347921,,False
101990961244800083,air_humidity,2026-08-21 05:00:00+00:00,,85.34907493532741,,False
101990961244800083,air_humidity,2026-08-21 06:00:00+00:00,,76.72286392949886,,False
101990961244800083,air_humidity,2026-08-21 07:00:00+00:00,64.0,69.16619383382003,,False
101990961244800083,air_humidity,2026-08-21 08:00:00+00:00,63.0,58.69038864281748,64.0,True
101990961244800083,air_humidity,2026-08-21 09:00:00+00:00,,61.0385845099858,63.0,False
101990961244800083,air_humidity,2026-08-21 10:00:00+00:00,54.5,57.66916866609241,,False
101990961244800083,air_humidity,2026-08-21 11:00:00+00:00,,53.576460579471906,54.5,False
101990961244800083,air_humidity,2026-08-21 12:00:00+00:00,55.0,57.45528678973382,,False
101990961244800083,air_humidity,2026-08-21 13:00:00+00:00,52.0,60.54668693840688,55.0,True
101990961244800083,air_humidity,2026-08-21 14:00:00+00:00,56.0,58.54824356291715,52.0,True
101990961244800083,air_humidity,2026-08-21 15:00:00+00:00,61.0,63.50987620782142,56.0,True
101990961244800083,air_humidity,2026-08-21 16:00:00+00:00,73.0,68.98335422335401,61.0,True
101990961244800083,air_humidity,2026-08-21 17:00:00+00:00,78.5,78.04544762424342,73.0,True
101990961244800083,air_humidity,2026-08-21 18:00:00+00:00,,81.2136550304525,78.5,False
101990961244800083,air_humidity,2026-08-21 19:00:00+00:00,,82.7974548349237,,False
101990961244800083,air_humidity,2026-08-21 20:00:00+00:00,,83.69095768384844,,False
101990961244800083,air_humidity,2026-08-21 21:00:00+00:00,,84.25271919478976,,False
101990961244800083,air_humidity,2026-08-21 22:00:00+00:00,,85.30366393074038,,False
101990961244800083,air_humidity,2026-08-21 23:00:00+00:00,,86.3454633177781,,False
101990961244800083,air_humidity,2026-08-22 00:00:00+00:00,,87.19527587449883,,False
101990961244800083,air_humidity,2026-08-22 01:00:00+00:00,,87.04612079410714,,False
101990961244800083,air_humidity,2026-08-22 02:00:00+00:00,,86.81121998934302,,False
101990961244800083,air_humidity,2026-08-22 03:00:00+00:00,,87.23449278572643,,False
101990961244800083,air_humidity,2026-08-22 04:00:00+00:00,,86.07514277938354,,False
101990961244800083,air_humidity,2026-08-22 05:00:00+00:00,83.0,81.06453101228021,,False
101990961244800083,air_humidity,2026-08-22 06:00:00+00:00,77.0,74.22821142051396,83.0,True
101990961244800083,air_humidity,2026-08-22 07:00:00+00:00,,69.48235475883466,77.0,False
101990961244800083,air_humidity,2026-08-22 08:00:00+00:00,,63.65949721944319,,False
101990961244800083,air_humidity,2026-08-22 09:00:00+00:00,59.0,60.245869573667576,,False
101990961244800083,air_humidity,2026-08-22 10:00:00+00:00,52.0,55.26642115585351,59.0,True
101990961244800083,air_humidity,2026-08-22 11:00:00+00:00,50.0,50.78278088968497,52.0,True
101990961244800083,air_humidity,2026-08-22 12:00:00+00:00,53.0,53.95036199471737,50.0,True
101990961244800083,air_humidity,2026-08-22 13:00:00+00:00,59.0,56.908010481058334,53.0,True
101990961244800083,air_humidity,2026-08-22 14:00:00+00:00,67.0,64.68635466929145,59.0,True
101990961244800083,air_humidity,2026-08-22 15:00:00+00:00,,73.21198905987954,67.0,False
101990961244800083,air_humidity,2026-08-22 16:00:00+00:00,78.0,80.36446868446014,,False
101990961244800083,air_humidity,2026-08-22 17:00:00+00:00,78.33333333333333,81.2840476182889,78.0,True
101990961244800083,air_humidity,2026-08-22 18:00:00+00:00,80.0,80.3463577687156,78.33333333333333,True
101990961244800083,air_humidity,2026-08-22 19:00:00+00:00,82.0,81.65669969998963,80.0,True
101990961244800083,air_humidity,2026-08-22 20:00:00+00:00,,83.07409789962509,82.0,False
101990961244800083,air_humidity,2026-08-22 21:00:00+00:00,,83.71887095172126,,False
101990961244800083,air_humidity,2026-08-22 22:00:00+00:00,,84.84312850397032,,False
101990961244800083,air_humidity,2026-08-22 23:00:00+00:00,,85.95167843448242,,False
101990961244800083,air_humidity,2026-08-23 00:00:00+00:00,,86.86443411105714,,False
101990961244800083,air_humidity,2026-08-23 01:00:00+00:00,,86.77700071268221,,False
101990961244800083,air_humidity,2026-08-23 02:00:00+00:00,,86.6051332069024,,False
101990961244800083,air_humidity,2026-08-23 03:00:00+00:00,,87.09534079874349,,False
101990961244800083,air_humidity,2026-08-23 04:00:00+00:00,,86.00940387175989,,False
101990961244800083,air_humidity,2026-08-23 05:00:00+00:00,,81.15155197136602,,False
101990961244800083,air_humidity,2026-08-23 06:00:00+00:00,,72.97692635342769,,False
101990961244800083,air_humidity,2026-08-23 07:00:00+00:00,,65.50386284259261,,False
101990961244800083,air_humidity,2026-08-23 08:00:00+00:00,,59.89733530134497,,False
101990961244800083,air_humidity,2026-08-23 09:00:00+00:00,49.5,56.912295062540565,,False
101990961244800083,air_humidity,2026-08-23 10:00:00+00:00,,46.520978210868265,49.5,False
101990961244800083,air_humidity,2026-08-23 11:00:00+00:00,,46.48026913248914,,False
101990961244800083,air_humidity,2026-08-23 12:00:00+00:00,47.5,50.89279173316599,,False
101990961244800083,air_humidity,2026-08-23 13:00:00+00:00,57.0,52.72258158041743,47.5,True
101990961244800083,air_humidity,2026-08-23 14:00:00+00:00,,63.68298769054279,57.0,False
101990961244800083,air_humidity,2026-08-23 15:00:00+00:00,,69.74205200715623,,False
101990961244800083,air_humidity,2026-08-23 16:00:00+00:00,65.0,76.70082602457762,,False
101990961244800083,air_humidity,2026-08-23 17:00:00+00:00,70.0,68.8765920634218,65.0,True
101990961244800083,air_humidity,2026-08-23 18:00:00+00:00,,73.69009824436097,70.0,False
101990961244800083,air_humidity,2026-08-23 19:00:00+00:00,,76.01540961237274,,False
101990961244800083,air_humidity,2026-08-23 20:00:00+00:00,,77.44423225830829,,False
101990961244800083,air_humidity,2026-08-23 21:00:00+00:00,,78.42011813268385,,False
101990961244800083,air_humidity,2026-08-23 22:00:00+00:00,,79.8061797055696,,False
101990961244800083,air_humidity,2026-08-23 23:00:00+00:00,,81.12205559175534,,False
101990961244800083,air_humidity,2026-08-24 00:00:00+00:00,,82.19755422816908,,False
101990961244800083,air_humidity,2026-08-24 01:00:00+00:00,,82.23575634394483,,False
101990961244800083,air_humidity,2026-08-24 02:00:00+00:00,,82.15828593569316,,False
101990961244800083,air_humidity,2026-08-24 03:00:00+00:00,,82.71616921333668,,False
101990961244800083,air_humidity,2026-08-24 04:00:00+00:00,,81.67350416706289,,False
101990961244800083,air_humidity,2026-08-24 05:00:00+00:00,71.0,76.79308733738267,,False
101990961244800083,air_humidity,2026-08-24 06:00:00+00:00,60.5,63.244001868875095,71.0,True
101990961244800083,air_humidity,2026-08-24 07:00:00+00:00,53.5,53.622555774257755,60.5,True
101990961244800083,air_humidity,2026-08-24 08:00:00+00:00,49.0,48.9478681945478,53.5,True
101990961244800083,air_humidity,2026-08-24 09:00:00+00:00,,46.95341480551867,49.0,False
101990961244800083,air_humidity,2026-08-24 10:00:00+00:00,42.6,44.12452126752587,,False
101990961244800083,air_humidity,2026-08-24 11:00:00+00:00,41.0,42.288788782533665,42.6,True
101990961244800083,air_humidity,2026-08-24 12:00:00+00:00,38.5,45.406792113645366,41.0,True
101990961244800083,air_humidity,2026-08-24 13:00:00+00:00,,43.70071856230144,38.5,False
101990961244800083,air_humidity,2026-08-24 14:00:00+00:00,54.333333333333336,50.46025261787734,,False
101990961244800083,air_humidity,2026-08-24 15:00:00+00:00,73.0,61.0584695104981,54.333333333333336,True
101990961244800083,air_humidity,2026-08-24 16:00:00+00:00,76.0,80.77898352028586,73.0,True
101990961244800083,air_humidity,2026-08-24 17:00:00+00:00,83.0,77.56119655833875,76.0,True
101990961244800083,air_humidity,2026-08-24 18:00:00+00:00,,85.08758453323291,83.0,False
101990961244800083,air_humidity,2026-08-24 19:00:00+00:00,,85.02015514708376,,False
101990961244800083,air_humidity,2026-08-24 20:00:00+00:00,,84.54037035186391,,False
101990961244800083,air_humidity,2026-08-24 21:00:00+00:00,,83.97095572979777,,False
101990961244800083,air_humidity,2026-08-24 22:00:00+00:00,,84.09507560466922,,False
101990961244800083,air_humidity,2026-08-24 23:00:00+00:00,,84.37845174359583,,False
101990961244800083,air_humidity,2026-08-25 00:00:00+00:00,,84.6062856936274,,False
101990961244800083,air_humidity,2026-08-25 01:00:00+00:00,,83.94494014170611,,False
101990961244800083,air_humidity,2026-08-25 02:00:00+00:00,,83.28573261190608,,False
101990961244800083,air_humidity,2026-08-25 03:00:00+00:00,,83.35448253831119,,False
101990961244800083,air_humidity,2026-08-25 04:00:00+00:00,,81.89387859104762,,False
101990961244800083,air_humidity,2026-08-25 05:00:00+00:00,,76.60371775558106,,False
101990961244800083,air_humidity,2026-08-25 06:00:00+00:00,,67.76573824936803,,False
101990961244800083,air_humidity,2026-08-25 07:00:00+00:00,,60.21593808340459,,False
101990961244800083,air_humidity,2026-08-25 08:00:00+00:00,,54.649554553526706,,False
101990961244800083,air_humidity,2026-08-25 09:00:00+00:00,,51.66239153203063,,False
101990961244800083,air_humidity,2026-08-25 10:00:00+00:00,,48.11274528673227,,False
101990961244800083,air_humidity,2026-08-25 11:00:00+00:00,,47.07008619105105,,False
101990961244800083,air_humidity,2026-08-25 12:00:00+00:00,,49.97277118183465,,False
101990961244800083,air_humidity,2026-08-25 13:00:00+00:00,,54.49933852775804,,False
101990961244800083,air_humidity,2026-08-25 14:00:00+00:00,,60.20505537458693,,False
101990961244800083,air_humidity,2026-08-25 15:00:00+00:00,,67.65850332066711,,False
101990961244800083,air_humidity,2026-08-25 16:00:00+00:00,,73.95855538545189,,False
101990961244800083,air_humidity,2026-08-25 17:00:00+00:00,,77.59322405408174,,False
101990961244800083,air_humidity,2026-08-25 18:00:00+00:00,,79.61305553880975,,False
101990961244800083,air_humidity,2026-08-25 19:00:00+00:00,,80.56253065261538,,False
101990961244800083,air_humidity,2026-08-25 20:00:00+00:00,,80.91662239054227,,False
101990961244800083,air_humidity,2026-08-25 21:00:00+00:00,,81.03016444066894,,False
101990961244800083,air_humidity,2026-08-25 22:00:00+00:00,,81.71440184125906,,False
101990961244800083,air_humidity,2026-08-25 23:00:00+00:00,,82.45921595208603,,False
101990961244800083,air_humidity,2026-08-26 00:00:00+00:00,,83.06969642614798,,False
101990961244800083,air_humidity,2026-08-26 01:00:00+00:00,,82.72868338943078,,False
101990961244800083,air_humidity,2026-08-26 02:00:00+00:00,,82.34127440425888,,False
101990961244800083,air_humidity,2026-08-26 03:00:00+00:00,,82.64496804184988,,False
101990961244800083,air_humidity,2026-08-26 04:00:00+00:00,,81.39253669987548,,False
101990961244800083,air_humidity,2026-08-26 05:00:00+00:00,80.0,76.31369750702166,,False
101990961244800083,air_humidity,2026-08-26 06:00:00+00:00,,71.09274825121184,80.0,False
101990961244800083,air_humidity,2026-08-26 07:00:00+00:00,,63.2003382254997,,False
101990961244800083,air_humidity,2026-08-26 08:00:00+00:00,46.5,57.30700465481586,,False
101990961244800083,air_humidity,2026-08-26 09:00:00+00:00,45.0,44.11629123661764,46.5,True
101990961244800083,air_humidity,2026-08-26 10:00:00+00:00,39.0,42.77533754868225,45.0,True
101990961244800083,air_humidity,2026-08-26 11:00:00+00:00,,38.63530121248158,39.0,False
101990961244800083,air_humidity,2026-08-26 12:00:00+00:00,31.5,43.30495808455845,,False
101990961244800083,air_humidity,2026-08-26 13:00:00+00:00,35.0,37.574091798600186,31.5,True
101990961244800083,air_humidity,2026-08-26 14:00:00+00:00,49.0,42.72819192712609,35.0,True
101990961244800083,air_humidity,2026-08-26 15:00:00+00:00,64.0,58.45304947392956,49.0,True
101990961244800083,air_humidity,2026-08-26 16:00:00+00:00,68.0,71.92773951540347,64.0,True
101990961244800083,air_humidity,2026-08-26 17:00:00+00:00,72.66666666666667,71.01316814412267,68.0,True
101990961244800083,air_humidity,2026-08-26 18:00:00+00:00,81.5,75.36091971286139,72.66666666666667,True
101990961244800083,air_humidity,2026-08-26 19:00:00+00:00,83.0,83.14916227177413,81.5,True
101990961244800083,air_humidity,2026-08-26 20:00:00+00:00,,82.57562595708468,83.0,False
101990961244800083,air_humidity,2026-08-26 21:00:00+00:00,,82.09978782924294,,False
101990961244800083,air_humidity,2026-08-26 22:00:00+00:00,,82.31815948047021,,False
101990961244800083,air_humidity,2026-08-26 23:00:00+00:00,,82.6995953396891,,False
101990961244800083,air_humidity,2026-08-27 00:00:00+00:00,,83.0333862241059,,False
101990961244800083,air_humidity,2026-08-27 01:00:00+00:00,,82.49055053872235,,False
101990961244800083,air_humidity,2026-08-27 02:00:00+00:00,,81.9676050430297,,False
101990961244800083,air_humidity,2026-08-27 03:00:00+00:00,,82.19633673647841,,False
101990961244800083,air_humidity,2026-08-27 04:00:00+00:00,,80.92660972613545,,False
101990961244800083,air_humidity,2026-08-27 05:00:00+00:00,,75.77035539887525,,False
101990961244800083,air_humidity,2026-08-27 06:00:00+00:00,,66.60967787446702,,False
101990961244800083,air_humidity,2026-08-27 07:00:00+00:00,,58.426510353289295,,False
101990961244800083,air_humidity,2026-08-27 08:00:00+00:00,,52.343225635144954,,False
101990961244800083,air_humidity,2026-08-27 09:00:00+00:00,,49.57470426176407,,False
101990961244800083,air_humidity,2026-08-27 10:00:00+00:00,,45.71811176959624,,False
101990961244800083,air_humidity,2026-08-27 11:00:00+00:00,,44.124603193981464,,False
101990961244800083,air_humidity,2026-08-27 12:00:00+00:00,,46.875592516244176,,False
101990961244800083,air_humidity,2026-08-27 13:00:00+00:00,,51.17283109076731,,False
101990961244800083,air_humidity,2026-08-27 14:00:00+00:00,,57.59451318650422,,False
101990961244800083,air_humidity,2026-08-27 15:00:00+00:00,50.0,65.1528880877561,,False
101990961244800083,air_humidity,2026-08-27 16:00:00+00:00,,57.71093249253475,50.0,False
101990961244800083,air_humidity,2026-08-27 17:00:00+00:00,72.0,63.01870314990614,,False
101990961244800083,air_humidity,2026-08-27 18:00:00+00:00,,75.8842223404863,72.0,False
101990961244800083,air_humidity,2026-08-27 19:00:00+00:00,,76.86086489364068,,False
101990961244800083,air_humidity,2026-08-27 20:00:00+00:00,,77.02194283286829,,False
101990961244800083,air_humidity,2026-08-27 21:00:00+00:00,,76.97346462524679,,False
101990961244800083,air_humidity,2026-08-27 22:00:00+00:00,,77.53052781156217,,False
101990961244800083,air_humidity,2026-08-27 23:00:00+00:00,,78.1770182318301,,False
101990961244800083,air_humidity,2026-08-28 00:00:00+00:00,,78.71398227319546,,False
101990961244800083,air_humidity,2026-08-28 01:00:00+00:00,,78.32152236046919,,False
101990961244800083,air_humidity,2026-08-28 02:00:00+00:00,,77.90295383799021,,False
101990961244800083,air_humidity,2026-08-28 03:00:00+00:00,,78.19487111492573,,False
101990961244800083,air_humidity,2026-08-28 04:00:00+00:00,,76.95010291228778,,False
101990961244800083,air_humidity,2026-08-28 05:00:00+00:00,,71.83927880950013,,False
101990961244800083,air_humidity,2026-08-28 06:00:00+00:00,,62.95663701702611,,False
101990961244800083,air_humidity,2026-08-28 07:00:00+00:00,,55.08452653080847,,False
101990961244800083,air_humidity,2026-08-28 08:00:00+00:00,,49.20789331298839,,False
101990961244800083,air_humidity,2026-08-28 09:00:00+00:00,,46.28116970811976,,False
101990961244800083,air_humidity,2026-08-28 10:00:00+00:00,,42.51134591581469,,False
101990961244800083,air_humidity,2026-08-28 11:00:00+00:00,,41.13923510517123,,False
101990961244800083,air_humidity,2026-08-28 12:00:00+00:00,,44.09110373070894,,False
101990961244800083,air_humidity,2026-08-28 13:00:00+00:00,,48.255208395974414,,False
101990961244800083,air_humidity,2026-08-28 14:00:00+00:00,,53.81541081171025,,False
101990961244800083,air_humidity,2026-08-28 15:00:00+00:00,,60.64868418243355,,False
101990961244800083,air_humidity,2026-08-28 16:00:00+00:00,,67.82255481623213,,False
101990961244800083,air_humidity,2026-08-28 17:00:00+00:00,,72.00582680712793,,False
101990961244800083,air_humidity,2026-08-28 18:00:00+00:00,,74.55994591191414,,False
101990961244800083,air_humidity,2026-08-28 19:00:00+00:00,,75.61320135828774,,False
101990961244800083,air_humidity,2026-08-28 20:00:00+00:00,,75.9512701901265,,False
101990961244800083,air_humidity,2026-08-28 21:00:00+00:00,,76.05223311342527,,False
101990961244800083,air_humidity,2026-08-28 22:00:00+00:00,,76.73259547611212,,False
101990961244800083,air_humidity,2026-08-28 23:00:00+00:00,,77.48143025091258,,False
101990961244800083,air_humidity,2026-08-29 00:00:00+00:00,,78.10406388153847,,False
101990961244800083,air_humidity,2026-08-29 01:00:00+00:00,,77.78415704497691,,False
101990961244800083,air_humidity,2026-08-29 02:00:00+00:00,,77.42801556023201,,False
101990961244800083,air_humidity,2026-08-29 03:00:00+00:00,,77.774785982988,,False
101990961244800083,air_humidity,2026-08-29 04:00:00+00:00,,76.57952132794364,,False
101990961244800083,air_humidity,2026-08-29 05:00:00+00:00,82.0,71.52020184478138,,False
101990961244800083,air_humidity,2026-08-29 06:00:00+00:00,,72.31293400438466,82.0,False
101990961244800083,air_humidity,2026-08-29 07:00:00+00:00,,63.440978605176944,,False
101990961244800083,air_humidity,2026-08-29 08:00:00+00:00,43.333333333333336,56.76589299345044,,False
101990961244800083,air_humidity,2026-08-29 09:00:00+00:00,38.0,40.732347738723035,43.333333333333336,True
101990961244800083,air_humidity,2026-08-29 10:00:00+00:00,36.66666666666666,35.32891918955846,38.0,True
101990961244800083,air_humidity,2026-08-29 11:00:00+00:00,36.0,36.89516185883955,36.66666666666666,True
101990961244800083,air_humidity,2026-08-29 12:00:00+00:00,34.0,39.94322049835778,36.0,True
101990961244800083,air_humidity,2026-08-29 13:00:00+00:00,34.25,38.77470074753434,34.0,True
101990961244800083,air_humidity,2026-08-29 14:00:00+00:00,50.0,41.294007000829396,34.25,True
101990961244800083,air_humidity,2026-08-29 15:00:00+00:00,56.0,59.55419700374251,50.0,True
101990961244800083,air_humidity,2026-08-29 16:00:00+00:00,63.5,62.82113952099884,56.0,True
101990961244800083,air_humidity,2026-08-29 17:00:00+00:00,69.6,68.11553458823334,63.5,True
101990961244800083,air_humidity,2026-08-29 18:00:00+00:00,73.0,72.72580476001549,69.6,True
101990961244800083,air_humidity,2026-08-29 19:00:00+00:00,75.4,74.31707391012866,73.0,True
101990961244800083,air_humidity,2026-08-29 20:00:00+00:00,77.0,75.99679207777076,75.4,True
101990961244800083,air_humidity,2026-08-29 21:00:00+00:00,,77.16572113307494,77.0,False
101990961244800083,air_humidity,2026-08-29 22:00:00+00:00,,77.70361016610633,,False
101990961244800083,air_humidity,2026-08-29 23:00:00+00:00,,78.3651957929431,,False
101990961244800083,air_humidity,2026-08-30 00:00:00+00:00,,78.95163457956515,,False
101990961244800083,air_humidity,2026-08-30 01:00:00+00:00,,78.64496387194151,,False
101990961244800083,air_humidity,2026-08-30 02:00:00+00:00,,78.35200609252064,,False
101990961244800083,air_humidity,2026-08-30 03:00:00+00:00,,78.81458632362259,,False
101990961244800083,air_humidity,2026-08-30 04:00:00+00:00,,77.79306247034593,,False
101990961244800083,air_humidity,2026-08-30 05:00:00+00:00,,72.79920336221525,,False
101990961244800083,air_humidity,2026-08-30 06:00:00+00:00,,63.31156115251878,,False
101990961244800083,air_humidity,2026-08-30 07:00:00+00:00,77.0,54.70818724219485,,False
101990961244800083,air_humidity,2026-08-30 08:00:00+00:00,,68.1607389880767,77.0,False
101990961244800083,air_humidity,2026-08-30 09:00:00+00:00,,62.165168871764266,,False
101990961244800083,air_humidity,2026-08-30 10:00:00+00:00,37.0,56.54163765034134,,False
101990961244800083,air_humidity,2026-08-30 11:00:00+00:00,,35.585137773567055,37.0,False
101990961244800083,air_humidity,2026-08-30 12:00:00+00:00,35.0,39.27083827939816,,False
101990961244800083,air_humidity,2026-08-30 13:00:00+00:00,38.0,40.01597679189848,35.0,True
101990961244800083,air_humidity,2026-08-30 14:00:00+00:00,43.0,46.32085696340896,38.0,True
101990961244800083,air_humidity,2026-08-30 15:00:00+00:00,52.0,51.034256122379105,43.0,True
101990961244800083,air_humidity,2026-08-30 16:00:00+00:00,60.0,60.66525919515715,52.0,True
101990961244800083,air_humidity,2026-08-30 17:00:00+00:00,66.0,65.2454328236883,60.0,True
101990961244800083,air_humidity,2026-08-30 18:00:00+00:00,,69.77132533503739,66.0,False
101990961244800083,air_humidity,2026-08-30 19:00:00+00:00,,71.82824474254001,,False
101990961244800083,air_humidity,2026-08-30 20:00:00+00:00,,73.02775822829442,,False
101990961244800083,air_humidity,2026-08-30 21:00:00+00:00,,73.84510211788698,,False
101990961244800083,air_humidity,2026-08-30 22:00:00+00:00,,75.14703748428161,,False
101990961244800083,air_humidity,2026-08-30 23:00:00+00:00,,76.45105750833974,,False
101990961244800083,air_humidity,2026-08-31 00:00:00+00:00,,77.58563181720277,,False
101990961244800083,air_humidity,2026-08-31 01:00:00+00:00,,77.75629674060758,,False
101990961244800083,air_humidity,2026-08-31 02:00:00+00:00,,77.89030900151744,,False
101990961244800083,air_humidity,2026-08-31 03:00:00+00:00,,78.74774775680531,,False
101990961244800083,air_humidity,2026-08-31 04:00:00+00:00,,78.10609475561697,,False
101990961244800083,air_humidity,2026-08-31 05:00:00+00:00,,73.5953504450993,,False
101990961244800083,air_humidity,2026-08-31 06:00:00+00:00,,65.08764384882379,,False
101990961244800083,air_humidity,2026-08-31 07:00:00+00:00,,57.31082318709022,,False
101990961244800083,air_humidity,2026-08-31 08:00:00+00:00,,50.11655737098834,,False
101990961244800083,air_humidity,2026-08-31 09:00:00+00:00,,45.861812124033605,,False
101990961244800083,air_humidity,2026-08-31 10:00:00+00:00,,41.32153472994625,,False
101990961244800083,air_humidity,2026-08-31 11:00:00+00:00,,39.877267643158476,,False
101990961244800083,air_humidity,2026-08-31 12:00:00+00:00,,42.58465499347854,,False
101990961244800083,air_humidity,2026-08-31 13:00:00+00:00,,46.57337459271097,,False
101990961244800083,air_humidity,2026-08-31 14:00:00+00:00,,52.63174182509837,,False
101990961244800083,air_humidity,2026-08-31 15:00:00+00:00,,59.72449548886619,,False
101990961244800083,air_humidity,2026-08-31 16:00:00+00:00,,66.64686092426379,,False
101990961244800083,air_humidity,2026-08-31 17:00:00+00:00,,70.73624305930201,,False
101990961244800083,air_humidity,2026-08-31 18:00:00+00:00,,73.39216515628347,,False
101990961244800083,air_humidity,2026-08-31 19:00:00+00:00,,74.6502189519649,,False
101990961244800083,air_humidity,2026-08-31 20:00:00+00:00,,75.19092474113016,,False
101990961244800083,air_humidity,2026-08-31 21:00:00+00:00,,75.47010949975711,,False
101990961244800083,air_humidity,2026-08-31 22:00:00+00:00,,76.31906005885921,,False
101990961244800083,air_humidity,2026-08-31 23:00:00+00:00,,77.23337552166635,,False
101990961244800083,air_humidity,2026-09-01 00:00:00+00:00,,78.02475994619759,,False
101990961244800083,air_humidity,2026-09-01 01:00:00+00:00,,77.88399758455648,,False
101990961244800083,air_humidity,2026-09-01 02:00:00+00:00,,77.7249679969936,,False
101990961244800083,air_humidity,2026-09-01 03:00:00+00:00,,78.29516903227935,,False
101990961244800083,air_humidity,2026-09-01 04:00:00+00:00,,77.35975237609728,,False
101990961244800083,air_humidity,2026-09-01 05:00:00+00:00,,72.54279479730091,,False
101990961244800083,air_humidity,2026-09-01 06:00:00+00:00,,63.72768825944749,,False
101990961244800083,air_humidity,2026-09-01 07:00:00+00:00,48.0,55.77569601716003,,False
101990961244800083,air_humidity,2026-09-01 08:00:00+00:00,,42.04050284153976,48.0,False
101990961244800083,air_humidity,2026-09-01 09:00:00+00:00,,39.28478002474308,,False
101990961244800083,air_humidity,2026-09-01 10:00:00+00:00,,35.96009918616505,,False
101990961244800083,air_humidity,2026-09-01 11:00:00+00:00,36.0,35.18382886475629,,False
101990961244800083,air_humidity,2026-09-01 12:00:00+00:00,38.0,39.15221061660859,36.0,True
101990961244800083,air_humidity,2026-09-01 13:00:00+00:00,35.5,42.22554309396342,38.0,True
101990961244800083,air_humidity,2026-09-01 14:00:00+00:00,49.5,41.542924635650856,35.5,True
101990961244800083,air_humidity,2026-09-01 15:00:00+00:00,52.66666666666666,58.366262583551645,49.5,True
101990961244800083,air_humidity,2026-09-01 16:00:00+00:00,57.0,58.936900658251425,52.66666666666666,True
101990961244800083,air_humidity,2026-09-01 17:00:00+00:00,65.0,61.58527550837015,57.0,True
101990961244800083,air_humidity,2026-09-01 18:00:00+00:00,,68.73004301877695,65.0,False
101990961244800083,air_humidity,2026-09-01 19:00:00+00:00,,70.11388277649253,,False
101990961244800083,air_humidity,2026-09-01 20:00:00+00:00,,70.74978145662837,,False
101990961244800083,air_humidity,2026-09-01 21:00:00+00:00,,71.08981820171238,,False
101990961244800083,air_humidity,2026-09-01 22:00:00+00:00,,71.97860193164132,,False
101990961244800083,air_humidity,2026-09-01 23:00:00+00:00,,72.91648499235016,,False
101990961244800083,air_humidity,2026-09-02 00:00:00+00:00,,73.7165418761351,,False
101990961244800083,air_humidity,2026-09-02 01:00:00+00:00,,73.57031286770521,,False
101990961244800083,air_humidity,2026-09-02 02:00:00+00:00,,73.39182154490369,,False
101990961244800083,air_humidity,2026-09-02 03:00:00+00:00,,73.9281039425476,,False
101990961244800083,air_humidity,2026-09-02 04:00:00+00:00,,72.94323311640817,,False
101990961244800083,air_humidity,2026-09-02 05:00:00+00:00,74.0,68.05715987881855,,False
101990961244800083,air_humidity,2026-09-02 06:00:00+00:00,,64.46291957837038,74.0,False
101990961244800083,air_humidity,2026-09-02 07:00:00+00:00,48.0,55.67628283579538,,False
101990961244800083,air_humidity,2026-09-02 08:00:00+00:00,44.0,41.39697807404386,48.0,True
101990961244800083,air_humidity,2026-09-02 09:00:00+00:00,42.5,41.42273088805794,44.0,True
101990961244800083,air_humidity,2026-09-02 10:00:00+00:00,37.0,38.828029527557874,42.5,True
101990961244800083,air_humidity,2026-09-02 11:00:00+00:00,37.0,35.602913180901076,37.0,True
101990961244800083,air_humidity,2026-09-02 12:00:00+00:00,34.666666666666664,40.01994281292147,37.0,True
101990961244800083,air_humidity,2026-09-02 13:00:00+00:00,36.0,37.49144396452914,34.666666666666664,True
101990961244800083,air_humidity,2026-09-02 14:00:00+00:00,44.4,43.93154453529084,36.0,True
101990961244800083,air_humidity,2026-09-02 15:00:00+00:00,48.0,51.80169537814305,44.4,True
101990961244800083,air_humidity,2026-09-02 16:00:00+00:00,52.0,54.94672635916166,48.0,True
101990961244800083,air_humidity,2026-09-02 17:00:00+00:00,71.0,57.44342493039351,52.0,True
101990961244800083,air_humidity,2026-09-02 18:00:00+00:00,,76.0636416288355,71.0,False
101990961244800083,air_humidity,2026-09-02 19:00:00+00:00,,76.21961411343025,,False
101990961244800083,air_humidity,2026-09-02 20:00:00+00:00,,75.87113838241369,,False
101990961244800083,air_humidity,2026-09-02 21:00:00+00:00,,75.43023465290793,,False
101990961244800083,air_humidity,2026-09-02 22:00:00+00:00,,75.70263676436875,,False
101990961244800083,air_humidity,2026-09-02 23:00:00+00:00,,76.1600527668497,,False
101990961244800083,air_humidity,2026-09-03 00:00:00+00:00,,76.5944039170146,,False
101990961244800083,air_humidity,2026-09-03 01:00:00+00:00,,76.1811504297245,,False
101990961244800083,air_humidity,2026-09-03 02:00:00+00:00,,75.82250753311106,,False
101990961244800083,air_humidity,2026-09-03 03:00:00+00:00,,76.25746333172764,,False
101990961244800083,air_humidity,2026-09-03 04:00:00+00:00,65.0,75.2455729108674,,False
101990961244800083,air_humidity,2026-09-03 05:00:00+00:00,64.0,61.14624032948512,65.0,True
101990961244800083,air_humidity,2026-09-03 06:00:00+00:00,,55.7811356396109,64.0,False
101990961244800083,air_humidity,2026-09-03 07:00:00+00:00,,47.64012524242402,,False
101990961244800083,air_humidity,2026-09-03 08:00:00+00:00,39.333333333333336,41.830671933759625,,False
101990961244800083,air_humidity,2026-09-03 09:00:00+00:00,39.0,36.63940859769856,39.333333333333336,True
101990961244800083,air_humidity,2026-09-03 10:00:00+00:00,38.0,35.59493330086442,39.0,True
101990961244800083,air_humidity,2026-09-03 11:00:00+00:00,36.0,37.158505538700965,38.0,True
101990961244800083,air_humidity,2026-09-03 12:00:00+00:00,35.0,37.71688912033255,36.0,True
101990961244800083,air_humidity,2026-09-03 13:00:00+00:00,,38.18933802681948,35.0,False
101990961244800083,air_humidity,2026-09-03 14:00:00+00:00,36.0,45.3656193417712,,False
101990961244800083,air_humidity,2026-09-03 15:00:00+00:00,49.0,43.16894624451535,36.0,True
101990961244800083,air_humidity,2026-09-03 16:00:00+00:00,55.5,57.31523628661931,49.0,True
101990961244800083,air_humidity,2026-09-03 17:00:00+00:00,,61.674552151886225,55.5,False
101990961244800083,air_humidity,2026-09-03 18:00:00+00:00,,65.07016128611805,,False
101990961244800083,air_humidity,2026-09-03 19:00:00+00:00,,66.49934700683295,,False
101990961244800083,air_humidity,2026-09-03 20:00:00+00:00,,67.16200800333891,,False
101990961244800083,air_humidity,2026-09-03 21:00:00+00:00,,67.51096876749519,,False
101990961244800083,air_humidity,2026-09-03 22:00:00+00:00,,68.39254853239957,,False
101990961244800083,air_humidity,2026-09-03 23:00:00+00:00,,69.30925963884975,,False
101990961244800083,air_humidity,2026-09-04 00:00:00+00:00,,70.0739890226978,,False
101990961244800083,air_humidity,2026-09-04 01:00:00+00:00,,69.87699541081338,,False
101990961244800083,air_humidity,2026-09-04 02:00:00+00:00,,69.63037246406552,,False
101990961244800083,air_humidity,2026-09-04 03:00:00+00:00,,70.07845811874657,,False
101990961244800083,air_humidity,2026-09-04 04:00:00+00:00,74.0,69.17334526249998,,False
101990961244800083,air_humidity,2026-09-04 05:00:00+00:00,65.0,69.32172375303205,74.0,True
101990961244800083,air_humidity,2026-09-04 06:00:00+00:00,53.0,55.085817917717435,65.0,True
101990961244800083,air_humidity,2026-09-04 07:00:00+00:00,49.5,44.79112114032573,53.0,True
101990961244800083,air_humidity,2026-09-04 08:00:00+00:00,,43.95607981647939,49.5,False
101990961244800083,air_humidity,2026-09-04 09:00:00+00:00,48.0,40.65049308888394,,False
101990961244800083,air_humidity,2026-09-04 10:00:00+00:00,50.0,43.69875945377881,48.0,True
101990961244800083,air_humidity,2026-09-04 11:00:00+00:00,44.0,47.77256786958464,50.0,True
101990961244800083,air_humidity,2026-09-04 12:00:00+00:00,43.0,43.75272071534223,44.0,True
101990961244800083,air_humidity,2026-09-04 13:00:00+00:00,60.0,44.79454719780018,43.0,True
101990961244800083,air_humidity,2026-09-04 14:00:00+00:00,93.0,66.28502788336218,60.0,True
101990961244800083,air_humidity,2026-09-04 15:00:00+00:00,89.0,98.84989042201278,93.0,True
101990961244800083,air_humidity,2026-09-04 16:00:00+00:00,84.0,87.8713772400359,89.0,True
101990961244800083,air_humidity,2026-09-04 17:00:00+00:00,80.5,84.70662834191815,84.0,True
101990961244800083,air_humidity,2026-09-04 18:00:00+00:00,,80.4501164021324,80.5,False
101990961244800083,air_humidity,2026-09-04 19:00:00+00:00,,80.24218511394292,,False
101990961244800083,air_humidity,2026-09-04 20:00:00+00:00,,79.5845171590525,,False
101990961244800083,air_humidity,2026-09-04 21:00:00+00:00,,78.87646702040509,,False
101990961244800083,air_humidity,2026-09-04 22:00:00+00:00,,78.91413445948066,,False
101990961244800083,air_humidity,2026-09-04 23:00:00+00:00,,79.16087959003296,,False
101990961244800083,air_humidity,2026-09-05 00:00:00+00:00,,79.39948207488975,,False
101990961244800083,air_humidity,2026-09-05 01:00:00+00:00,,78.79647983754211,,False
101990961244800083,air_humidity,2026-09-05 02:00:00+00:00,,78.24543396953555,,False
101990961244800083,air_humidity,2026-09-05 03:00:00+00:00,,78.4765565778593,,False
101990961244800083,air_humidity,2026-09-05 04:00:00+00:00,,77.21597817881973,,False
101990961244800083,air_humidity,2026-09-05 05:00:00+00:00,,71.85751805035929,,False
101990961244800083,air_humidity,2026-09-05 06:00:00+00:00,,62.141917957218055,,False
101990961244800083,air_humidity,2026-09-05 07:00:00+00:00,,54.37970235661745,,False
101990961244800083,air_humidity,2026-09-05 08:00:00+00:00,,48.37522542120743,,False
101990961244800083,air_humidity,2026-09-05 09:00:00+00:00,,45.60518793277605,,False
101990961244800083,air_humidity,2026-09-05 10:00:00+00:00,,42.41374591150554,,False
101990961244800083,air_humidity,2026-09-05 11:00:00+00:00,,40.538757295647244,,False
101990961244800083,air_humidity,2026-09-05 12:00:00+00:00,,42.45136389774426,,False
101990961244800083,air_humidity,2026-09-05 13:00:00+00:00,,47.40925731422978,,False
101990961244800083,air_humidity,2026-09-05 14:00:00+00:00,,57.158553381788906,,False
101990961244800083,air_humidity,2026-09-05 15:00:00+00:00,,62.64674630395432,,False
101990961244800083,air_humidity,2026-09-05 16:00:00+00:00,,67.77689561903068,,False
101990961244800083,air_humidity,2026-09-05 17:00:00+00:00,,71.57398602877252,,False
101990961244800083,air_humidity,2026-09-05 18:00:00+00:00,,73.97432773177115,,False
101990961244800083,air_humidity,2026-09-05 19:00:00+00:00,,74.96521265333755,,False
101990961244800083,air_humidity,2026-09-05 20:00:00+00:00,,75.27999020681457,,False
101990961244800083,air_humidity,2026-09-05 21:00:00+00:00,,75.36042053243376,,False
101990961244800083,air_humidity,2026-09-05 22:00:00+00:00,,76.03704558800044,,False
101990961244800083,air_humidity,2026-09-05 23:00:00+00:00,,76.8011953060989,,False
101990961244800083,air_humidity,2026-09-06 00:00:00+00:00,,77.45835748994205,,False
101990961244800083,air_humidity,2026-09-06 01:00:00+00:00,,77.19349948204274,,False
101990961244800083,air_humidity,2026-09-06 02:00:00+00:00,,76.91513083009333,,False
101990961244800083,air_humidity,2026-09-06 03:00:00+00:00,,77.36557821160483,,False
101990961244800083,air_humidity,2026-09-06 04:00:00+00:00,75.0,76.3405018216945,,False
101990961244800083,air_humidity,2026-09-06 05:00:00+00:00,,70.2293009711952,75.0,False
101990961244800083,air_humidity,2026-09-06 06:00:00+00:00,59.66666666666666,60.98353038153144,,False
101990961244800083,air_humidity,2026-09-06 07:00:00+00:00,,51.863152041845076,59.66666666666666,False
101990961244800083,air_humidity,2026-09-06 08:00:00+00:00,42.0,45.95716640965316,,False
101990961244800083,air_humidity,2026-09-06 09:00:00+00:00,40.0,39.4181109891215,42.0,True
101990961244800083,air_humidity,2026-09-06 10:00:00+00:00,40.0,37.22145926495169,40.0,True
101990961244800083,air_humidity,2026-09-06 11:00:00+00:00,38.0,39.196618996207775,40.0,True
101990961244800083,air_humidity,2026-09-06 12:00:00+00:00,40.0,40.063308964913794,38.0,True
101990961244800083,air_humidity,2026-09-06 13:00:00+00:00,49.0,44.180858300025605,40.0,True
101990961244800083,air_humidity,2026-09-06 14:00:00+00:00,,57.377650109756566,49.0,False
101990961244800083,air_humidity,2026-09-06 15:00:00+00:00,91.25,62.97810905961548,,False
101990961244800083,air_humidity,2026-09-06 16:00:00+00:00,89.5,95.25295805914446,91.25,True
101990961244800083,air_humidity,2026-09-06 17:00:00+00:00,89.0,89.0836818082959,89.5,True
101990961244800083,air_humidity,2026-09-06 18:00:00+00:00,,88.93603934688205,89.0,False
101990961244800083,air_humidity,2026-09-06 19:00:00+00:00,,87.87716983622146,,False
101990961244800083,air_humidity,2026-09-06 20:00:00+00:00,,86.51701369074274,,False
101990961244800083,air_humidity,2026-09-06 21:00:00+00:00,,85.22651858419538,,False
101990961244800083,air_humidity,2026-09-06 22:00:00+00:00,,84.77691774507112,,False
101990961244800083,air_humidity,2026-09-06 23:00:00+00:00,,84.61103460394203,,False
101990961244800083,air_humidity,2026-09-07 00:00:00+00:00,,84.49393628207122,,False
101990961244800083,air_humidity,2026-09-07 01:00:00+00:00,,83.57677160047905,,False
101990961244800083,air_humidity,2026-09-07 02:00:00+00:00,,82.73951306883738,,False
101990961244800083,air_humidity,2026-09-07 03:00:00+00:00,,82.69999206558938,,False
101990961244800083,air_humidity,2026-09-07 04:00:00+00:00,,81.25900570894996,,False
101990961244800083,air_humidity,2026-09-07 05:00:00+00:00,,76.10238144108499,,False
101990961244800083,air_humidity,2026-09-07 06:00:00+00:00,,66.44804531912467,,False
101990961244800083,air_humidity,2026-09-07 07:00:00+00:00,,58.03874062450985,,False
101990961244800083,air_humidity,2026-09-07 08:00:00+00:00,,51.46510959743475,,False
101990961244800083,air_humidity,2026-09-07 09:00:00+00:00,,48.45921864826521,,False
101990961244800083,air_humidity,2026-09-07 10:00:00+00:00,,45.25261056798828,,False
101990961244800083,air_humidity,2026-09-07 11:00:00+00:00,,43.64303419890811,,False
101990961244800083,air_humidity,2026-09-07 12:00:00+00:00,,45.76396357568565,,False
101990961244800083,air_humidity,2026-09-07 13:00:00+00:00,,50.27189339140253,,False
101990961244800083,air_humidity,2026-09-07 14:00:00+00:00,68.0,59.91091339741681,,False
101990961244800083,air_humidity,2026-09-07 15:00:00+00:00,75.0,75.13790635149846,68.0,True
101990961244800083,air_humidity,2026-09-07 16:00:00+00:00,87.0,79.0542125783782,75.0,True
101990961244800083,air_humidity,2026-09-07 17:00:00+00:00,92.0,90.59535124741956,87.0,True
101990961244800083,air_humidity,2026-09-07 18:00:00+00:00,,92.54746423492863,92.0,False
101990961244800083,air_humidity,2026-09-07 19:00:00+00:00,,91.6764035483457,,False
101990961244800083,air_humidity,2026-09-07 20:00:00+00:00,,90.47178384483225,,False
101990961244800083,air_humidity,2026-09-07 21:00:00+00:00,,89.31166638197904,,False
101990961244800083,air_humidity,2026-09-07 22:00:00+00:00,,88.97256319507635,,False
101990961244800083,air_humidity,2026-09-07 23:00:00+00:00,,88.90218962214357,,False
101990961244800083,air_humidity,2026-09-08 00:00:00+00:00,,88.8695193865073,,False
101990961244800083,air_humidity,2026-09-08 01:00:00+00:00,,88.029014958274,,False
101990961244800083,air_humidity,2026-09-08 02:00:00+00:00,,87.26362793330874,,False
101990961244800083,air_humidity,2026-09-08 03:00:00+00:00,,87.29396009289187,,False
101990961244800083,air_humidity,2026-09-08 04:00:00+00:00,,85.92509461663252,,False
101990961244800083,air_humidity,2026-09-08 05:00:00+00:00,73.0,80.84986453762431,,False
101990961244800083,air_humidity,2026-09-08 06:00:00+00:00,66.0,64.20818735772124,73.0,True
101990961244800083,air_humidity,2026-09-08 07:00:00+00:00,,58.80334251503952,66.0,False
101990961244800083,air_humidity,2026-09-08 08:00:00+00:00,,52.86821138653411,,False
101990961244800083,air_humidity,2026-09-08 09:00:00+00:00,,50.23733461211381,,False
101990961244800083,air_humidity,2026-09-08 10:00:00+00:00,,47.164416751186025,,False
101990961244800083,air_humidity,2026-09-08 11:00:00+00:00,,45.9312259513751,,False
101990961244800083,air_humidity,2026-09-08 12:00:00+00:00,,48.37688987746057,,False
101990961244800083,air_humidity,2026-09-08 13:00:00+00:00,,52.822200917788855,,False
101990961244800083,air_humidity,2026-09-08 14:00:00+00:00,,61.585926610974354,,False
101990961244800083,air_humidity,2026-09-08 15:00:00+00:00,,68.59434439855352,,False
101990961244800083,air_humidity,2026-09-08 16:00:00+00:00,,75.0956552089142,,False
101990961244800083,air_humidity,2026-09-08 17:00:00+00:00,,79.47323905120574,,False
101990961244800083,air_humidity,2026-09-08 18:00:00+00:00,,81.76523180721988,,False
101990961244800083,air_humidity,2026-09-08 19:00:00+00:00,,82.55051585565488,,False
101990961244800083,air_humidity,2026-09-08 20:00:00+00:00,,82.68054810324891,,False
101990961244800083,air_humidity,2026-09-08 21:00:00+00:00,,82.59113743560387,,False
101990961244800083,air_humidity,2026-09-08 22:00:00+00:00,,83.1071930578745,,False
101990961244800083,air_humidity,2026-09-08 23:00:00+00:00,,83.71443566106412,,False
101990961244800083,air_humidity,2026-09-09 00:00:00+00:00,,84.21166753081486,,False
101990961244800083,air_humidity,2026-09-09 01:00:00+00:00,,83.77675144442799,,False
101990961244800083,air_humidity,2026-09-09 02:00:00+00:00,,83.31065705852322,,False
101990961244800083,air_humidity,2026-09-09 03:00:00+00:00,,83.54740383432319,,False
101990961244800083,air_humidity,2026-09-09 04:00:00+00:00,,82.29504188622002,,False
101990961244800083,air_humidity,2026-09-09 05:00:00+00:00,,77.34500408421975,,False
101990961244800083,air_humidity,2026-09-09 06:00:00+00:00,,68.30686068527648,,False
101990961244800083,air_humidity,2026-09-09 07:00:00+00:00,,60.33664750751245,,False
101990961244800083,air_humidity,2026-09-09 08:00:00+00:00,,54.09407969299017,,False
101990961244800083,air_humidity,2026-09-09 09:00:00+00:00,,51.18896717209186,,False
101990961244800083,air_humidity,2026-09-09 10:00:00+00:00,,47.86467933423075,,False
101990961244800083,air_humidity,2026-09-09 11:00:00+00:00,,46.43038276782378,,False
101990961244800083,air_humidity,2026-09-09 12:00:00+00:00,,48.69169224323921,,False
101990961244800083,air_humidity,2026-09-09 13:00:00+00:00,,52.93361268099724,,False
101990961244800083,air_humidity,2026-09-09 14:00:00+00:00,,61.49571726409254,,False
101990961244800083,air_humidity,2026-09-09 15:00:00+00:00,,68.4297139302041,,False
101990961244800083,air_humidity,2026-09-09 16:00:00+00:00,,74.42931876058822,,False
101990961244800083,air_humidity,2026-09-09 17:00:00+00:00,,78.70744829010634,,False
101990961244800083,air_humidity,2026-09-09 18:00:00+00:00,,81.13581762794706,,False
101990961244800083,air_humidity,2026-09-09 19:00:00+00:00,,82.06349169461878,,False
101990961244800083,air_humidity,2026-09-09 20:00:00+00:00,,82.31436708600246,,False
101990961244800083,air_humidity,2026-09-09 21:00:00+00:00,,82.32939774313309,,False
101990961244800083,air_humidity,2026-09-09 22:00:00+00:00,,82.93792793729129,,False
101990961244800083,air_humidity,2026-09-09 23:00:00+00:00,,83.62959541803147,,False
101990961244800083,air_humidity,2026-09-10 00:00:00+00:00,,84.20677108058224,,False
101990961244800083,air_humidity,2026-09-10 01:00:00+00:00,,83.85069233808804,,False
101990961244800083,air_humidity,2026-09-10 02:00:00+00:00,,83.46565558790405,,False
101990961244800083,air_humidity,2026-09-10 03:00:00+00:00,,83.78910314226998,,False
101990961244800083,air_humidity,2026-09-10 04:00:00+00:00,,82.63269016451213,,False
101990961244800083,air_humidity,2026-09-10 05:00:00+00:00,,77.73441313473933,,False
101990961244800083,air_humidity,2026-09-10 06:00:00+00:00,,68.52959056602653,,False
101990961244800083,air_humidity,2026-09-10 07:00:00+00:00,,60.49467363440038,,False
101990961244800083,air_humidity,2026-09-10 08:00:00+00:00,,54.22526690548852,,False
101990961244800083,air_humidity,2026-09-10 09:00:00+00:00,,51.29638882033048,,False
101990961244800083,air_humidity,2026-09-10 10:00:00+00:00,,47.950503104680486,,False
101990961244800083,air_humidity,2026-09-10 11:00:00+00:00,,46.49890935516877,,False
101990961244800083,air_humidity,2026-09-10 12:00:00+00:00,,48.74448538745977,,False
101990961244800083,air_humidity,2026-09-10 13:00:00+00:00,,52.96932644660466,,False
101990961244800083,air_humidity,2026-09-10 14:00:00+00:00,,61.514639483428724,,False
101990961244800083,air_humidity,2026-09-10 15:00:00+00:00,,68.44215769899014,,False
101990961244800083,air_humidity,2026-09-10 16:00:00+00:00,,74.4011356529354,,False
101990961244800083,air_humidity,2026-09-10 17:00:00+00:00,,78.67095513761747,,False
101990961244800083,air_humidity,2026-09-10 18:00:00+00:00,,81.10997875790119,,False
101990961244800083,air_humidity,2026-09-10 19:00:00+00:00,,82.04884074690254,,False
101990961244800083,air_humidity,2026-09-10 20:00:00+00:00,,82.30921918105375,,False
101990961244800083,air_humidity,2026-09-10 21:00:00+00:00,,82.3324724765556,,False
101990961244800083,air_humidity,2026-09-10 22:00:00+00:00,,82.9482939546954,,False
101990961244800083,air_humidity,2026-09-10 23:00:00+00:00,,83.64663009928323,,False
101990961244800083,air_humidity,2026-09-11 00:00:00+00:00,,84.23013358830298,,False
101990961244800083,air_humidity,2026-09-11 01:00:00+00:00,,83.88030886374843,,False
101990961244800083,air_humidity,2026-09-11 02:00:00+00:00,,83.50171615685748,,False
101990961244800083,air_humidity,2026-09-11 03:00:00+00:00,,83.8320698394236,,False
101990961244800083,air_humidity,2026-09-11 04:00:00+00:00,,82.6833121614431,,False
101990961244800083,air_humidity,2026-09-11 05:00:00+00:00,,77.78915543992731,,False
101990961244800083,air_humidity,2026-09-11 06:00:00+00:00,,68.57095154006826,,False
101990961244800083,air_humidity,2026-09-11 07:00:00+00:00,,60.530830389186114,,False
101990961244800083,air_humidity,2026-09-11 08:00:00+00:00,,54.259257598872274,,False
101990961244800083,air_humidity,2026-09-11 09:00:00+00:00,,51.328462589295846,,False
101990961244800083,air_humidity,2026-09-11 10:00:00+00:00,,47.980835972271784,,False
101990961244800083,air_humidity,2026-09-11 11:00:00+00:00,,46.52784786459608,,False
101990961244800083,air_humidity,2026-09-11 12:00:00+00:00,,48.77215637882848,,False
101990961244800083,air_humidity,2026-09-11 13:00:00+00:00,,52.9956232797164,,False
101990961244800083,air_humidity,2026-09-11 14:00:00+00:00,,61.539586225990696,,False
101990961244800083,air_humidity,2026-09-11 15:00:00+00:00,,68.46658170758158,,False
101990961244800083,air_humidity,2026-09-11 16:00:00+00:00,,74.42230075634862,,False
101990961244800083,air_humidity,2026-09-11 17:00:00+00:00,,78.69145190927017,,False
101990961244800083,air_humidity,2026-09-11 18:00:00+00:00,,81.13132753217796,,False
101990961244800083,air_humidity,2026-09-11 19:00:00+00:00,,82.07108464623728,,False
101990961244800083,air_humidity,2026-09-11 20:00:00+00:00,,82.33222345794954,,False
101990961244800083,air_humidity,2026-09-11 21:00:00+00:00,,82.35613474633594,,False
101990961244800083,air_humidity,2026-09-11 22:00:00+00:00,,82.97253976355515,,False
101990961244800083,air_humidity,2026-09-11 23:00:00+00:00,,83.6714097013897,,False
101990961244800083,air_humidity,2026-09-12 00:00:00+00:00,,84.25541979243661,,False
101990961244800083,air_humidity,2026-09-12 01:00:00+00:00,,83.90609585627034,,False
101990961244800083,air_humidity,2026-09-12 02:00:00+00:00,,83.52801925005306,,False
101990961244800083,air_humidity,2026-09-12 03:00:00+00:00,,83.85892613432893,,False
101990961244800083,air_humidity,2026-09-12 04:00:00+00:00,,82.71078175510317,,False
101990961244800083,air_humidity,2026-09-12 05:00:00+00:00,,77.81695506423905,,False
101990961244800083,air_humidity,2026-09-12 06:00:00+00:00,,68.59767855946014,,False
101990961244800083,air_humidity,2026-09-12 07:00:00+00:00,,60.55714018882249,,False
101990961244800083,air_humidity,2026-09-12 08:00:00+00:00,,54.28539369616316,,False
101990961244800083,air_humidity,2026-09-12 09:00:00+00:00,,51.3544449706831,,False
101990961244800083,air_humidity,2026-09-12 10:00:00+00:00,,48.00667876084613,,False
101990961244800083,air_humidity,2026-09-12 11:00:00+00:00,,46.553578846869655,,False
101990961244800083,air_humidity,2026-09-12 12:00:00+00:00,,48.79778573078245,,False
101990961244800083,air_humidity,2026-09-12 13:00:00+00:00,,53.02114246307382,,False
101990961244800083,air_humidity,2026-09-12 14:00:00+00:00,,61.56499717650122,,False
101990961244800083,air_humidity,2026-09-12 15:00:00+00:00,,68.49195073942299,,False
101990961244800083,air_humidity,2026-09-12 16:00:00+00:00,,74.44740858317131,,False
101990961244800083,air_humidity,2026-09-12 17:00:00+00:00,,78.7165061566492,,False
101990961244800083,air_humidity,2026-09-12 18:00:00+00:00,,81.15645005052781,,False
101990961244800083,air_humidity,2026-09-12 19:00:00+00:00,,82.09627889403335,,False
101990961244800083,air_humidity,2026-09-12 20:00:00+00:00,,82.3574786378001,,False
101990961244800083,air_humidity,2026-09-12 21:00:00+00:00,,82.38144265420357,,False
101990961244800083,air_humidity,2026-09-12 22:00:00+00:00,,82.99789443362668,,False
101990961244800083,air_humidity,2026-09-12 23:00:00+00:00,,83.6968071478327,,False
101990961244800083,air_humidity,2026-09-13 00:00:00+00:00,,84.2808578368638,,False
101990961244800083,air_humidity,2026-09-13 01:00:00+00:00,,83.93157403344311,,False
101990961244800083,air_humidity,2026-09-13 02:00:00+00:00,,83.55353878774277,,False
101990961244800083,air_humidity,2026-09-13 03:00:00+00:00,,83.88449000646354,,False
101990961244800083,air_humidity,2026-09-13 04:00:00+00:00,,82.73639477854314,,False
101990961244800083,air_humidity,2026-09-13 05:00:00+00:00,,77.84259453672195,,False
101990961244800083,air_humidity,2026-09-13 06:00:00+00:00,,68.62323206678779,,False
101990961244800083,air_humidity,2026-09-13 07:00:00+00:00,,60.58266025714053,,False
101990961244800083,air_humidity,2026-09-13 08:00:00+00:00,,54.31089984237481,,False
101990961244800083,air_humidity,2026-09-13 09:00:00+00:00,,51.379938796737044,,False
101990961244800083,air_humidity,2026-09-13 10:00:00+00:00,,48.03216139874709,,False
101990961244800083,air_humidity,2026-09-13 11:00:00+00:00,,46.57905252365923,,False
101990961244800083,air_humidity,2026-09-13 12:00:00+00:00,,48.82325126208712,,False
101990961244800083,air_humidity,2026-09-13 13:00:00+00:00,,53.0465991646497,,False
101990961244800083,air_humidity,2026-09-13 14:00:00+00:00,,61.59044520353605,,False
101990961244800083,air_humidity,2026-09-13 15:00:00+00:00,,68.51739540671484,,False
101990961244800083,air_humidity,2026-09-13 16:00:00+00:00,,74.4728323160127,,False
101990961244800083,air_humidity,2026-09-13 17:00:00+00:00,,78.74192559524904,,False
101990961244800083,air_humidity,2026-09-13 18:00:00+00:00,,81.18187496062677,,False
101990961244800083,air_humidity,2026-09-13 19:00:00+00:00,,82.12170955282808,,False
101990961244800083,air_humidity,2026-09-13 20:00:00+00:00,,82.38291417994544,,False
101990961244800083,air_humidity,2026-09-13 21:00:00+00:00,,82.40688242219659,,False
101990961244800083,air_humidity,2026-09-13 22:00:00+00:00,,83.02333794934526,,False
101990961244800083,air_humidity,2026-09-13 23:00:00+00:00,,83.72225409183892,,False
101990961244800083,air_humidity,2026-09-14 00:00:00+00:00,,84.3063080345763,,False
101990961244800083,air_humidity,2026-09-14 01:00:00+00:00,,83.9570274475801,,False
101990961244800083,air_humidity,2026-09-14 02:00:00+00:00,,83.57899551670799,,False
101990961244800083,air_humidity,2026-09-14 03:00:00+00:00,,83.90995028860607,,False
101990961244800083,air_humidity,2026-09-14 04:00:00+00:00,,82.76185899991357,,False
101990961244800083,air_humidity,2026-09-14 05:00:00+00:00,,77.86806087784599,,False
101990961244800083,air_humidity,2026-09-14 06:00:00+00:00,,68.64869151821391,,False
101990961244800083,air_humidity,2026-09-14 07:00:00+00:00,,60.608117028586115,,False
101990961244800083,air_humidity,2026-09-14 08:00:00+00:00,,54.3363554980262,,False
101990961244800083,air_humidity,2026-09-14 09:00:00+00:00,,51.40539346498357,,False
101990961244800083,air_humidity,2026-09-14 10:00:00+00:00,,48.05761517031418,,False
101990961244800083,air_humidity,2026-09-14 11:00:00+00:00,,46.60450557703406,,False
101990961244800083,air_humidity,2026-09-14 12:00:00+00:00,,48.84870366263871,,False
101990961244800083,air_humidity,2026-09-14 13:00:00+00:00,,53.0720508575396,,False
101990961244800083,air_humidity,2026-09-14 14:00:00+00:00,,61.61589620120213,,False
101990961244800083,air_humidity,2026-09-14 15:00:00+00:00,82.0,68.54284613511267,,False
101990961244800083,air_humidity,2026-09-14 16:00:00+00:00,,87.30683547281735,82.0,False
101990961244800083,air_humidity,2026-09-14 17:00:00+00:00,83.0,90.77846615163895,,False
101990961244800083,barometric_pressure_hpa,2026-07-16 15:00:00+00:00,874.8666666666667,874.9377758955163,874.4,True
101990961244800083,barometric_pressure_hpa,2026-07-16 16:00:00+00:00,874.875,875.4881694969276,874.8666666666667,True
101990961244800083,barometric_pressure_hpa,2026-07-16 17:00:00+00:00,875.2666666666668,875.2004492160285,874.875,True
101990961244800083,barometric_pressure_hpa,2026-07-16 18:00:00+00:00,875.65,875.9483160267258,875.2666666666668,True
101990961244800083,barometric_pressure_hpa,2026-07-16 19:00:00+00:00,875.9833333333332,876.1007650542531,875.65,True
101990961244800083,barometric_pressure_hpa,2026-07-16 20:00:00+00:00,876.125,876.1757257575314,875.9833333333332,True
101990961244800083,barometric_pressure_hpa,2026-07-16 21:00:00+00:00,876.4,876.0923922866841,876.125,True
101990961244800083,barometric_pressure_hpa,2026-07-16 22:00:00+00:00,,876.0013281377765,876.4,False
101990961244800083,barometric_pressure_hpa,2026-07-16 23:00:00+00:00,,875.5870724166715,,False
101990961244800083,barometric_pressure_hpa,2026-07-17 00:00:00+00:00,,875.3638491567557,,False
101990961244800083,barometric_pressure_hpa,2026-07-17 01:00:00+00:00,,875.4408680927645,,False
101990961244800083,barometric_pressure_hpa,2026-07-17 02:00:00+00:00,,875.7830080273868,,False
101990961244800083,barometric_pressure_hpa,2026-07-17 03:00:00+00:00,,876.2035970929006,,False
101990961244800083,barometric_pressure_hpa,2026-07-17 04:00:00+00:00,876.7,876.8167426057814,,False
101990961244800083,barometric_pressure_hpa,2026-07-17 05:00:00+00:00,876.9333333333334,877.0037152031503,876.7,True
101990961244800083,barometric_pressure_hpa,2026-07-17 06:00:00+00:00,877.2,877.2176290725579,876.9333333333334,True
101990961244800083,barometric_pressure_hpa,2026-07-17 07:00:00+00:00,877.1200000000001,877.2194292202008,877.2,True
101990961244800083,barometric_pressure_hpa,2026-07-17 08:00:00+00:00,876.65,876.7337003610133,877.1200000000001,True
101990961244800083,barometric_pressure_hpa,2026-07-17 09:00:00+00:00,875.9799999999999,876.0550375328991,876.65,True
101990961244800083,barometric_pressure_hpa,2026-07-17 10:00:00+00:00,875.1666666666666,875.2143170443086,875.9799999999999,True
101990961244800083,barometric_pressure_hpa,2026-07-17 11:00:00+00:00,874.5,874.277983876195,875.1666666666666,True
101990961244800083,barometric_pressure_hpa,2026-07-17 12:00:00+00:00,873.5200000000001,873.6972467282552,874.5,True
101990961244800083,barometric_pressure_hpa,2026-07-17 13:00:00+00:00,872.8333333333334,873.1800350565335,873.5200000000001,True
101990961244800083,barometric_pressure_hpa,2026-07-17 14:00:00+00:00,873.1,873.0244457913002,872.8333333333334,True
101990961244800083,barometric_pressure_hpa,2026-07-17 15:00:00+00:00,873.74,873.6681198625342,873.1,True
101990961244800083,barometric_pressure_hpa,2026-07-17 16:00:00+00:00,874.1833333333334,874.3325559755979,873.74,True
101990961244800083,barometric_pressure_hpa,2026-07-17 17:00:00+00:00,875.1166666666667,874.5251477942476,874.1833333333334,True
101990961244800083,barometric_pressure_hpa,2026-07-17 18:00:00+00:00,876.2,875.7634753477577,875.1166666666667,True
101990961244800083,barometric_pressure_hpa,2026-07-17 19:00:00+00:00,876.275,876.6073257869638,876.2,True
101990961244800083,barometric_pressure_hpa,2026-07-17 20:00:00+00:00,876.325,876.4476684563049,876.275,True
101990961244800083,barometric_pressure_hpa,2026-07-17 21:00:00+00:00,,876.3223393397604,876.325,False
101990961244800083,barometric_pressure_hpa,2026-07-17 22:00:00+00:00,,875.9227480090973,,False
101990961244800083,barometric_pressure_hpa,2026-07-17 23:00:00+00:00,,875.5075170924456,,False
101990961244800083,barometric_pressure_hpa,2026-07-18 00:00:00+00:00,,875.2832617468475,,False
101990961244800083,barometric_pressure_hpa,2026-07-18 01:00:00+00:00,,875.3591910392822,,False
101990961244800083,barometric_pressure_hpa,2026-07-18 02:00:00+00:00,,875.7001826300893,,False
101990961244800083,barometric_pressure_hpa,2026-07-18 03:00:00+00:00,,876.1195638262466,,False
101990961244800083,barometric_pressure_hpa,2026-07-18 04:00:00+00:00,,876.7314419765173,,False
101990961244800083,barometric_pressure_hpa,2026-07-18 05:00:00+00:00,,877.0233946191934,,False
101990961244800083,barometric_pressure_hpa,2026-07-18 06:00:00+00:00,878.4,877.311769243582,,False
101990961244800083,barometric_pressure_hpa,2026-07-18 07:00:00+00:00,878.225,878.3834366605315,878.4,True
101990961244800083,barometric_pressure_hpa,2026-07-18 08:00:00+00:00,878.25,877.7972187750844,878.225,True
101990961244800083,barometric_pressure_hpa,2026-07-18 09:00:00+00:00,878.14,877.6001447219434,878.25,True
101990961244800083,barometric_pressure_hpa,2026-07-18 10:00:00+00:00,877.35,877.3100524808516,878.14,True
101990961244800083,barometric_pressure_hpa,2026-07-18 11:00:00+00:00,876.075,876.4330605259405,877.35,True
101990961244800083,barometric_pressure_hpa,2026-07-18 12:00:00+00:00,875.25,875.2133930878007,876.075,True
101990961244800083,barometric_pressure_hpa,2026-07-18 13:00:00+00:00,875.5428571428572,874.8346621001424,875.25,True
101990961244800083,barometric_pressure_hpa,2026-07-18 14:00:00+00:00,875.9125,875.6660307212742,875.5428571428572,True
101990961244800083,barometric_pressure_hpa,2026-07-18 15:00:00+00:00,877.28,876.4166233648082,875.9125,True
101990961244800083,barometric_pressure_hpa,2026-07-18 16:00:00+00:00,876.8166666666666,877.7872705568702,877.28,True
101990961244800083,barometric_pressure_hpa,2026-07-18 17:00:00+00:00,876.0,877.1482440832453,876.8166666666666,True
101990961244800083,barometric_pressure_hpa,2026-07-18 18:00:00+00:00,876.55,876.6810683046183,876.0,True
101990961244800083,barometric_pressure_hpa,2026-07-18 19:00:00+00:00,876.8285714285713,876.9165797557703,876.55,True
101990961244800083,barometric_pressure_hpa,2026-07-18 20:00:00+00:00,876.5333333333333,876.9750967244091,876.8285714285713,True
101990961244800083,barometric_pressure_hpa,2026-07-18 21:00:00+00:00,,876.5246237258492,876.5333333333333,False
101990961244800083,barometric_pressure_hpa,2026-07-18 22:00:00+00:00,,876.1319681857818,,False
101990961244800083,barometric_pressure_hpa,2026-07-18 23:00:00+00:00,,875.7238235883214,,False
101990961244800083,barometric_pressure_hpa,2026-07-19 00:00:00+00:00,,875.5068100814746,,False
101990961244800083,barometric_pressure_hpa,2026-07-19 01:00:00+00:00,,875.5901419437191,,False
101990961244800083,barometric_pressure_hpa,2026-07-19 02:00:00+00:00,,875.9387020857621,,False
101990961244800083,barometric_pressure_hpa,2026-07-19 03:00:00+00:00,,876.365823254001,,False
101990961244800083,barometric_pressure_hpa,2026-07-19 04:00:00+00:00,876.8,876.985618534668,,False
101990961244800083,barometric_pressure_hpa,2026-07-19 05:00:00+00:00,877.1333333333333,877.1076777067498,876.8,True
101990961244800083,barometric_pressure_hpa,2026-07-19 06:00:00+00:00,877.2999999999998,877.4345403881063,877.1333333333333,True
101990961244800083,barometric_pressure_hpa,2026-07-19 07:00:00+00:00,877.2833333333333,877.2999047531254,877.2999999999998,True
101990961244800083,barometric_pressure_hpa,2026-07-19 08:00:00+00:00,876.7666666666668,876.9314786271042,877.2833333333333,True
101990961244800083,barometric_pressure_hpa,2026-07-19 09:00:00+00:00,876.125,876.2159615247156,876.7666666666668,True
101990961244800083,barometric_pressure_hpa,2026-07-19 10:00:00+00:00,875.18,875.3544384685828,876.125,True
101990961244800083,barometric_pressure_hpa,2026-07-19 11:00:00+00:00,874.35,874.2743311917088,875.18,True
101990961244800083,barometric_pressure_hpa,2026-07-19 12:00:00+00:00,873.575,873.5449244579906,874.35,True
101990961244800083,barometric_pressure_hpa,2026-07-19 13:00:00+00:00,873.26,873.2925485752278,873.575,True
101990961244800083,barometric_pressure_hpa,2026-07-19 14:00:00+00:00,873.4,873.4664231973496,873.26,True
101990961244800083,barometric_pressure_hpa,2026-07-19 15:00:00+00:00,873.96,874.0589945689616,873.4,True
101990961244800083,barometric_pressure_hpa,2026-07-19 16:00:00+00:00,874.4,874.4598673699358,873.96,True
101990961244800083,barometric_pressure_hpa,2026-07-19 17:00:00+00:00,874.6500000000001,874.6512660879263,874.4,True
101990961244800083,barometric_pressure_hpa,2026-07-19 18:00:00+00:00,874.875,875.3363949718425,874.6500000000001,True
101990961244800083,barometric_pressure_hpa,2026-07-19 19:00:00+00:00,874.9,875.2898236489666,874.875,True
101990961244800083,barometric_pressure_hpa,2026-07-19 20:00:00+00:00,874.9,875.0555899570487,874.9,True
101990961244800083,barometric_pressure_hpa,2026-07-19 21:00:00+00:00,874.7999999999998,874.9274722416807,874.9,True
101990961244800083,barometric_pressure_hpa,2026-07-19 22:00:00+00:00,,874.4464474952176,874.7999999999998,False
101990961244800083,barometric_pressure_hpa,2026-07-19 23:00:00+00:00,,874.0761941153772,,False
101990961244800083,barometric_pressure_hpa,2026-07-20 00:00:00+00:00,,873.8958875222335,,False
101990961244800083,barometric_pressure_hpa,2026-07-20 01:00:00+00:00,,874.0147682850541,,False
101990961244800083,barometric_pressure_hpa,2026-07-20 02:00:00+00:00,,874.3977451270122,,False
101990961244800083,barometric_pressure_hpa,2026-07-20 03:00:00+00:00,,874.8581755293426,,False
101990961244800083,barometric_pressure_hpa,2026-07-20 04:00:00+00:00,,875.5101958556909,,False
101990961244800083,barometric_pressure_hpa,2026-07-20 05:00:00+00:00,876.0666666666666,875.8503586588496,,False
101990961244800083,barometric_pressure_hpa,2026-07-20 06:00:00+00:00,876.3,876.37578238233,876.0666666666666,True
101990961244800083,barometric_pressure_hpa,2026-07-20 07:00:00+00:00,876.3666666666667,876.3310779780977,876.3,True
101990961244800083,barometric_pressure_hpa,2026-07-20 08:00:00+00:00,875.775,876.0041482418623,876.3666666666667,True
101990961244800083,barometric_pressure_hpa,2026-07-20 09:00:00+00:00,875.1285714285714,875.2199931134521,875.775,True
101990961244800083,barometric_pressure_hpa,2026-07-20 10:00:00+00:00,874.24,874.3645458807302,875.1285714285714,True
101990961244800083,barometric_pressure_hpa,2026-07-20 11:00:00+00:00,873.5333333333333,873.3808517931732,874.24,True
101990961244800083,barometric_pressure_hpa,2026-07-20 12:00:00+00:00,872.6500000000001,872.7519302816412,873.5333333333333,True
101990961244800083,barometric_pressure_hpa,2026-07-20 13:00:00+00:00,872.6500000000001,872.3615236600704,872.6500000000001,True
101990961244800083,barometric_pressure_hpa,2026-07-20 14:00:00+00:00,872.7166666666667,872.855806882824,872.6500000000001,True
101990961244800083,barometric_pressure_hpa,2026-07-20 15:00:00+00:00,873.5666666666666,873.3494505546214,872.7166666666667,True
101990961244800083,barometric_pressure_hpa,2026-07-20 16:00:00+00:00,873.6666666666666,874.1089675356768,873.5666666666666,True
101990961244800083,barometric_pressure_hpa,2026-07-20 17:00:00+00:00,875.1,873.9811730462746,873.6666666666666,True
101990961244800083,barometric_pressure_hpa,2026-07-20 18:00:00+00:00,874.4666666666667,875.730176891346,875.1,True
101990961244800083,barometric_pressure_hpa,2026-07-20 19:00:00+00:00,874.5333333333333,874.8551907083887,874.4666666666667,True
101990961244800083,barometric_pressure_hpa,2026-07-20 20:00:00+00:00,875.0799999999999,874.6996906287404,874.5333333333333,True
101990961244800083,barometric_pressure_hpa,2026-07-20 21:00:00+00:00,874.8,875.0878409763591,875.0799999999999,True
101990961244800083,barometric_pressure_hpa,2026-07-20 22:00:00+00:00,,874.4504150779904,874.8,False
101990961244800083,barometric_pressure_hpa,2026-07-20 23:00:00+00:00,,874.0841325996545,,False
101990961244800083,barometric_pressure_hpa,2026-07-21 00:00:00+00:00,,873.9078027916366,,False
101990961244800083,barometric_pressure_hpa,2026-07-21 01:00:00+00:00,,874.0306690690607,,False
101990961244800083,barometric_pressure_hpa,2026-07-21 02:00:00+00:00,,874.4176428533094,,False
101990961244800083,barometric_pressure_hpa,2026-07-21 03:00:00+00:00,,874.8820844981691,,False
101990961244800083,barometric_pressure_hpa,2026-07-21 04:00:00+00:00,,875.5381336664844,,False
101990961244800083,barometric_pressure_hpa,2026-07-21 05:00:00+00:00,875.1375,875.8798799553233,,False
101990961244800083,barometric_pressure_hpa,2026-07-21 06:00:00+00:00,875.5600000000001,875.4684263255195,875.1375,True
101990961244800083,barometric_pressure_hpa,2026-07-21 07:00:00+00:00,875.6,875.6154426551435,875.5600000000001,True
101990961244800083,barometric_pressure_hpa,2026-07-21 08:00:00+00:00,875.22,875.2393867545546,875.6,True
101990961244800083,barometric_pressure_hpa,2026-07-21 09:00:00+00:00,874.7125,874.6727517485756,875.22,True
101990961244800083,barometric_pressure_hpa,2026-07-21 10:00:00+00:00,873.8399999999999,873.9531735435954,874.7125,True
101990961244800083,barometric_pressure_hpa,2026-07-21 11:00:00+00:00,872.975,873.0051294879022,873.8399999999999,True
101990961244800083,barometric_pressure_hpa,2026-07-21 12:00:00+00:00,872.3399999999999,872.1964721807359,872.975,True
101990961244800083,barometric_pressure_hpa,2026-07-21 13:00:00+00:00,873.225,872.0901597641698,872.3399999999999,True
101990961244800083,barometric_pressure_hpa,2026-07-21 14:00:00+00:00,873.5571428571428,873.4031049102808,873.225,True
101990961244800083,barometric_pressure_hpa,2026-07-21 15:00:00+00:00,873.5199999999999,874.1928970593244,873.5571428571428,True
101990961244800083,barometric_pressure_hpa,2026-07-21 16:00:00+00:00,874.3,874.0211515731368,873.5199999999999,True
101990961244800083,barometric_pressure_hpa,2026-07-21 17:00:00+00:00,874.55,874.7172560300731,874.3,True
101990961244800083,barometric_pressure_hpa,2026-07-21 18:00:00+00:00,875.4,875.0798644481735,874.55,True
101990961244800083,barometric_pressure_hpa,2026-07-21 19:00:00+00:00,875.6,875.7453600885013,875.4,True
101990961244800083,barometric_pressure_hpa,2026-07-21 20:00:00+00:00,875.78,875.785220283531,875.6,True
101990961244800083,barometric_pressure_hpa,2026-07-21 21:00:00+00:00,875.7,875.7419334772799,875.78,True
101990961244800083,barometric_pressure_hpa,2026-07-21 22:00:00+00:00,,875.3157974857143,875.7,False
101990961244800083,barometric_pressure_hpa,2026-07-21 23:00:00+00:00,,874.9155191646471,,False
101990961244800083,barometric_pressure_hpa,2026-07-22 00:00:00+00:00,,874.705790948306,,False
101990961244800083,barometric_pressure_hpa,2026-07-22 01:00:00+00:00,,874.7958322823089,,False
101990961244800083,barometric_pressure_hpa,2026-07-22 02:00:00+00:00,,875.1505310360351,,False
101990961244800083,barometric_pressure_hpa,2026-07-22 03:00:00+00:00,,875.583224367625,,False
101990961244800083,barometric_pressure_hpa,2026-07-22 04:00:00+00:00,876.2,876.2080290254268,,False
101990961244800083,barometric_pressure_hpa,2026-07-22 05:00:00+00:00,876.76,876.5112357837774,876.2,True
101990961244800083,barometric_pressure_hpa,2026-07-22 06:00:00+00:00,877.225,877.0609657257111,876.76,True
101990961244800083,barometric_pressure_hpa,2026-07-22 07:00:00+00:00,877.525,877.2333618101568,877.225,True
101990961244800083,barometric_pressure_hpa,2026-07-22 08:00:00+00:00,877.15,877.1205991590803,877.525,True
101990961244800083,barometric_pressure_hpa,2026-07-22 09:00:00+00:00,876.475,876.5595247438969,877.15,True
101990961244800083,barometric_pressure_hpa,2026-07-22 10:00:00+00:00,875.65,875.6623002426144,876.475,True
101990961244800083,barometric_pressure_hpa,2026-07-22 11:00:00+00:00,874.6428571428571,874.7579779766055,875.65,True
101990961244800083,barometric_pressure_hpa,2026-07-22 12:00:00+00:00,873.65,873.8391636588573,874.6428571428571,True
101990961244800083,barometric_pressure_hpa,2026-07-22 13:00:00+00:00,873.6750000000001,873.4732441542349,873.65,True
101990961244800083,barometric_pressure_hpa,2026-07-22 14:00:00+00:00,874.7833333333333,873.8629160553207,873.6750000000001,True
101990961244800083,barometric_pressure_hpa,2026-07-22 15:00:00+00:00,874.74,875.3076163965368,874.7833333333333,True
101990961244800083,barometric_pressure_hpa,2026-07-22 16:00:00+00:00,874.8666666666667,875.2555906449966,874.74,True
101990961244800083,barometric_pressure_hpa,2026-07-22 17:00:00+00:00,875.2428571428571,875.2076581621474,874.8666666666667,True
101990961244800083,barometric_pressure_hpa,2026-07-22 18:00:00+00:00,876.0500000000001,875.8383065567633,875.2428571428571,True
101990961244800083,barometric_pressure_hpa,2026-07-22 19:00:00+00:00,876.6,876.376122629814,876.0500000000001,True
101990961244800083,barometric_pressure_hpa,2026-07-22 20:00:00+00:00,876.14,876.7435925298769,876.6,True
101990961244800083,barometric_pressure_hpa,2026-07-22 21:00:00+00:00,,876.0989840047581,876.14,False
101990961244800083,barometric_pressure_hpa,2026-07-22 22:00:00+00:00,,875.7066591607525,,False
101990961244800083,barometric_pressure_hpa,2026-07-22 23:00:00+00:00,,875.2985362008865,,False
101990961244800083,barometric_pressure_hpa,2026-07-23 00:00:00+00:00,,875.081237387647,,False
101990961244800083,barometric_pressure_hpa,2026-07-23 01:00:00+00:00,,875.1639764478807,,False
101990961244800083,barometric_pressure_hpa,2026-07-23 02:00:00+00:00,,875.5116375082854,,False
101990961244800083,barometric_pressure_hpa,2026-07-23 03:00:00+00:00,,875.9375526691019,,False
101990961244800083,barometric_pressure_hpa,2026-07-23 04:00:00+00:00,,876.5558300343381,,False
101990961244800083,barometric_pressure_hpa,2026-07-23 05:00:00+00:00,876.5799999999999,876.8946249276061,,False
101990961244800083,barometric_pressure_hpa,2026-07-23 06:00:00+00:00,876.7999999999998,876.8999653933564,876.5799999999999,True
101990961244800083,barometric_pressure_hpa,2026-07-23 07:00:00+00:00,876.8799999999999,876.8508640819969,876.7999999999998,True
101990961244800083,barometric_pressure_hpa,2026-07-23 08:00:00+00:00,876.9399999999999,876.4969296312116,876.8799999999999,True
101990961244800083,barometric_pressure_hpa,2026-07-23 09:00:00+00:00,876.4399999999999,876.3448173367991,876.9399999999999,True
101990961244800083,barometric_pressure_hpa,2026-07-23 10:00:00+00:00,875.76,875.6315939941069,876.4399999999999,True
101990961244800083,barometric_pressure_hpa,2026-07-23 11:00:00+00:00,874.86,874.8539186597246,875.76,True
101990961244800083,barometric_pressure_hpa,2026-07-23 12:00:00+00:00,874.0833333333334,874.0253027512465,874.86,True
101990961244800083,barometric_pressure_hpa,2026-07-23 13:00:00+00:00,873.6600000000001,873.871282390395,874.0833333333334,True
101990961244800083,barometric_pressure_hpa,2026-07-23 14:00:00+00:00,873.85,873.9389905176646,873.6600000000001,True
101990961244800083,barometric_pressure_hpa,2026-07-23 15:00:00+00:00,874.75,874.365541647537,873.85,True
101990961244800083,barometric_pressure_hpa,2026-07-23 16:00:00+00:00,874.5,875.2144571183353,874.75,True
101990961244800083,barometric_pressure_hpa,2026-07-23 17:00:00+00:00,875.1200000000001,874.859034982997,874.5,True
101990961244800083,barometric_pressure_hpa,2026-07-23 18:00:00+00:00,875.9714285714286,875.7306105836202,875.1200000000001,True
101990961244800083,barometric_pressure_hpa,2026-07-23 19:00:00+00:00,876.1333333333333,876.3294273943894,875.9714285714286,True
101990961244800083,barometric_pressure_hpa,2026-07-23 20:00:00+00:00,875.9,876.2253485072699,876.1333333333333,True
101990961244800083,barometric_pressure_hpa,2026-07-23 21:00:00+00:00,,875.8638486244375,875.9,False
101990961244800083,barometric_pressure_hpa,2026-07-23 22:00:00+00:00,,875.4741955572637,,False
101990961244800083,barometric_pressure_hpa,2026-07-23 23:00:00+00:00,,875.0685773628846,,False
101990961244800083,barometric_pressure_hpa,2026-07-24 00:00:00+00:00,,874.8536180685355,,False
101990961244800083,barometric_pressure_hpa,2026-07-24 01:00:00+00:00,,874.9385330725484,,False
101990961244800083,barometric_pressure_hpa,2026-07-24 02:00:00+00:00,,875.288208053496,,False
101990961244800083,barometric_pressure_hpa,2026-07-24 03:00:00+00:00,,875.7159765589976,,False
101990961244800083,barometric_pressure_hpa,2026-07-24 04:00:00+00:00,876.0,876.3359480549798,,False
101990961244800083,barometric_pressure_hpa,2026-07-24 05:00:00+00:00,876.25,876.3414813409815,876.0,True
101990961244800083,barometric_pressure_hpa,2026-07-24 06:00:00+00:00,876.8166666666666,876.5615689865828,876.25,True
101990961244800083,barometric_pressure_hpa,2026-07-24 07:00:00+00:00,877.0,876.8587409652974,876.8166666666666,True
101990961244800083,barometric_pressure_hpa,2026-07-24 08:00:00+00:00,876.8000000000001,876.6590752927632,877.0,True
101990961244800083,barometric_pressure_hpa,2026-07-24 09:00:00+00:00,876.1,876.2217400979019,876.8000000000001,True
101990961244800083,barometric_pressure_hpa,2026-07-24 10:00:00+00:00,875.18,875.314725112749,876.1,True
101990961244800083,barometric_pressure_hpa,2026-07-24 11:00:00+00:00,874.26,874.2944625726159,875.18,True
101990961244800083,barometric_pressure_hpa,2026-07-24 12:00:00+00:00,873.4399999999999,873.4544273079714,874.26,True
101990961244800083,barometric_pressure_hpa,2026-07-24 13:00:00+00:00,873.22,873.2129995581653,873.4399999999999,True
101990961244800083,barometric_pressure_hpa,2026-07-24 14:00:00+00:00,873.4200000000001,873.4650067951055,873.22,True
101990961244800083,barometric_pressure_hpa,2026-07-24 15:00:00+00:00,874.0,874.010521126134,873.4200000000001,True
101990961244800083,barometric_pressure_hpa,2026-07-24 16:00:00+00:00,875.1166666666667,874.4243903036604,874.0,True
101990961244800083,barometric_pressure_hpa,2026-07-24 17:00:00+00:00,875.0999999999999,875.485503740653,875.1166666666667,True
101990961244800083,barometric_pressure_hpa,2026-07-24 18:00:00+00:00,875.25,875.7276667905824,875.0999999999999,True
101990961244800083,barometric_pressure_hpa,2026-07-24 19:00:00+00:00,875.75,875.5980587885352,875.25,True
101990961244800083,barometric_pressure_hpa,2026-07-24 20:00:00+00:00,876.0,875.8416159168186,875.75,True
101990961244800083,barometric_pressure_hpa,2026-07-24 21:00:00+00:00,876.0,875.9582459537993,876.0,True
101990961244800083,barometric_pressure_hpa,2026-07-24 22:00:00+00:00,,875.6036337176607,876.0,False
101990961244800083,barometric_pressure_hpa,2026-07-24 23:00:00+00:00,,875.19139559098,,False
101990961244800083,barometric_pressure_hpa,2026-07-25 00:00:00+00:00,,874.9699047304108,,False
101990961244800083,barometric_pressure_hpa,2026-07-25 01:00:00+00:00,,875.0483719246265,,False
101990961244800083,barometric_pressure_hpa,2026-07-25 02:00:00+00:00,,875.3916780355386,,False
101990961244800083,barometric_pressure_hpa,2026-07-25 03:00:00+00:00,,875.8131520335414,,False
101990961244800083,barometric_pressure_hpa,2026-07-25 04:00:00+00:00,,876.4268993186992,,False
101990961244800083,barometric_pressure_hpa,2026-07-25 05:00:00+00:00,876.6285714285714,876.7461912601043,,False
101990961244800083,barometric_pressure_hpa,2026-07-25 06:00:00+00:00,877.0333333333333,876.9609141416182,876.6285714285714,True
101990961244800083,barometric_pressure_hpa,2026-07-25 07:00:00+00:00,876.9666666666667,877.0828470513603,877.0333333333333,True
101990961244800083,barometric_pressure_hpa,2026-07-25 08:00:00+00:00,876.68,876.6239790190962,876.9666666666667,True
101990961244800083,barometric_pressure_hpa,2026-07-25 09:00:00+00:00,875.9666666666667,876.0885956157085,876.68,True
101990961244800083,barometric_pressure_hpa,2026-07-25 10:00:00+00:00,875.22,875.1658359906857,875.9666666666667,True
101990961244800083,barometric_pressure_hpa,2026-07-25 11:00:00+00:00,874.3625,874.3297663589391,875.22,True
101990961244800083,barometric_pressure_hpa,2026-07-25 12:00:00+00:00,873.2166666666667,873.5507509686389,874.3625,True
101990961244800083,barometric_pressure_hpa,2026-07-25 13:00:00+00:00,872.8166666666666,873.0041591821168,873.2166666666667,True
101990961244800083,barometric_pressure_hpa,2026-07-25 14:00:00+00:00,872.78,873.0695494238339,872.8166666666666,True
101990961244800083,barometric_pressure_hpa,2026-07-25 15:00:00+00:00,873.22,873.3723256947796,872.78,True
101990961244800083,barometric_pressure_hpa,2026-07-25 16:00:00+00:00,873.76,873.7659934837658,873.22,True
101990961244800083,barometric_pressure_hpa,2026-07-25 17:00:00+00:00,874.3,874.1141845039803,873.76,True
101990961244800083,barometric_pressure_hpa,2026-07-25 18:00:00+00:00,875.075,874.8890050160354,874.3,True
101990961244800083,barometric_pressure_hpa,2026-07-25 19:00:00+00:00,875.4799999999999,875.4509123568675,875.075,True
101990961244800083,barometric_pressure_hpa,2026-07-25 20:00:00+00:00,875.8166666666666,875.6091505285592,875.4799999999999,True
101990961244800083,barometric_pressure_hpa,2026-07-25 21:00:00+00:00,875.8,875.7867194712633,875.8166666666666,True
101990961244800083,barometric_pressure_hpa,2026-07-25 22:00:00+00:00,,875.4090966440242,875.8,False
101990961244800083,barometric_pressure_hpa,2026-07-25 23:00:00+00:00,,875.0021815249918,,False
101990961244800083,barometric_pressure_hpa,2026-07-26 00:00:00+00:00,,874.7858776453671,,False
101990961244800083,barometric_pressure_hpa,2026-07-26 01:00:00+00:00,,874.8693995323707,,False
101990961244800083,barometric_pressure_hpa,2026-07-26 02:00:00+00:00,,875.2176317109283,,False
101990961244800083,barometric_pressure_hpa,2026-07-26 03:00:00+00:00,,875.6439066917355,,False
101990961244800083,barometric_pressure_hpa,2026-07-26 04:00:00+00:00,,876.2623332493872,,False
101990961244800083,barometric_pressure_hpa,2026-07-26 05:00:00+00:00,876.9200000000001,876.5876552004326,,False
101990961244800083,barometric_pressure_hpa,2026-07-26 06:00:00+00:00,876.9857142857143,877.2424399776289,876.9200000000001,True
101990961244800083,barometric_pressure_hpa,2026-07-26 07:00:00+00:00,877.2666666666668,877.0187281125528,876.9857142857143,True
101990961244800083,barometric_pressure_hpa,2026-07-26 08:00:00+00:00,876.9666666666667,876.9156130183494,877.2666666666668,True
101990961244800083,barometric_pressure_hpa,2026-07-26 09:00:00+00:00,876.1200000000001,876.3595342655556,876.9666666666667,True
101990961244800083,barometric_pressure_hpa,2026-07-26 10:00:00+00:00,875.14,875.3258344419647,876.1200000000001,True
101990961244800083,barometric_pressure_hpa,2026-07-26 11:00:00+00:00,874.3,874.2566620489329,875.14,True
101990961244800083,barometric_pressure_hpa,2026-07-26 12:00:00+00:00,873.5,873.4555074078835,874.3,True
101990961244800083,barometric_pressure_hpa,2026-07-26 13:00:00+00:00,872.9799999999999,873.2604938084638,873.5,True
101990961244800083,barometric_pressure_hpa,2026-07-26 14:00:00+00:00,872.8399999999999,873.2001804437939,872.9799999999999,True
101990961244800083,barometric_pressure_hpa,2026-07-26 15:00:00+00:00,872.8,873.4146446052417,872.8399999999999,True
101990961244800083,barometric_pressure_hpa,2026-07-26 16:00:00+00:00,873.26,873.3306106982607,872.8,True
101990961244800083,barometric_pressure_hpa,2026-07-26 17:00:00+00:00,873.78,873.6614670421167,873.26,True
101990961244800083,barometric_pressure_hpa,2026-07-26 18:00:00+00:00,874.3799999999999,874.4204962837077,873.78,True
101990961244800083,barometric_pressure_hpa,2026-07-26 19:00:00+00:00,874.8,874.7717098414665,874.3799999999999,True
101990961244800083,barometric_pressure_hpa,2026-07-26 20:00:00+00:00,874.9,874.963274753593,874.8,True
101990961244800083,barometric_pressure_hpa,2026-07-26 21:00:00+00:00,874.8,874.8939131237433,874.9,True
101990961244800083,barometric_pressure_hpa,2026-07-26 22:00:00+00:00,,874.4407372807124,874.8,False
101990961244800083,barometric_pressure_hpa,2026-07-26 23:00:00+00:00,,874.0647671179692,,False
101990961244800083,barometric_pressure_hpa,2026-07-27 00:00:00+00:00,,873.878734588909,,False
101990961244800083,barometric_pressure_hpa,2026-07-27 01:00:00+00:00,,873.9918759402082,,False
101990961244800083,barometric_pressure_hpa,2026-07-27 02:00:00+00:00,,874.3690969182124,,False
101990961244800083,barometric_pressure_hpa,2026-07-27 03:00:00+00:00,,874.8237508674922,,False
101990961244800083,barometric_pressure_hpa,2026-07-27 04:00:00+00:00,,875.4699671229215,,False
101990961244800083,barometric_pressure_hpa,2026-07-27 05:00:00+00:00,874.9,875.8223547350744,,False
101990961244800083,barometric_pressure_hpa,2026-07-27 06:00:00+00:00,875.3,875.2456468993242,874.9,True
101990961244800083,barometric_pressure_hpa,2026-07-27 07:00:00+00:00,875.6,875.407902013457,875.3,True
101990961244800083,barometric_pressure_hpa,2026-07-27 08:00:00+00:00,875.5,875.2959293045111,875.6,True
101990961244800083,barometric_pressure_hpa,2026-07-27 09:00:00+00:00,874.7,874.9116502993141,875.5,True
101990961244800083,barometric_pressure_hpa,2026-07-27 10:00:00+00:00,,873.9221185838544,874.7,False
101990961244800083,barometric_pressure_hpa,2026-07-27 11:00:00+00:00,873.1,873.0743175164142,,False
101990961244800083,barometric_pressure_hpa,2026-07-27 12:00:00+00:00,872.8,872.305025156676,873.1,True
101990961244800083,barometric_pressure_hpa,2026-07-27 13:00:00+00:00,872.6,872.5571246173157,872.8,True
101990961244800083,barometric_pressure_hpa,2026-07-27 14:00:00+00:00,,872.8041078861976,872.6,False
101990961244800083,barometric_pressure_hpa,2026-07-27 15:00:00+00:00,874.2,873.3215589354699,,False
101990961244800083,barometric_pressure_hpa,2026-07-27 16:00:00+00:00,874.2,874.6853135166875,874.2,True
101990961244800083,barometric_pressure_hpa,2026-07-27 17:00:00+00:00,874.375,874.5823358152751,874.2,True
101990961244800083,barometric_pressure_hpa,2026-07-27 18:00:00+00:00,874.8,874.9890552087784,874.375,True
101990961244800083,barometric_pressure_hpa,2026-07-27 19:00:00+00:00,,875.182190337181,874.8,False
101990961244800083,barometric_pressure_hpa,2026-07-27 20:00:00+00:00,,875.320391976693,,False
101990961244800083,barometric_pressure_hpa,2026-07-27 21:00:00+00:00,,875.2929392579217,,False
101990961244800083,barometric_pressure_hpa,2026-07-27 22:00:00+00:00,,874.906959713565,,False
101990961244800083,barometric_pressure_hpa,2026-07-27 23:00:00+00:00,,874.5046076037329,,False
101990961244800083,barometric_pressure_hpa,2026-07-28 00:00:00+00:00,,874.2925091627171,,False
101990961244800083,barometric_pressure_hpa,2026-07-28 01:00:00+00:00,,874.3798819226312,,False
101990961244800083,barometric_pressure_hpa,2026-07-28 02:00:00+00:00,,874.7316131641285,,False
101990961244800083,barometric_pressure_hpa,2026-07-28 03:00:00+00:00,,875.1610379126355,,False
101990961244800083,barometric_pressure_hpa,2026-07-28 04:00:00+00:00,,875.782267236133,,False
101990961244800083,barometric_pressure_hpa,2026-07-28 05:00:00+00:00,,876.1100698600046,,False
101990961244800083,barometric_pressure_hpa,2026-07-28 06:00:00+00:00,,876.4393376151334,,False
101990961244800083,barometric_pressure_hpa,2026-07-28 07:00:00+00:00,,876.5276432569965,,False
101990961244800083,barometric_pressure_hpa,2026-07-28 08:00:00+00:00,,876.2182212766771,,False
101990961244800083,barometric_pressure_hpa,2026-07-28 09:00:00+00:00,,875.5983873034351,,False
101990961244800083,barometric_pressure_hpa,2026-07-28 10:00:00+00:00,,874.8052772539702,,False
101990961244800083,barometric_pressure_hpa,2026-07-28 11:00:00+00:00,,873.9337297677745,,False
101990961244800083,barometric_pressure_hpa,2026-07-28 12:00:00+00:00,,873.1671231994321,,False
101990961244800083,barometric_pressure_hpa,2026-07-28 13:00:00+00:00,,872.9303101108617,,False
101990961244800083,barometric_pressure_hpa,2026-07-28 14:00:00+00:00,,873.1860652599586,,False
101990961244800083,barometric_pressure_hpa,2026-07-28 15:00:00+00:00,,873.7647661822934,,False
101990961244800083,barometric_pressure_hpa,2026-07-28 16:00:00+00:00,,874.2137510961992,,False
101990961244800083,barometric_pressure_hpa,2026-07-28 17:00:00+00:00,,874.5691787767742,,False
101990961244800083,barometric_pressure_hpa,2026-07-28 18:00:00+00:00,,875.159666640628,,False
101990961244800083,barometric_pressure_hpa,2026-07-28 19:00:00+00:00,,875.5311750651879,,False
101990961244800083,barometric_pressure_hpa,2026-07-28 20:00:00+00:00,,875.6622593548575,,False
101990961244800083,barometric_pressure_hpa,2026-07-28 21:00:00+00:00,,875.6294245089337,,False
101990961244800083,barometric_pressure_hpa,2026-07-28 22:00:00+00:00,,875.2389536187235,,False
101990961244800083,barometric_pressure_hpa,2026-07-28 23:00:00+00:00,,874.8323487627611,,False
101990961244800083,barometric_pressure_hpa,2026-07-29 00:00:00+00:00,,874.6162331189444,,False
101990961244800083,barometric_pressure_hpa,2026-07-29 01:00:00+00:00,,874.6998213322754,,False
101990961244800083,barometric_pressure_hpa,2026-07-29 02:00:00+00:00,,875.047997963503,,False
101990961244800083,barometric_pressure_hpa,2026-07-29 03:00:00+00:00,,875.474095483401,,False
101990961244800083,barometric_pressure_hpa,2026-07-29 04:00:00+00:00,,876.0922225687142,,False
101990961244800083,barometric_pressure_hpa,2026-07-29 05:00:00+00:00,,876.4171458324802,,False
101990961244800083,barometric_pressure_hpa,2026-07-29 06:00:00+00:00,,876.736596672948,,False
101990961244800083,barometric_pressure_hpa,2026-07-29 07:00:00+00:00,,876.8090956063036,,False
101990961244800083,barometric_pressure_hpa,2026-07-29 08:00:00+00:00,,876.4841394485097,,False
101990961244800083,barometric_pressure_hpa,2026-07-29 09:00:00+00:00,,875.865985712677,,False
101990961244800083,barometric_pressure_hpa,2026-07-29 10:00:00+00:00,876.3,875.0656089697055,,False
101990961244800083,barometric_pressure_hpa,2026-07-29 11:00:00+00:00,875.6,875.3919641225892,876.3,True
101990961244800083,barometric_pressure_hpa,2026-07-29 12:00:00+00:00,874.8,874.7737198034143,875.6,True
101990961244800083,barometric_pressure_hpa,2026-07-29 13:00:00+00:00,874.5,874.522762605782,874.8,True
101990961244800083,barometric_pressure_hpa,2026-07-29 14:00:00+00:00,874.4666666666667,874.7017327389981,874.5,True
101990961244800083,barometric_pressure_hpa,2026-07-29 15:00:00+00:00,874.9,874.9996087634952,874.4666666666667,True
101990961244800083,barometric_pressure_hpa,2026-07-29 16:00:00+00:00,876.54,875.342463303635,874.9,True
101990961244800083,barometric_pressure_hpa,2026-07-29 17:00:00+00:00,876.6,876.8459972282847,876.54,True
101990961244800083,barometric_pressure_hpa,2026-07-29 18:00:00+00:00,,877.1486085088934,876.6,False
101990961244800083,barometric_pressure_hpa,2026-07-29 19:00:00+00:00,,877.4737290773045,,False
101990961244800083,barometric_pressure_hpa,2026-07-29 20:00:00+00:00,,877.5599665768732,,False
101990961244800083,barometric_pressure_hpa,2026-07-29 21:00:00+00:00,,877.4837139697586,,False
101990961244800083,barometric_pressure_hpa,2026-07-29 22:00:00+00:00,,877.0511865449917,,False
101990961244800083,barometric_pressure_hpa,2026-07-29 23:00:00+00:00,,876.6038275881009,,False
101990961244800083,barometric_pressure_hpa,2026-07-30 00:00:00+00:00,,876.348230984276,,False
101990961244800083,barometric_pressure_hpa,2026-07-30 01:00:00+00:00,,876.3935830045355,,False
101990961244800083,barometric_pressure_hpa,2026-07-30 02:00:00+00:00,,876.7047407272852,,False
101990961244800083,barometric_pressure_hpa,2026-07-30 03:00:00+00:00,,877.0950100182891,,False
101990961244800083,barometric_pressure_hpa,2026-07-30 04:00:00+00:00,,877.6784738112366,,False
101990961244800083,barometric_pressure_hpa,2026-07-30 05:00:00+00:00,,877.9698714872637,,False
101990961244800083,barometric_pressure_hpa,2026-07-30 06:00:00+00:00,,878.2566009573967,,False
101990961244800083,barometric_pressure_hpa,2026-07-30 07:00:00+00:00,,878.297199558052,,False
101990961244800083,barometric_pressure_hpa,2026-07-30 08:00:00+00:00,,877.9414242525839,,False
101990961244800083,barometric_pressure_hpa,2026-07-30 09:00:00+00:00,,877.294242208467,,False
101990961244800083,barometric_pressure_hpa,2026-07-30 10:00:00+00:00,,876.4651760235473,,False
101990961244800083,barometric_pressure_hpa,2026-07-30 11:00:00+00:00,,875.5744273597212,,False
101990961244800083,barometric_pressure_hpa,2026-07-30 12:00:00+00:00,,874.7493290317532,,False
101990961244800083,barometric_pressure_hpa,2026-07-30 13:00:00+00:00,,874.4693243895407,,False
101990961244800083,barometric_pressure_hpa,2026-07-30 14:00:00+00:00,,874.6434893784511,,False
101990961244800083,barometric_pressure_hpa,2026-07-30 15:00:00+00:00,,875.1582077495192,,False
101990961244800083,barometric_pressure_hpa,2026-07-30 16:00:00+00:00,,875.724254351446,,False
101990961244800083,barometric_pressure_hpa,2026-07-30 17:00:00+00:00,,876.023630826149,,False
101990961244800083,barometric_pressure_hpa,2026-07-30 18:00:00+00:00,,876.5861550773178,,False
101990961244800083,barometric_pressure_hpa,2026-07-30 19:00:00+00:00,,876.9244025765837,,False
101990961244800083,barometric_pressure_hpa,2026-07-30 20:00:00+00:00,,877.023378556939,,False
101990961244800083,barometric_pressure_hpa,2026-07-30 21:00:00+00:00,,876.9594816432653,,False
101990961244800083,barometric_pressure_hpa,2026-07-30 22:00:00+00:00,,876.5389343952866,,False
101990961244800083,barometric_pressure_hpa,2026-07-30 23:00:00+00:00,,876.1031874661933,,False
101990961244800083,barometric_pressure_hpa,2026-07-31 00:00:00+00:00,,875.8588430865893,,False
101990961244800083,barometric_pressure_hpa,2026-07-31 01:00:00+00:00,,875.9150956143211,,False
101990961244800083,barometric_pressure_hpa,2026-07-31 02:00:00+00:00,,876.2368099618482,,False
101990961244800083,barometric_pressure_hpa,2026-07-31 03:00:00+00:00,,876.637299581844,,False
101990961244800083,barometric_pressure_hpa,2026-07-31 04:00:00+00:00,,877.2306547532162,,False
101990961244800083,barometric_pressure_hpa,2026-07-31 05:00:00+00:00,,877.5316219661308,,False
101990961244800083,barometric_pressure_hpa,2026-07-31 06:00:00+00:00,,877.8275923052491,,False
101990961244800083,barometric_pressure_hpa,2026-07-31 07:00:00+00:00,,877.877111576207,,False
101990961244800083,barometric_pressure_hpa,2026-07-31 08:00:00+00:00,,877.5299551644315,,False
101990961244800083,barometric_pressure_hpa,2026-07-31 09:00:00+00:00,,876.8911288854579,,False
101990961244800083,barometric_pressure_hpa,2026-07-31 10:00:00+00:00,,876.0701115963558,,False
101990961244800083,barometric_pressure_hpa,2026-07-31 11:00:00+00:00,,875.1816581614522,,False
101990961244800083,barometric_pressure_hpa,2026-07-31 12:00:00+00:00,,874.36582139106,,False
101990961244800083,barometric_pressure_hpa,2026-07-31 13:00:00+00:00,,874.0967772900132,,False
101990961244800083,barometric_pressure_hpa,2026-07-31 14:00:00+00:00,,874.289839974281,,False
101990961244800083,barometric_pressure_hpa,2026-07-31 15:00:00+00:00,,874.8176784038942,,False
101990961244800083,barometric_pressure_hpa,2026-07-31 16:00:00+00:00,,875.3460419664133,,False
101990961244800083,barometric_pressure_hpa,2026-07-31 17:00:00+00:00,,875.6649521792198,,False
101990961244800083,barometric_pressure_hpa,2026-07-31 18:00:00+00:00,,876.2369057905008,,False
101990961244800083,barometric_pressure_hpa,2026-07-31 19:00:00+00:00,,876.5843148220179,,False
101990961244800083,barometric_pressure_hpa,2026-07-31 20:00:00+00:00,,876.6922081955195,,False
101990961244800083,barometric_pressure_hpa,2026-07-31 21:00:00+00:00,,876.6369907919037,,False
101990961244800083,barometric_pressure_hpa,2026-07-31 22:00:00+00:00,,876.2248913383381,,False
101990961244800083,barometric_pressure_hpa,2026-07-31 23:00:00+00:00,,875.7973665049773,,False
101990961244800083,barometric_pressure_hpa,2026-08-01 00:00:00+00:00,,875.5610244315386,,False
101990961244800083,barometric_pressure_hpa,2026-08-01 01:00:00+00:00,,875.6250652270226,,False
101990961244800083,barometric_pressure_hpa,2026-08-01 02:00:00+00:00,,875.9543594012159,,False
101990961244800083,barometric_pressure_hpa,2026-08-01 03:00:00+00:00,,876.3622258543154,,False
101990961244800083,barometric_pressure_hpa,2026-08-01 04:00:00+00:00,,876.9627601668632,,False
101990961244800083,barometric_pressure_hpa,2026-08-01 05:00:00+00:00,,877.2707139885911,,False
101990961244800083,barometric_pressure_hpa,2026-08-01 06:00:00+00:00,,877.5734828257515,,False
101990961244800083,barometric_pressure_hpa,2026-08-01 07:00:00+00:00,,877.6296174499515,,False
101990961244800083,barometric_pressure_hpa,2026-08-01 08:00:00+00:00,,877.2888985265075,,False
101990961244800083,barometric_pressure_hpa,2026-08-01 09:00:00+00:00,875.3666666666667,876.6563379174645,,False
101990961244800083,barometric_pressure_hpa,2026-08-01 10:00:00+00:00,,874.5814873895974,875.3666666666667,False
101990961244800083,barometric_pressure_hpa,2026-08-01 11:00:00+00:00,873.7,873.7272359498618,,False
101990961244800083,barometric_pressure_hpa,2026-08-01 12:00:00+00:00,,872.9183769718361,873.7,False
101990961244800083,barometric_pressure_hpa,2026-08-01 13:00:00+00:00,873.0,872.6825926922788,,False
101990961244800083,barometric_pressure_hpa,2026-08-01 14:00:00+00:00,873.0,873.2171413347405,873.0,True
101990961244800083,barometric_pressure_hpa,2026-08-01 15:00:00+00:00,874.2,873.5571101748159,873.0,True
101990961244800083,barometric_pressure_hpa,2026-08-01 16:00:00+00:00,874.8,874.7368472072089,874.2,True
101990961244800083,barometric_pressure_hpa,2026-08-01 17:00:00+00:00,875.8,875.12777588876,874.8,True
101990961244800083,barometric_pressure_hpa,2026-08-01 18:00:00+00:00,875.8,876.3606501606157,875.8,True
101990961244800083,barometric_pressure_hpa,2026-08-01 19:00:00+00:00,876.6,876.1512980893565,875.8,True
101990961244800083,barometric_pressure_hpa,2026-08-01 20:00:00+00:00,,876.6991792515657,876.6,False
101990961244800083,barometric_pressure_hpa,2026-08-01 21:00:00+00:00,,876.6352527410592,,False
101990961244800083,barometric_pressure_hpa,2026-08-01 22:00:00+00:00,,876.2144426343829,,False
101990961244800083,barometric_pressure_hpa,2026-08-01 23:00:00+00:00,,875.7781996285618,,False
101990961244800083,barometric_pressure_hpa,2026-08-02 00:00:00+00:00,,875.5331256038601,,False
101990961244800083,barometric_pressure_hpa,2026-08-02 01:00:00+00:00,,875.5884143933722,,False
101990961244800083,barometric_pressure_hpa,2026-08-02 02:00:00+00:00,,875.9089302211142,,False
101990961244800083,barometric_pressure_hpa,2026-08-02 03:00:00+00:00,,876.3079856783983,,False
101990961244800083,barometric_pressure_hpa,2026-08-02 04:00:00+00:00,,876.8996700029365,,False
101990961244800083,barometric_pressure_hpa,2026-08-02 05:00:00+00:00,,877.1987323955958,,False
101990961244800083,barometric_pressure_hpa,2026-08-02 06:00:00+00:00,877.3666666666667,877.4925555796235,,False
101990961244800083,barometric_pressure_hpa,2026-08-02 07:00:00+00:00,877.4,877.4173440737931,877.3666666666667,True
101990961244800083,barometric_pressure_hpa,2026-08-02 08:00:00+00:00,876.5,877.0541637367473,877.4,True
101990961244800083,barometric_pressure_hpa,2026-08-02 09:00:00+00:00,876.0999999999999,875.8778672859971,876.5,True
101990961244800083,barometric_pressure_hpa,2026-08-02 10:00:00+00:00,875.2,875.2949668955104,876.0999999999999,True
101990961244800083,barometric_pressure_hpa,2026-08-02 11:00:00+00:00,874.8,874.3298658563597,875.2,True
101990961244800083,barometric_pressure_hpa,2026-08-02 12:00:00+00:00,873.3,874.0088900689899,874.8,True
101990961244800083,barometric_pressure_hpa,2026-08-02 13:00:00+00:00,873.1500000000001,873.0791628839485,873.3,True
101990961244800083,barometric_pressure_hpa,2026-08-02 14:00:00+00:00,873.6999999999999,873.3382381027131,873.1500000000001,True
101990961244800083,barometric_pressure_hpa,2026-08-02 15:00:00+00:00,,874.3149565338587,873.6999999999999,False
101990961244800083,barometric_pressure_hpa,2026-08-02 16:00:00+00:00,,874.8576866196577,,False
101990961244800083,barometric_pressure_hpa,2026-08-02 17:00:00+00:00,874.9,875.263624154985,,False
101990961244800083,barometric_pressure_hpa,2026-08-02 18:00:00+00:00,,875.4193541731712,874.9,False
101990961244800083,barometric_pressure_hpa,2026-08-02 19:00:00+00:00,,875.8382210711683,,False
101990961244800083,barometric_pressure_hpa,2026-08-02 20:00:00+00:00,,875.9586082722187,,False
101990961244800083,barometric_pressure_hpa,2026-08-02 21:00:00+00:00,,875.9153574565521,,False
101990961244800083,barometric_pressure_hpa,2026-08-02 22:00:00+00:00,,875.5147057059614,,False
101990961244800083,barometric_pressure_hpa,2026-08-02 23:00:00+00:00,,875.0981181644904,,False
101990961244800083,barometric_pressure_hpa,2026-08-03 00:00:00+00:00,,874.8722108384451,,False
101990961244800083,barometric_pressure_hpa,2026-08-03 01:00:00+00:00,,874.9461913362735,,False
101990961244800083,barometric_pressure_hpa,2026-08-03 02:00:00+00:00,,875.2849373149317,,False
101990961244800083,barometric_pressure_hpa,2026-08-03 03:00:00+00:00,,875.701774467506,,False
101990961244800083,barometric_pressure_hpa,2026-08-03 04:00:00+00:00,,876.3108048125564,,False
101990961244800083,barometric_pressure_hpa,2026-08-03 05:00:00+00:00,877.05,876.626789503595,,False
101990961244800083,barometric_pressure_hpa,2026-08-03 06:00:00+00:00,,877.3480731380772,877.05,False
101990961244800083,barometric_pressure_hpa,2026-08-03 07:00:00+00:00,877.2333333333332,877.3998337004672,,False
101990961244800083,barometric_pressure_hpa,2026-08-03 08:00:00+00:00,876.8,876.8264039622313,877.2333333333332,True
101990961244800083,barometric_pressure_hpa,2026-08-03 09:00:00+00:00,875.8,876.1994917605869,876.8,True
101990961244800083,barometric_pressure_hpa,2026-08-03 10:00:00+00:00,,874.9896150457449,875.8,False
101990961244800083,barometric_pressure_hpa,2026-08-03 11:00:00+00:00,874.8,874.1805109147718,,False
101990961244800083,barometric_pressure_hpa,2026-08-03 12:00:00+00:00,873.4,873.9205941037364,874.8,True
101990961244800083,barometric_pressure_hpa,2026-08-03 13:00:00+00:00,872.9,873.1779630375862,873.4,True
101990961244800083,barometric_pressure_hpa,2026-08-03 14:00:00+00:00,,873.1444402374547,872.9,False
101990961244800083,barometric_pressure_hpa,2026-08-03 15:00:00+00:00,875.6,873.7357572363403,,False
101990961244800083,barometric_pressure_hpa,2026-08-03 16:00:00+00:00,875.5,876.0884273715587,875.6,True
101990961244800083,barometric_pressure_hpa,2026-08-03 17:00:00+00:00,875.6,875.8472081952698,875.5,True
101990961244800083,barometric_pressure_hpa,2026-08-03 18:00:00+00:00,875.6999999999999,876.1263941954242,875.6,True
101990961244800083,barometric_pressure_hpa,2026-08-03 19:00:00+00:00,876.4,876.0988921792817,875.6999999999999,True
101990961244800083,barometric_pressure_hpa,2026-08-03 20:00:00+00:00,,876.5104782863591,876.4,False
101990961244800083,barometric_pressure_hpa,2026-08-03 21:00:00+00:00,,876.4577308820902,,False
101990961244800083,barometric_pressure_hpa,2026-08-03 22:00:00+00:00,,876.0479725139558,,False
101990961244800083,barometric_pressure_hpa,2026-08-03 23:00:00+00:00,,875.6226616513675,,False
101990961244800083,barometric_pressure_hpa,2026-08-04 00:00:00+00:00,,875.3884080037934,,False
101990961244800083,barometric_pressure_hpa,2026-08-04 01:00:00+00:00,,875.454413167342,,False
101990961244800083,barometric_pressure_hpa,2026-08-04 02:00:00+00:00,,875.7855490641729,,False
101990961244800083,barometric_pressure_hpa,2026-08-04 03:00:00+00:00,,876.1951359181057,,False
101990961244800083,barometric_pressure_hpa,2026-08-04 04:00:00+00:00,,876.7972705445898,,False
101990961244800083,barometric_pressure_hpa,2026-08-04 05:00:00+00:00,,877.1067063527905,,False
101990961244800083,barometric_pressure_hpa,2026-08-04 06:00:00+00:00,,877.3937077140295,,False
101990961244800083,barometric_pressure_hpa,2026-08-04 07:00:00+00:00,,877.4351986852232,,False
101990961244800083,barometric_pressure_hpa,2026-08-04 08:00:00+00:00,,877.0412362363124,,False
101990961244800083,barometric_pressure_hpa,2026-08-04 09:00:00+00:00,,876.3787293506331,,False
101990961244800083,barometric_pressure_hpa,2026-08-04 10:00:00+00:00,,875.5917304114894,,False
101990961244800083,barometric_pressure_hpa,2026-08-04 11:00:00+00:00,,874.7835913491008,,False
101990961244800083,barometric_pressure_hpa,2026-08-04 12:00:00+00:00,,873.8735456923665,,False
101990961244800083,barometric_pressure_hpa,2026-08-04 13:00:00+00:00,,873.6045022394611,,False
101990961244800083,barometric_pressure_hpa,2026-08-04 14:00:00+00:00,,873.9190318899658,,False
101990961244800083,barometric_pressure_hpa,2026-08-04 15:00:00+00:00,,874.6064542033441,,False
101990961244800083,barometric_pressure_hpa,2026-08-04 16:00:00+00:00,,875.0600814109818,,False
101990961244800083,barometric_pressure_hpa,2026-08-04 17:00:00+00:00,,875.3948385357517,,False
101990961244800083,barometric_pressure_hpa,2026-08-04 18:00:00+00:00,,875.8746578299945,,False
101990961244800083,barometric_pressure_hpa,2026-08-04 19:00:00+00:00,,876.3037990215221,,False
101990961244800083,barometric_pressure_hpa,2026-08-04 20:00:00+00:00,,876.4154022685468,,False
101990961244800083,barometric_pressure_hpa,2026-08-04 21:00:00+00:00,,876.3637114950404,,False
101990961244800083,barometric_pressure_hpa,2026-08-04 22:00:00+00:00,,875.9549421871519,,False
101990961244800083,barometric_pressure_hpa,2026-08-04 23:00:00+00:00,,875.5305535251177,,False
101990961244800083,barometric_pressure_hpa,2026-08-05 00:00:00+00:00,,875.2971558811794,,False
101990961244800083,barometric_pressure_hpa,2026-08-05 01:00:00+00:00,,875.363951466644,,False
101990961244800083,barometric_pressure_hpa,2026-08-05 02:00:00+00:00,,875.6958127717376,,False
101990961244800083,barometric_pressure_hpa,2026-08-05 03:00:00+00:00,,876.106060541621,,False
101990961244800083,barometric_pressure_hpa,2026-08-05 04:00:00+00:00,,876.7087920667352,,False
101990961244800083,barometric_pressure_hpa,2026-08-05 05:00:00+00:00,,877.0187611852292,,False
101990961244800083,barometric_pressure_hpa,2026-08-05 06:00:00+00:00,,877.3113388896725,,False
101990961244800083,barometric_pressure_hpa,2026-08-05 07:00:00+00:00,,877.3583252848223,,False
101990961244800083,barometric_pressure_hpa,2026-08-05 08:00:00+00:00,,876.9683524920129,,False
101990961244800083,barometric_pressure_hpa,2026-08-05 09:00:00+00:00,,876.3228192243344,,False
101990961244800083,barometric_pressure_hpa,2026-08-05 10:00:00+00:00,,875.5254228402732,,False
101990961244800083,barometric_pressure_hpa,2026-08-05 11:00:00+00:00,,874.7058823235468,,False
101990961244800083,barometric_pressure_hpa,2026-08-05 12:00:00+00:00,876.4,873.8193104677249,,False
101990961244800083,barometric_pressure_hpa,2026-08-05 13:00:00+00:00,,876.0819457115796,876.4,False
101990961244800083,barometric_pressure_hpa,2026-08-05 14:00:00+00:00,,876.3019553802565,,False
101990961244800083,barometric_pressure_hpa,2026-08-05 15:00:00+00:00,876.2,876.8971690554989,,False
101990961244800083,barometric_pressure_hpa,2026-08-05 16:00:00+00:00,876.0,876.6431546388812,876.2,True
101990961244800083,barometric_pressure_hpa,2026-08-05 17:00:00+00:00,,876.3295806150522,876.0,False
101990961244800083,barometric_pressure_hpa,2026-08-05 18:00:00+00:00,,876.8097337936881,,False
101990961244800083,barometric_pressure_hpa,2026-08-05 19:00:00+00:00,,877.2113919117455,,False
101990961244800083,barometric_pressure_hpa,2026-08-05 20:00:00+00:00,,877.3131890528202,,False
101990961244800083,barometric_pressure_hpa,2026-08-05 21:00:00+00:00,,877.2523375403953,,False
101990961244800083,barometric_pressure_hpa,2026-08-05 22:00:00+00:00,,876.8350462410701,,False
101990961244800083,barometric_pressure_hpa,2026-08-05 23:00:00+00:00,,876.4027681110567,,False
101990961244800083,barometric_pressure_hpa,2026-08-06 00:00:00+00:00,,876.162107850025,,False
101990961244800083,barometric_pressure_hpa,2026-08-06 01:00:00+00:00,,876.2222624496362,,False
101990961244800083,barometric_pressure_hpa,2026-08-06 02:00:00+00:00,,876.5480996258719,,False
101990961244800083,barometric_pressure_hpa,2026-08-06 03:00:00+00:00,,876.9529357944297,,False
101990961244800083,barometric_pressure_hpa,2026-08-06 04:00:00+00:00,,877.5508643601464,,False
101990961244800083,barometric_pressure_hpa,2026-08-06 05:00:00+00:00,,877.856634350217,,False
101990961244800083,barometric_pressure_hpa,2026-08-06 06:00:00+00:00,,878.1457370946108,,False
101990961244800083,barometric_pressure_hpa,2026-08-06 07:00:00+00:00,,878.1898594563152,,False
101990961244800083,barometric_pressure_hpa,2026-08-06 08:00:00+00:00,,877.7975550887259,,False
101990961244800083,barometric_pressure_hpa,2026-08-06 09:00:00+00:00,,877.1508566449887,,False
101990961244800083,barometric_pressure_hpa,2026-08-06 10:00:00+00:00,,876.3516093052506,,False
101990961244800083,barometric_pressure_hpa,2026-08-06 11:00:00+00:00,,875.5306730102031,,False
101990961244800083,barometric_pressure_hpa,2026-08-06 12:00:00+00:00,,874.6455720621537,,False
101990961244800083,barometric_pressure_hpa,2026-08-06 13:00:00+00:00,,874.3444323418066,,False
101990961244800083,barometric_pressure_hpa,2026-08-06 14:00:00+00:00,,874.5784707728305,,False
101990961244800083,barometric_pressure_hpa,2026-08-06 15:00:00+00:00,,875.1866894168012,,False
101990961244800083,barometric_pressure_hpa,2026-08-06 16:00:00+00:00,,875.5787021714816,,False
101990961244800083,barometric_pressure_hpa,2026-08-06 17:00:00+00:00,,875.9164659728838,,False
101990961244800083,barometric_pressure_hpa,2026-08-06 18:00:00+00:00,,876.4047806456497,,False
101990961244800083,barometric_pressure_hpa,2026-08-06 19:00:00+00:00,,876.8130633123869,,False
101990961244800083,barometric_pressure_hpa,2026-08-06 20:00:00+00:00,,876.9216194472892,,False
101990961244800083,barometric_pressure_hpa,2026-08-06 21:00:00+00:00,,876.8672455126839,,False
101990961244800083,barometric_pressure_hpa,2026-08-06 22:00:00+00:00,,876.4561550305218,,False
101990961244800083,barometric_pressure_hpa,2026-08-06 23:00:00+00:00,,876.0298054134618,,False
101990961244800083,barometric_pressure_hpa,2026-08-07 00:00:00+00:00,,875.7948056219194,,False
101990961244800083,barometric_pressure_hpa,2026-08-07 01:00:00+00:00,,875.8603567156621,,False
101990961244800083,barometric_pressure_hpa,2026-08-07 02:00:00+00:00,,876.1913302890619,,False
101990961244800083,barometric_pressure_hpa,2026-08-07 03:00:00+00:00,,876.6010464492784,,False
101990961244800083,barometric_pressure_hpa,2026-08-07 04:00:00+00:00,,877.2036021083356,,False
101990961244800083,barometric_pressure_hpa,2026-08-07 05:00:00+00:00,,877.5137496188604,,False
101990961244800083,barometric_pressure_hpa,2026-08-07 06:00:00+00:00,,877.8069933161767,,False
101990961244800083,barometric_pressure_hpa,2026-08-07 07:00:00+00:00,,877.8550131380349,,False
101990961244800083,barometric_pressure_hpa,2026-08-07 08:00:00+00:00,,877.4663628045989,,False
101990961244800083,barometric_pressure_hpa,2026-08-07 09:00:00+00:00,,876.8231053279218,,False
101990961244800083,barometric_pressure_hpa,2026-08-07 10:00:00+00:00,,876.0270110724131,,False
101990961244800083,barometric_pressure_hpa,2026-08-07 11:00:00+00:00,,875.2089927458802,,False
101990961244800083,barometric_pressure_hpa,2026-08-07 12:00:00+00:00,,874.3266455063152,,False
101990961244800083,barometric_pressure_hpa,2026-08-07 13:00:00+00:00,,874.04282525144,,False
101990961244800083,barometric_pressure_hpa,2026-08-07 14:00:00+00:00,,874.2938753868457,,False
101990961244800083,barometric_pressure_hpa,2026-08-07 15:00:00+00:00,,874.9189023353714,,False
101990961244800083,barometric_pressure_hpa,2026-08-07 16:00:00+00:00,,875.3427283885939,,False
101990961244800083,barometric_pressure_hpa,2026-08-07 17:00:00+00:00,,875.6866044850848,,False
101990961244800083,barometric_pressure_hpa,2026-08-07 18:00:00+00:00,,876.1808782958074,,False
101990961244800083,barometric_pressure_hpa,2026-08-07 19:00:00+00:00,,876.5949046716635,,False
101990961244800083,barometric_pressure_hpa,2026-08-07 20:00:00+00:00,,876.7090661358636,,False
101990961244800083,barometric_pressure_hpa,2026-08-07 21:00:00+00:00,,876.6601447712419,,False
101990961244800083,barometric_pressure_hpa,2026-08-07 22:00:00+00:00,,876.2543580184408,,False
101990961244800083,barometric_pressure_hpa,2026-08-07 23:00:00+00:00,,875.8331671018407,,False
101990961244800083,barometric_pressure_hpa,2026-08-08 00:00:00+00:00,,875.6031846893485,,False
101990961244800083,barometric_pressure_hpa,2026-08-08 01:00:00+00:00,,875.673615446657,,False
101990961244800083,barometric_pressure_hpa,2026-08-08 02:00:00+00:00,,876.0093344750893,,False
101990961244800083,barometric_pressure_hpa,2026-08-08 03:00:00+00:00,,876.4236652923022,,False
101990961244800083,barometric_pressure_hpa,2026-08-08 04:00:00+00:00,,877.0307081268138,,False
101990961244800083,barometric_pressure_hpa,2026-08-08 05:00:00+00:00,,877.3452185561258,,False
101990961244800083,barometric_pressure_hpa,2026-08-08 06:00:00+00:00,,877.6427044825153,,False
101990961244800083,barometric_pressure_hpa,2026-08-08 07:00:00+00:00,,877.6948484593505,,False
101990961244800083,barometric_pressure_hpa,2026-08-08 08:00:00+00:00,,877.3102070511371,,False
101990961244800083,barometric_pressure_hpa,2026-08-08 09:00:00+00:00,,876.6708473645016,,False
101990961244800083,barometric_pressure_hpa,2026-08-08 10:00:00+00:00,,875.878539183483,,False
101990961244800083,barometric_pressure_hpa,2026-08-08 11:00:00+00:00,,875.0642001464951,,False
101990961244800083,barometric_pressure_hpa,2026-08-08 12:00:00+00:00,,874.1854310642246,,False
101990961244800083,barometric_pressure_hpa,2026-08-08 13:00:00+00:00,,873.9057348110172,,False
101990961244800083,barometric_pressure_hpa,2026-08-08 14:00:00+00:00,,874.1608064413863,,False
101990961244800083,barometric_pressure_hpa,2026-08-08 15:00:00+00:00,,874.7897592996153,,False
101990961244800083,barometric_pressure_hpa,2026-08-08 16:00:00+00:00,,875.2180833925995,,False
101990961244800083,barometric_pressure_hpa,2026-08-08 17:00:00+00:00,,875.5652508562769,,False
101990961244800083,barometric_pressure_hpa,2026-08-08 18:00:00+00:00,,876.0627293457558,,False
101990961244800083,barometric_pressure_hpa,2026-08-08 19:00:00+00:00,,876.4798731031003,,False
101990961244800083,barometric_pressure_hpa,2026-08-08 20:00:00+00:00,,876.5970700825047,,False
101990961244800083,barometric_pressure_hpa,2026-08-08 21:00:00+00:00,,876.5511037429732,,False
101990961244800083,barometric_pressure_hpa,2026-08-08 22:00:00+00:00,,876.1481936488864,,False
101990961244800083,barometric_pressure_hpa,2026-08-08 23:00:00+00:00,,875.729803092042,,False
101990961244800083,barometric_pressure_hpa,2026-08-09 00:00:00+00:00,,875.5025467529294,,False
101990961244800083,barometric_pressure_hpa,2026-08-09 01:00:00+00:00,,875.5756312564351,,False
101990961244800083,barometric_pressure_hpa,2026-08-09 02:00:00+00:00,,875.9139336110951,,False
101990961244800083,barometric_pressure_hpa,2026-08-09 03:00:00+00:00,,876.3307791911694,,False
101990961244800083,barometric_pressure_hpa,2026-08-09 04:00:00+00:00,,876.9402700325036,,False
101990961244800083,barometric_pressure_hpa,2026-08-09 05:00:00+00:00,,877.2571634719502,,False
101990961244800083,barometric_pressure_hpa,2026-08-09 06:00:00+00:00,,877.5569691432993,,False
101990961244800083,barometric_pressure_hpa,2026-08-09 07:00:00+00:00,,877.6113712481349,,False
101990961244800083,barometric_pressure_hpa,2026-08-09 08:00:00+00:00,,877.2289279686157,,False
101990961244800083,barometric_pressure_hpa,2026-08-09 09:00:00+00:00,,876.5917080442259,,False
101990961244800083,barometric_pressure_hpa,2026-08-09 10:00:00+00:00,,875.8014826488641,,False
101990961244800083,barometric_pressure_hpa,2026-08-09 11:00:00+00:00,,874.9891710144931,,False
101990961244800083,barometric_pressure_hpa,2026-08-09 12:00:00+00:00,,874.112375540498,,False
101990961244800083,barometric_pressure_hpa,2026-08-09 13:00:00+00:00,,873.8346287146876,,False
101990961244800083,barometric_pressure_hpa,2026-08-09 14:00:00+00:00,,874.091598495214,,False
101990961244800083,barometric_pressure_hpa,2026-08-09 15:00:00+00:00,,874.7223997669183,,False
101990961244800083,barometric_pressure_hpa,2026-08-09 16:00:00+00:00,,875.1525529566413,,False
101990961244800083,barometric_pressure_hpa,2026-08-09 17:00:00+00:00,,875.5014535443643,,False
101990961244800083,barometric_pressure_hpa,2026-08-09 18:00:00+00:00,,876.0006193306381,,False
101990961244800083,barometric_pressure_hpa,2026-08-09 19:00:00+00:00,,876.4194056427546,,False
101990961244800083,barometric_pressure_hpa,2026-08-09 20:00:00+00:00,,876.5382017549897,,False
101990961244800083,barometric_pressure_hpa,2026-08-09 21:00:00+00:00,,876.4937922403836,,False
101990961244800083,barometric_pressure_hpa,2026-08-09 22:00:00+00:00,,876.0923977821872,,False
101990961244800083,barometric_pressure_hpa,2026-08-09 23:00:00+00:00,,875.6754827614657,,False
101990961244800083,barometric_pressure_hpa,2026-08-10 00:00:00+00:00,,875.4496629191575,,False
101990961244800083,barometric_pressure_hpa,2026-08-10 01:00:00+00:00,,875.5241459125407,,False
101990961244800083,barometric_pressure_hpa,2026-08-10 02:00:00+00:00,,875.8638097552277,,False
101990961244800083,barometric_pressure_hpa,2026-08-10 03:00:00+00:00,,876.2819807999626,,False
101990961244800083,barometric_pressure_hpa,2026-08-10 04:00:00+00:00,,876.8927620351851,,False
101990961244800083,barometric_pressure_hpa,2026-08-10 05:00:00+00:00,,877.2109117251372,,False
101990961244800083,barometric_pressure_hpa,2026-08-10 06:00:00+00:00,,877.5119404072857,,False
101990961244800083,barometric_pressure_hpa,2026-08-10 07:00:00+00:00,,877.5675331613475,,False
101990961244800083,barometric_pressure_hpa,2026-08-10 08:00:00+00:00,,877.1862490249562,,False
101990961244800083,barometric_pressure_hpa,2026-08-10 09:00:00+00:00,,876.5501575729802,,False
101990961244800083,barometric_pressure_hpa,2026-08-10 10:00:00+00:00,,875.7610307838628,,False
101990961244800083,barometric_pressure_hpa,2026-08-10 11:00:00+00:00,,874.949788683351,,False
101990961244800083,barometric_pressure_hpa,2026-08-10 12:00:00+00:00,,874.0740344452493,,False
101990961244800083,barometric_pressure_hpa,2026-08-10 13:00:00+00:00,,873.7973025393252,,False
101990961244800083,barometric_pressure_hpa,2026-08-10 14:00:00+00:00,,874.0552604062765,,False
101990961244800083,barometric_pressure_hpa,2026-08-10 15:00:00+00:00,,874.6870236487864,,False
101990961244800083,barometric_pressure_hpa,2026-08-10 16:00:00+00:00,,875.1181146579111,,False
101990961244800083,barometric_pressure_hpa,2026-08-10 17:00:00+00:00,,875.4679261761382,,False
101990961244800083,barometric_pressure_hpa,2026-08-10 18:00:00+00:00,,875.9679787982392,,False
101990961244800083,barometric_pressure_hpa,2026-08-10 19:00:00+00:00,,876.3876284832885,,False
101990961244800083,barometric_pressure_hpa,2026-08-10 20:00:00+00:00,,876.5072651321651,,False
101990961244800083,barometric_pressure_hpa,2026-08-10 21:00:00+00:00,,876.46367392045,,False
101990961244800083,barometric_pressure_hpa,2026-08-10 22:00:00+00:00,,876.0630761194977,,False
101990961244800083,barometric_pressure_hpa,2026-08-10 23:00:00+00:00,,875.646936682921,,False
101990961244800083,barometric_pressure_hpa,2026-08-11 00:00:00+00:00,,875.4218719090603,,False
101990961244800083,barometric_pressure_hpa,2026-08-11 01:00:00+00:00,,875.4970899978517,,False
101990961244800083,barometric_pressure_hpa,2026-08-11 02:00:00+00:00,,875.8374694912112,,False
101990961244800083,barometric_pressure_hpa,2026-08-11 03:00:00+00:00,,876.2563372562116,,False
101990961244800083,barometric_pressure_hpa,2026-08-11 04:00:00+00:00,,876.8677967820167,,False
101990961244800083,barometric_pressure_hpa,2026-08-11 05:00:00+00:00,,877.186606820347,,False
101990961244800083,barometric_pressure_hpa,2026-08-11 06:00:00+00:00,,877.4882783832893,,False
101990961244800083,barometric_pressure_hpa,2026-08-11 07:00:00+00:00,,877.5444970125543,,False
101990961244800083,barometric_pressure_hpa,2026-08-11 08:00:00+00:00,,877.1638221955741,,False
101990961244800083,barometric_pressure_hpa,2026-08-11 09:00:00+00:00,,876.5283239452285,,False
101990961244800083,barometric_pressure_hpa,2026-08-11 10:00:00+00:00,,875.7397746660041,,False
101990961244800083,barometric_pressure_hpa,2026-08-11 11:00:00+00:00,,874.9290947988817,,False
101990961244800083,barometric_pressure_hpa,2026-08-11 12:00:00+00:00,,874.0538879219878,,False
101990961244800083,barometric_pressure_hpa,2026-08-11 13:00:00+00:00,,873.7776889524472,,False
101990961244800083,barometric_pressure_hpa,2026-08-11 14:00:00+00:00,,874.0361656594175,,False
101990961244800083,barometric_pressure_hpa,2026-08-11 15:00:00+00:00,,874.668434018803,,False
101990961244800083,barometric_pressure_hpa,2026-08-11 16:00:00+00:00,,875.1000168403733,,False
101990961244800083,barometric_pressure_hpa,2026-08-11 17:00:00+00:00,,875.45030707081,,False
101990961244800083,barometric_pressure_hpa,2026-08-11 18:00:00+00:00,,875.9508257425416,,False
101990961244800083,barometric_pressure_hpa,2026-08-11 19:00:00+00:00,,876.3709291493427,,False
101990961244800083,barometric_pressure_hpa,2026-08-11 20:00:00+00:00,,876.4910075184433,,False
101990961244800083,barometric_pressure_hpa,2026-08-11 21:00:00+00:00,,876.4478463428156,,False
101990961244800083,barometric_pressure_hpa,2026-08-11 22:00:00+00:00,,876.0476672028756,,False
101990961244800083,barometric_pressure_hpa,2026-08-11 23:00:00+00:00,,875.6319353531221,,False
101990961244800083,barometric_pressure_hpa,2026-08-12 00:00:00+00:00,,875.4072673848231,,False
101990961244800083,barometric_pressure_hpa,2026-08-12 01:00:00+00:00,,875.4828717830936,,False
101990961244800083,barometric_pressure_hpa,2026-08-12 02:00:00+00:00,,875.8236273674853,,False
101990961244800083,barometric_pressure_hpa,2026-08-12 03:00:00+00:00,,876.2428612753627,,False
101990961244800083,barometric_pressure_hpa,2026-08-12 04:00:00+00:00,,876.8546772590317,,False
101990961244800083,barometric_pressure_hpa,2026-08-12 05:00:00+00:00,,877.1738343263946,,False
101990961244800083,barometric_pressure_hpa,2026-08-12 06:00:00+00:00,,877.475843738945,,False
101990961244800083,barometric_pressure_hpa,2026-08-12 07:00:00+00:00,,877.5323912811999,,False
101990961244800083,barometric_pressure_hpa,2026-08-12 08:00:00+00:00,,877.1520366769769,,False
101990961244800083,barometric_pressure_hpa,2026-08-12 09:00:00+00:00,,876.5168501692929,,False
101990961244800083,barometric_pressure_hpa,2026-08-12 10:00:00+00:00,,875.7286043866673,,False
101990961244800083,barometric_pressure_hpa,2026-08-12 11:00:00+00:00,,874.9182199882081,,False
101990961244800083,barometric_pressure_hpa,2026-08-12 12:00:00+00:00,,874.0433007644025,,False
101990961244800083,barometric_pressure_hpa,2026-08-12 13:00:00+00:00,874.6,873.7673818414695,,False
101990961244800083,barometric_pressure_hpa,2026-08-12 14:00:00+00:00,,874.840506724264,874.6,False
101990961244800083,barometric_pressure_hpa,2026-08-12 15:00:00+00:00,,875.4553764840919,,False
101990961244800083,barometric_pressure_hpa,2026-08-12 16:00:00+00:00,875.7,875.870199147853,,False
101990961244800083,barometric_pressure_hpa,2026-08-12 17:00:00+00:00,876.3,876.0391023574998,875.7,True
101990961244800083,barometric_pressure_hpa,2026-08-12 18:00:00+00:00,,876.782504881867,876.3,False
101990961244800083,barometric_pressure_hpa,2026-08-12 19:00:00+00:00,,877.185213140999,,False
101990961244800083,barometric_pressure_hpa,2026-08-12 20:00:00+00:00,,877.2885380227265,,False
101990961244800083,barometric_pressure_hpa,2026-08-12 21:00:00+00:00,,877.2291965356925,,False
101990961244800083,barometric_pressure_hpa,2026-08-12 22:00:00+00:00,,876.8133985263889,,False
101990961244800083,barometric_pressure_hpa,2026-08-12 23:00:00+00:00,,876.3825981251825,,False
101990961244800083,barometric_pressure_hpa,2026-08-13 00:00:00+00:00,,876.1434010957976,,False
101990961244800083,barometric_pressure_hpa,2026-08-13 01:00:00+00:00,,876.2050054813011,,False
101990961244800083,barometric_pressure_hpa,2026-08-13 02:00:00+00:00,,876.5322800410692,,False
101990961244800083,barometric_pressure_hpa,2026-08-13 03:00:00+00:00,,876.9385422238281,,False
101990961244800083,barometric_pressure_hpa,2026-08-13 04:00:00+00:00,,877.5378864556328,,False
101990961244800083,barometric_pressure_hpa,2026-08-13 05:00:00+00:00,,877.8450641397862,,False
101990961244800083,barometric_pressure_hpa,2026-08-13 06:00:00+00:00,,878.1355745374808,,False
101990961244800083,barometric_pressure_hpa,2026-08-13 07:00:00+00:00,,878.181097283911,,False
101990961244800083,barometric_pressure_hpa,2026-08-13 08:00:00+00:00,,877.7901862842643,,False
101990961244800083,barometric_pressure_hpa,2026-08-13 09:00:00+00:00,878.2,877.1449019733284,,False
101990961244800083,barometric_pressure_hpa,2026-08-13 10:00:00+00:00,877.475,877.3713199324782,878.2,True
101990961244800083,barometric_pressure_hpa,2026-08-13 11:00:00+00:00,876.25,876.6220680768826,877.475,True
101990961244800083,barometric_pressure_hpa,2026-08-13 12:00:00+00:00,875.575,875.3451979425628,876.25,True
101990961244800083,barometric_pressure_hpa,2026-08-13 13:00:00+00:00,875.2,875.2638347594142,875.575,True
101990961244800083,barometric_pressure_hpa,2026-08-13 14:00:00+00:00,876.225,875.415333136291,875.2,True
101990961244800083,barometric_pressure_hpa,2026-08-13 15:00:00+00:00,876.55,876.7833895699192,876.225,True
101990961244800083,barometric_pressure_hpa,2026-08-13 16:00:00+00:00,877.175,876.9223171910401,876.55,True
101990961244800083,barometric_pressure_hpa,2026-08-13 17:00:00+00:00,877.3399999999999,877.5095582107575,877.175,True
101990961244800083,barometric_pressure_hpa,2026-08-13 18:00:00+00:00,877.125,877.8016170889803,877.3399999999999,True
101990961244800083,barometric_pressure_hpa,2026-08-13 19:00:00+00:00,877.8,877.5266225018174,877.125,True
101990961244800083,barometric_pressure_hpa,2026-08-13 20:00:00+00:00,877.725,877.8949437953004,877.8,True
101990961244800083,barometric_pressure_hpa,2026-08-13 21:00:00+00:00,877.4,877.6626920791581,877.725,True
101990961244800083,barometric_pressure_hpa,2026-08-13 22:00:00+00:00,,876.9895687056691,877.4,False
101990961244800083,barometric_pressure_hpa,2026-08-13 23:00:00+00:00,,876.5642619182859,,False
101990961244800083,barometric_pressure_hpa,2026-08-14 00:00:00+00:00,,876.3306891719105,,False
101990961244800083,barometric_pressure_hpa,2026-08-14 01:00:00+00:00,,876.3980525582142,,False
101990961244800083,barometric_pressure_hpa,2026-08-14 02:00:00+00:00,,876.7312248592186,,False
101990961244800083,barometric_pressure_hpa,2026-08-14 03:00:00+00:00,,877.14352776228,,False
101990961244800083,barometric_pressure_hpa,2026-08-14 04:00:00+00:00,877.3,877.7490603262628,,False
101990961244800083,barometric_pressure_hpa,2026-08-14 05:00:00+00:00,877.9,877.6294465277731,877.3,True
101990961244800083,barometric_pressure_hpa,2026-08-14 06:00:00+00:00,878.1666666666666,878.2011601301906,877.9,True
101990961244800083,barometric_pressure_hpa,2026-08-14 07:00:00+00:00,878.025,878.2236432254067,878.1666666666666,True
101990961244800083,barometric_pressure_hpa,2026-08-14 08:00:00+00:00,877.4799999999999,877.6514516313019,878.025,True
101990961244800083,barometric_pressure_hpa,2026-08-14 09:00:00+00:00,876.7666666666668,876.8571765558515,877.4799999999999,True
101990961244800083,barometric_pressure_hpa,2026-08-14 10:00:00+00:00,876.075,875.9940451782655,876.7666666666668,True
101990961244800083,barometric_pressure_hpa,2026-08-14 11:00:00+00:00,875.3,875.2045380846856,876.075,True
101990961244800083,barometric_pressure_hpa,2026-08-14 12:00:00+00:00,874.4,874.4530914766649,875.3,True
101990961244800083,barometric_pressure_hpa,2026-08-14 13:00:00+00:00,874.0,874.1101210179577,874.4,True
101990961244800083,barometric_pressure_hpa,2026-08-14 14:00:00+00:00,873.975,874.3646781301422,874.0,True
101990961244800083,barometric_pressure_hpa,2026-08-14 15:00:00+00:00,874.25,874.5657264743672,873.975,True
101990961244800083,barometric_pressure_hpa,2026-08-14 16:00:00+00:00,874.475,874.7235111197085,874.25,True
101990961244800083,barometric_pressure_hpa,2026-08-14 17:00:00+00:00,874.72,874.8504112922217,874.475,True
101990961244800083,barometric_pressure_hpa,2026-08-14 18:00:00+00:00,875.35,875.1505988540421,874.72,True
101990961244800083,barometric_pressure_hpa,2026-08-14 19:00:00+00:00,875.8499999999999,875.8387758607112,875.35,True
101990961244800083,barometric_pressure_hpa,2026-08-14 20:00:00+00:00,875.9399999999999,875.9688824428705,875.8499999999999,True
101990961244800083,barometric_pressure_hpa,2026-08-14 21:00:00+00:00,875.6,875.8802895037136,875.9399999999999,True
101990961244800083,barometric_pressure_hpa,2026-08-14 22:00:00+00:00,,875.2251487935267,875.6,False
101990961244800083,barometric_pressure_hpa,2026-08-14 23:00:00+00:00,,874.8341506953489,,False
101990961244800083,barometric_pressure_hpa,2026-08-15 00:00:00+00:00,,874.6336419576498,,False
101990961244800083,barometric_pressure_hpa,2026-08-15 01:00:00+00:00,,874.7328481164008,,False
101990961244800083,barometric_pressure_hpa,2026-08-15 02:00:00+00:00,,875.0966664289701,,False
101990961244800083,barometric_pressure_hpa,2026-08-15 03:00:00+00:00,,875.538440607607,,False
101990961244800083,barometric_pressure_hpa,2026-08-15 04:00:00+00:00,876.2,876.1722869058256,,False
101990961244800083,barometric_pressure_hpa,2026-08-15 05:00:00+00:00,876.6,876.6066223456147,876.2,True
101990961244800083,barometric_pressure_hpa,2026-08-15 06:00:00+00:00,876.975,876.9291271356385,876.6,True
101990961244800083,barometric_pressure_hpa,2026-08-15 07:00:00+00:00,876.9,877.0309585788133,876.975,True
101990961244800083,barometric_pressure_hpa,2026-08-15 08:00:00+00:00,876.575,876.5280153816807,876.9,True
101990961244800083,barometric_pressure_hpa,2026-08-15 09:00:00+00:00,876.05,875.959449327259,876.575,True
101990961244800083,barometric_pressure_hpa,2026-08-15 10:00:00+00:00,875.225,875.3041902666239,876.05,True
101990961244800083,barometric_pressure_hpa,2026-08-15 11:00:00+00:00,874.1666666666666,874.4051455891411,875.225,True
101990961244800083,barometric_pressure_hpa,2026-08-15 12:00:00+00:00,873.675,873.3353969223114,874.1666666666666,True
101990961244800083,barometric_pressure_hpa,2026-08-15 13:00:00+00:00,873.125,873.3931434077109,873.675,True
101990961244800083,barometric_pressure_hpa,2026-08-15 14:00:00+00:00,873.26,873.4338828068944,873.125,True
101990961244800083,barometric_pressure_hpa,2026-08-15 15:00:00+00:00,873.9799999999999,873.8387442957883,873.26,True
101990961244800083,barometric_pressure_hpa,2026-08-15 16:00:00+00:00,874.32,874.4196034978916,873.9799999999999,True
101990961244800083,barometric_pressure_hpa,2026-08-15 17:00:00+00:00,874.725,874.6890396875013,874.32,True
101990961244800083,barometric_pressure_hpa,2026-08-15 18:00:00+00:00,875.275,875.2084497658672,874.725,True
101990961244800083,barometric_pressure_hpa,2026-08-15 19:00:00+00:00,875.76,875.7575021085452,875.275,True
101990961244800083,barometric_pressure_hpa,2026-08-15 20:00:00+00:00,875.8,875.8836892432967,875.76,True
101990961244800083,barometric_pressure_hpa,2026-08-15 21:00:00+00:00,875.8499999999999,875.7107034352775,875.8,True
101990961244800083,barometric_pressure_hpa,2026-08-15 22:00:00+00:00,,875.4712335416357,875.8499999999999,False
101990961244800083,barometric_pressure_hpa,2026-08-15 23:00:00+00:00,,875.0764970408052,,False
101990961244800083,barometric_pressure_hpa,2026-08-16 00:00:00+00:00,,874.8724240683216,,False
101990961244800083,barometric_pressure_hpa,2026-08-16 01:00:00+00:00,,874.9682376100683,,False
101990961244800083,barometric_pressure_hpa,2026-08-16 02:00:00+00:00,,875.3288324770162,,False
101990961244800083,barometric_pressure_hpa,2026-08-16 03:00:00+00:00,,875.7675500647656,,False
101990961244800083,barometric_pressure_hpa,2026-08-16 04:00:00+00:00,,876.3985044505707,,False
101990961244800083,barometric_pressure_hpa,2026-08-16 05:00:00+00:00,876.8,876.788982923164,,False
101990961244800083,barometric_pressure_hpa,2026-08-16 06:00:00+00:00,877.24,877.1320388807944,876.8,True
101990961244800083,barometric_pressure_hpa,2026-08-16 07:00:00+00:00,877.325,877.2772470555002,877.24,True
101990961244800083,barometric_pressure_hpa,2026-08-16 08:00:00+00:00,877.0,876.9541943508935,877.325,True
101990961244800083,barometric_pressure_hpa,2026-08-16 09:00:00+00:00,876.5200000000001,876.3887122781612,877.0,True
101990961244800083,barometric_pressure_hpa,2026-08-16 10:00:00+00:00,875.625,875.7485112080308,876.5200000000001,True
101990961244800083,barometric_pressure_hpa,2026-08-16 11:00:00+00:00,874.775,874.76030666261,875.625,True
101990961244800083,barometric_pressure_hpa,2026-08-16 12:00:00+00:00,873.9499999999999,873.9733819427311,874.775,True
101990961244800083,barometric_pressure_hpa,2026-08-16 13:00:00+00:00,873.3333333333334,873.6306476886988,873.9499999999999,True
101990961244800083,barometric_pressure_hpa,2026-08-16 14:00:00+00:00,873.7,873.6276825695627,873.3333333333334,True
101990961244800083,barometric_pressure_hpa,2026-08-16 15:00:00+00:00,874.125,874.2980268281999,873.7,True
101990961244800083,barometric_pressure_hpa,2026-08-16 16:00:00+00:00,874.875,874.5575996250058,874.125,True
101990961244800083,barometric_pressure_hpa,2026-08-16 17:00:00+00:00,875.1,875.2389222003484,874.875,True
101990961244800083,barometric_pressure_hpa,2026-08-16 18:00:00+00:00,875.8,875.5757581221708,875.1,True
101990961244800083,barometric_pressure_hpa,2026-08-16 19:00:00+00:00,876.525,876.2677385540497,875.8,True
101990961244800083,barometric_pressure_hpa,2026-08-16 20:00:00+00:00,876.7,876.6172528962253,876.525,True
101990961244800083,barometric_pressure_hpa,2026-08-16 21:00:00+00:00,876.6,876.6172105934606,876.7,True
101990961244800083,barometric_pressure_hpa,2026-08-16 22:00:00+00:00,,876.2008069387084,876.6,False
101990961244800083,barometric_pressure_hpa,2026-08-16 23:00:00+00:00,,875.7861681468337,,False
101990961244800083,barometric_pressure_hpa,2026-08-17 00:00:00+00:00,,875.5627029059386,,False
101990961244800083,barometric_pressure_hpa,2026-08-17 01:00:00+00:00,,875.639620273541,,False
101990961244800083,barometric_pressure_hpa,2026-08-17 02:00:00+00:00,,875.9818014803761,,False
101990961244800083,barometric_pressure_hpa,2026-08-17 03:00:00+00:00,,876.4025746883852,,False
101990961244800083,barometric_pressure_hpa,2026-08-17 04:00:00+00:00,,877.016041077928,,False
101990961244800083,barometric_pressure_hpa,2026-08-17 05:00:00+00:00,876.725,877.3893430914429,,False
101990961244800083,barometric_pressure_hpa,2026-08-17 06:00:00+00:00,877.2333333333332,877.0728938000705,876.725,True
101990961244800083,barometric_pressure_hpa,2026-08-17 07:00:00+00:00,877.3399999999999,877.2823988564296,877.2333333333332,True
101990961244800083,barometric_pressure_hpa,2026-08-17 08:00:00+00:00,876.9,876.9736316534936,877.3399999999999,True
101990961244800083,barometric_pressure_hpa,2026-08-17 09:00:00+00:00,876.1,876.3061797257997,876.9,True
101990961244800083,barometric_pressure_hpa,2026-08-17 10:00:00+00:00,875.14,875.327117038694,876.1,True
101990961244800083,barometric_pressure_hpa,2026-08-17 11:00:00+00:00,873.875,874.3001677628151,875.14,True
101990961244800083,barometric_pressure_hpa,2026-08-17 12:00:00+00:00,873.9399999999999,873.0827837176596,873.875,True
101990961244800083,barometric_pressure_hpa,2026-08-17 13:00:00+00:00,873.55,873.5936628471732,873.9399999999999,True
101990961244800083,barometric_pressure_hpa,2026-08-17 14:00:00+00:00,874.625,873.855254054151,873.55,True
101990961244800083,barometric_pressure_hpa,2026-08-17 15:00:00+00:00,875.025,875.1683621182456,874.625,True
101990961244800083,barometric_pressure_hpa,2026-08-17 16:00:00+00:00,875.0,875.4761804506722,875.025,True
101990961244800083,barometric_pressure_hpa,2026-08-17 17:00:00+00:00,875.4499999999999,875.3429408634785,875.0,True
101990961244800083,barometric_pressure_hpa,2026-08-17 18:00:00+00:00,875.9,875.9428034158489,875.4499999999999,True
101990961244800083,barometric_pressure_hpa,2026-08-17 19:00:00+00:00,876.26,876.3988463703106,875.9,True
101990961244800083,barometric_pressure_hpa,2026-08-17 20:00:00+00:00,876.74,876.3745878280585,876.26,True
101990961244800083,barometric_pressure_hpa,2026-08-17 21:00:00+00:00,876.5,876.6498705840152,876.74,True
101990961244800083,barometric_pressure_hpa,2026-08-17 22:00:00+00:00,,876.0929059955392,876.5,False
101990961244800083,barometric_pressure_hpa,2026-08-17 23:00:00+00:00,,875.670288667368,,False
101990961244800083,barometric_pressure_hpa,2026-08-18 00:00:00+00:00,,875.4387615914949,,False
101990961244800083,barometric_pressure_hpa,2026-08-18 01:00:00+00:00,,875.5075280504661,,False
101990961244800083,barometric_pressure_hpa,2026-08-18 02:00:00+00:00,,875.841463415699,,False
101990961244800083,barometric_pressure_hpa,2026-08-18 03:00:00+00:00,,876.253889922955,,False
101990961244800083,barometric_pressure_hpa,2026-08-18 04:00:00+00:00,,876.8589027573503,,False
101990961244800083,barometric_pressure_hpa,2026-08-18 05:00:00+00:00,877.125,877.2235970464419,,False
101990961244800083,barometric_pressure_hpa,2026-08-18 06:00:00+00:00,877.3499999999999,877.4796377074625,877.125,True
101990961244800083,barometric_pressure_hpa,2026-08-18 07:00:00+00:00,877.0,877.4024519449412,877.3499999999999,True
101990961244800083,barometric_pressure_hpa,2026-08-18 08:00:00+00:00,876.625,876.6321035126863,877.0,True
101990961244800083,barometric_pressure_hpa,2026-08-18 09:00:00+00:00,875.95,876.0072300255034,876.625,True
101990961244800083,barometric_pressure_hpa,2026-08-18 10:00:00+00:00,874.7142857142857,875.1635732505019,875.95,True
101990961244800083,barometric_pressure_hpa,2026-08-18 11:00:00+00:00,873.78,873.8338731523208,874.7142857142857,True
101990961244800083,barometric_pressure_hpa,2026-08-18 12:00:00+00:00,873.1750000000001,873.0966558200822,873.78,True
101990961244800083,barometric_pressure_hpa,2026-08-18 13:00:00+00:00,872.8,872.8554963110694,873.1750000000001,True
101990961244800083,barometric_pressure_hpa,2026-08-18 14:00:00+00:00,873.74,873.2182477451018,872.8,True
101990961244800083,barometric_pressure_hpa,2026-08-18 15:00:00+00:00,874.55,874.2949334079079,873.74,True
101990961244800083,barometric_pressure_hpa,2026-08-18 16:00:00+00:00,874.8499999999999,874.9439056851298,874.55,True
101990961244800083,barometric_pressure_hpa,2026-08-18 17:00:00+00:00,874.725,875.2153080009151,874.8499999999999,True
101990961244800083,barometric_pressure_hpa,2026-08-18 18:00:00+00:00,875.2,875.2235998210638,874.725,True
101990961244800083,barometric_pressure_hpa,2026-08-18 19:00:00+00:00,876.025,875.6907052521152,875.2,True
101990961244800083,barometric_pressure_hpa,2026-08-18 20:00:00+00:00,876.05,876.1914698804292,876.025,True
101990961244800083,barometric_pressure_hpa,2026-08-18 21:00:00+00:00,,875.9594225519357,876.05,False
101990961244800083,barometric_pressure_hpa,2026-08-18 22:00:00+00:00,,875.5690382023392,,False
101990961244800083,barometric_pressure_hpa,2026-08-18 23:00:00+00:00,,875.1627540471677,,False
101990961244800083,barometric_pressure_hpa,2026-08-19 00:00:00+00:00,,874.9471953915086,,False
101990961244800083,barometric_pressure_hpa,2026-08-19 01:00:00+00:00,,875.031576988698,,False
101990961244800083,barometric_pressure_hpa,2026-08-19 02:00:00+00:00,,875.3807854322806,,False
101990961244800083,barometric_pressure_hpa,2026-08-19 03:00:00+00:00,,875.8081539345817,,False
101990961244800083,barometric_pressure_hpa,2026-08-19 04:00:00+00:00,,876.4277884200138,,False
101990961244800083,barometric_pressure_hpa,2026-08-19 05:00:00+00:00,877.0,876.8068011991716,,False
101990961244800083,barometric_pressure_hpa,2026-08-19 06:00:00+00:00,877.55,877.3359385881677,877.0,True
101990961244800083,barometric_pressure_hpa,2026-08-19 07:00:00+00:00,877.8,877.5434813778612,877.55,True
101990961244800083,barometric_pressure_hpa,2026-08-19 08:00:00+00:00,877.8666666666667,877.4123731320676,877.8,True
101990961244800083,barometric_pressure_hpa,2026-08-19 09:00:00+00:00,,877.2154511602944,877.8666666666667,False
101990961244800083,barometric_pressure_hpa,2026-08-19 10:00:00+00:00,876.35,876.347101139681,,False
101990961244800083,barometric_pressure_hpa,2026-08-19 11:00:00+00:00,874.8,875.4352602117399,876.35,True
101990961244800083,barometric_pressure_hpa,2026-08-19 12:00:00+00:00,873.9,874.0658876833871,874.8,True
101990961244800083,barometric_pressure_hpa,2026-08-19 13:00:00+00:00,,873.5562099275008,873.9,False
101990961244800083,barometric_pressure_hpa,2026-08-19 14:00:00+00:00,873.4,873.9864911592475,,False
101990961244800083,barometric_pressure_hpa,2026-08-19 15:00:00+00:00,,874.0018262574685,873.4,False
101990961244800083,barometric_pressure_hpa,2026-08-19 16:00:00+00:00,,874.4174758824556,,False
101990961244800083,barometric_pressure_hpa,2026-08-19 17:00:00+00:00,875.5,874.7327126334393,,False
101990961244800083,barometric_pressure_hpa,2026-08-19 18:00:00+00:00,876.8,875.9759943407408,875.5,True
101990961244800083,barometric_pressure_hpa,2026-08-19 19:00:00+00:00,877.2,877.2936343459387,876.8,True
101990961244800083,barometric_pressure_hpa,2026-08-19 20:00:00+00:00,877.2,877.3024729552352,877.2,True
101990961244800083,barometric_pressure_hpa,2026-08-19 21:00:00+00:00,,877.0865434338616,877.2,False
101990961244800083,barometric_pressure_hpa,2026-08-19 22:00:00+00:00,,876.6688354328127,,False
101990961244800083,barometric_pressure_hpa,2026-08-19 23:00:00+00:00,,876.2360180059231,,False
101990961244800083,barometric_pressure_hpa,2026-08-20 00:00:00+00:00,,875.994697407899,,False
101990961244800083,barometric_pressure_hpa,2026-08-20 01:00:00+00:00,,876.0540698876144,,False
101990961244800083,barometric_pressure_hpa,2026-08-20 02:00:00+00:00,,876.3790040661369,,False
101990961244800083,barometric_pressure_hpa,2026-08-20 03:00:00+00:00,,876.7828157101916,,False
101990961244800083,barometric_pressure_hpa,2026-08-20 04:00:00+00:00,,877.3795938110432,,False
101990961244800083,barometric_pressure_hpa,2026-08-20 05:00:00+00:00,,877.7364362983691,,False
101990961244800083,barometric_pressure_hpa,2026-08-20 06:00:00+00:00,,878.0837054556798,,False
101990961244800083,barometric_pressure_hpa,2026-08-20 07:00:00+00:00,,878.1097305466465,,False
101990961244800083,barometric_pressure_hpa,2026-08-20 08:00:00+00:00,,877.7701856507595,,False
101990961244800083,barometric_pressure_hpa,2026-08-20 09:00:00+00:00,878.0,877.1242371905387,,False
101990961244800083,barometric_pressure_hpa,2026-08-20 10:00:00+00:00,877.3,877.1288470659259,878.0,True
101990961244800083,barometric_pressure_hpa,2026-08-20 11:00:00+00:00,876.0,876.2862352988886,877.3,True
101990961244800083,barometric_pressure_hpa,2026-08-20 12:00:00+00:00,875.15,875.2095800336449,876.0,True
101990961244800083,barometric_pressure_hpa,2026-08-20 13:00:00+00:00,875.0,874.7402813670785,875.15,True
101990961244800083,barometric_pressure_hpa,2026-08-20 14:00:00+00:00,876.2,875.3321458881749,875.0,True
101990961244800083,barometric_pressure_hpa,2026-08-20 15:00:00+00:00,876.0,876.7450566284531,876.2,True
101990961244800083,barometric_pressure_hpa,2026-08-20 16:00:00+00:00,876.1,876.4003129071244,876.0,True
101990961244800083,barometric_pressure_hpa,2026-08-20 17:00:00+00:00,876.875,876.4252250635699,876.1,True
101990961244800083,barometric_pressure_hpa,2026-08-20 18:00:00+00:00,877.5333333333333,877.4136752598885,876.875,True
101990961244800083,barometric_pressure_hpa,2026-08-20 19:00:00+00:00,878.1,877.9829694255438,877.5333333333333,True
101990961244800083,barometric_pressure_hpa,2026-08-20 20:00:00+00:00,,878.1697446895708,878.1,False
101990961244800083,barometric_pressure_hpa,2026-08-20 21:00:00+00:00,,878.0372519536568,,False
101990961244800083,barometric_pressure_hpa,2026-08-20 22:00:00+00:00,,877.6009610718781,,False
101990961244800083,barometric_pressure_hpa,2026-08-20 23:00:00+00:00,,877.1502306706113,,False
101990961244800083,barometric_pressure_hpa,2026-08-21 00:00:00+00:00,,876.8916541309135,,False
101990961244800083,barometric_pressure_hpa,2026-08-21 01:00:00+00:00,,876.9344152998416,,False
101990961244800083,barometric_pressure_hpa,2026-08-21 02:00:00+00:00,,877.2433708604312,,False
101990961244800083,barometric_pressure_hpa,2026-08-21 03:00:00+00:00,,877.6318250957821,,False
101990961244800083,barometric_pressure_hpa,2026-08-21 04:00:00+00:00,,878.21385595923,,False
101990961244800083,barometric_pressure_hpa,2026-08-21 05:00:00+00:00,,878.5565516116752,,False
101990961244800083,barometric_pressure_hpa,2026-08-21 06:00:00+00:00,,878.8832951654861,,False
101990961244800083,barometric_pressure_hpa,2026-08-21 07:00:00+00:00,878.4,878.8884111248917,,False
101990961244800083,barometric_pressure_hpa,2026-08-21 08:00:00+00:00,878.1,878.0461020667304,878.4,True
101990961244800083,barometric_pressure_hpa,2026-08-21 09:00:00+00:00,,877.4559302429943,878.1,False
101990961244800083,barometric_pressure_hpa,2026-08-21 10:00:00+00:00,876.5,876.6215454364497,,False
101990961244800083,barometric_pressure_hpa,2026-08-21 11:00:00+00:00,,875.4985866534732,876.5,False
101990961244800083,barometric_pressure_hpa,2026-08-21 12:00:00+00:00,874.8,874.7206122972254,,False
101990961244800083,barometric_pressure_hpa,2026-08-21 13:00:00+00:00,874.5,874.4386539727143,874.8,True
101990961244800083,barometric_pressure_hpa,2026-08-21 14:00:00+00:00,874.6333333333333,874.9624121978719,874.5,True
101990961244800083,barometric_pressure_hpa,2026-08-21 15:00:00+00:00,875.3,875.1193427371095,874.6333333333333,True
101990961244800083,barometric_pressure_hpa,2026-08-21 16:00:00+00:00,875.9,875.6704269744299,875.3,True
101990961244800083,barometric_pressure_hpa,2026-08-21 17:00:00+00:00,876.2,876.2721309447234,875.9,True
101990961244800083,barometric_pressure_hpa,2026-08-21 18:00:00+00:00,,876.7390883302861,876.2,False
101990961244800083,barometric_pressure_hpa,2026-08-21 19:00:00+00:00,,877.2268566073677,,False
101990961244800083,barometric_pressure_hpa,2026-08-21 20:00:00+00:00,,877.319294975638,,False
101990961244800083,barometric_pressure_hpa,2026-08-21 21:00:00+00:00,,877.2019977032982,,False
101990961244800083,barometric_pressure_hpa,2026-08-21 22:00:00+00:00,,876.7802919239864,,False
101990961244800083,barometric_pressure_hpa,2026-08-21 23:00:00+00:00,,876.3435568201826,,False
101990961244800083,barometric_pressure_hpa,2026-08-22 00:00:00+00:00,,876.0983958316206,,False
101990961244800083,barometric_pressure_hpa,2026-08-22 01:00:00+00:00,,876.1540024469263,,False
101990961244800083,barometric_pressure_hpa,2026-08-22 02:00:00+00:00,,876.4752425812761,,False
101990961244800083,barometric_pressure_hpa,2026-08-22 03:00:00+00:00,,876.8754293465336,,False
101990961244800083,barometric_pressure_hpa,2026-08-22 04:00:00+00:00,,877.4686491273388,,False
101990961244800083,barometric_pressure_hpa,2026-08-22 05:00:00+00:00,,877.8219983153293,,False
101990961244800083,barometric_pressure_hpa,2026-08-22 06:00:00+00:00,878.8,878.1585741564685,,False
101990961244800083,barometric_pressure_hpa,2026-08-22 07:00:00+00:00,,878.7956924994066,878.8,False
101990961244800083,barometric_pressure_hpa,2026-08-22 08:00:00+00:00,,878.4330677606574,,False
101990961244800083,barometric_pressure_hpa,2026-08-22 09:00:00+00:00,878.2,877.76796951137,,False
101990961244800083,barometric_pressure_hpa,2026-08-22 10:00:00+00:00,877.35,877.3302052766817,878.2,True
101990961244800083,barometric_pressure_hpa,2026-08-22 11:00:00+00:00,876.15,876.3422960969455,877.35,True
101990961244800083,barometric_pressure_hpa,2026-08-22 12:00:00+00:00,875.2,875.36282220303,876.15,True
101990961244800083,barometric_pressure_hpa,2026-08-22 13:00:00+00:00,875.1666666666666,874.8260580997147,875.2,True
101990961244800083,barometric_pressure_hpa,2026-08-22 14:00:00+00:00,875.3,875.538810309504,875.1666666666666,True
101990961244800083,barometric_pressure_hpa,2026-08-22 15:00:00+00:00,,875.8174889131459,875.3,False
101990961244800083,barometric_pressure_hpa,2026-08-22 16:00:00+00:00,877.4,876.2118484319215,,False
101990961244800083,barometric_pressure_hpa,2026-08-22 17:00:00+00:00,877.2333333333332,877.7041466086606,877.4,True
101990961244800083,barometric_pressure_hpa,2026-08-22 18:00:00+00:00,877.2,877.7441863188232,877.2333333333332,True
101990961244800083,barometric_pressure_hpa,2026-08-22 19:00:00+00:00,877.1,877.6770110280154,877.2,True
101990961244800083,barometric_pressure_hpa,2026-08-22 20:00:00+00:00,,877.2041606034325,877.1,False
101990961244800083,barometric_pressure_hpa,2026-08-22 21:00:00+00:00,,877.0981110324082,,False
101990961244800083,barometric_pressure_hpa,2026-08-22 22:00:00+00:00,,876.6875782233024,,False
101990961244800083,barometric_pressure_hpa,2026-08-22 23:00:00+00:00,,876.2619494744205,,False
101990961244800083,barometric_pressure_hpa,2026-08-23 00:00:00+00:00,,876.0278361970691,,False
101990961244800083,barometric_pressure_hpa,2026-08-23 01:00:00+00:00,,876.0944398196943,,False
101990961244800083,barometric_pressure_hpa,2026-08-23 02:00:00+00:00,,876.426634154474,,False
101990961244800083,barometric_pressure_hpa,2026-08-23 03:00:00+00:00,,876.8377401859142,,False
101990961244800083,barometric_pressure_hpa,2026-08-23 04:00:00+00:00,,877.4418521622429,,False
101990961244800083,barometric_pressure_hpa,2026-08-23 05:00:00+00:00,,877.8060698309266,,False
101990961244800083,barometric_pressure_hpa,2026-08-23 06:00:00+00:00,,878.1532760108759,,False
101990961244800083,barometric_pressure_hpa,2026-08-23 07:00:00+00:00,,878.1868348954281,,False
101990961244800083,barometric_pressure_hpa,2026-08-23 08:00:00+00:00,,877.8556049687561,,False
101990961244800083,barometric_pressure_hpa,2026-08-23 09:00:00+00:00,877.6,877.2271805177666,,False
101990961244800083,barometric_pressure_hpa,2026-08-23 10:00:00+00:00,,876.7510091867522,877.6,False
101990961244800083,barometric_pressure_hpa,2026-08-23 11:00:00+00:00,,875.7360524295281,,False
101990961244800083,barometric_pressure_hpa,2026-08-23 12:00:00+00:00,874.75,874.9386748712751,,False
101990961244800083,barometric_pressure_hpa,2026-08-23 13:00:00+00:00,874.4,874.4246672794858,874.75,True
101990961244800083,barometric_pressure_hpa,2026-08-23 14:00:00+00:00,,874.7749348734131,874.4,False
101990961244800083,barometric_pressure_hpa,2026-08-23 15:00:00+00:00,,875.3688819300644,,False
101990961244800083,barometric_pressure_hpa,2026-08-23 16:00:00+00:00,876.0,875.8357926399246,,False
101990961244800083,barometric_pressure_hpa,2026-08-23 17:00:00+00:00,877.2,876.2894566351738,876.0,True
101990961244800083,barometric_pressure_hpa,2026-08-23 18:00:00+00:00,,877.6435511877698,877.2,False
101990961244800083,barometric_pressure_hpa,2026-08-23 19:00:00+00:00,,878.0358455760038,,False
101990961244800083,barometric_pressure_hpa,2026-08-23 20:00:00+00:00,,878.1157976818495,,False
101990961244800083,barometric_pressure_hpa,2026-08-23 21:00:00+00:00,,877.9861781261174,,False
101990961244800083,barometric_pressure_hpa,2026-08-23 22:00:00+00:00,,877.5527134482467,,False
101990961244800083,barometric_pressure_hpa,2026-08-23 23:00:00+00:00,,877.104774587934,,False
101990961244800083,barometric_pressure_hpa,2026-08-24 00:00:00+00:00,,876.8489569250676,,False
101990961244800083,barometric_pressure_hpa,2026-08-24 01:00:00+00:00,,876.8944462891774,,False
101990961244800083,barometric_pressure_hpa,2026-08-24 02:00:00+00:00,,877.2061013197382,,False
101990961244800083,barometric_pressure_hpa,2026-08-24 03:00:00+00:00,,877.5972282399233,,False
101990961244800083,barometric_pressure_hpa,2026-08-24 04:00:00+00:00,,878.1819069346185,,False
101990961244800083,barometric_pressure_hpa,2026-08-24 05:00:00+00:00,878.1,878.5272244672556,,False
101990961244800083,barometric_pressure_hpa,2026-08-24 06:00:00+00:00,878.2,878.441544848655,878.1,True
101990961244800083,barometric_pressure_hpa,2026-08-24 07:00:00+00:00,878.1500000000001,878.232418597317,878.2,True
101990961244800083,barometric_pressure_hpa,2026-08-24 08:00:00+00:00,877.4,877.8193652793831,878.1500000000001,True
101990961244800083,barometric_pressure_hpa,2026-08-24 09:00:00+00:00,,876.7861618697083,877.4,False
101990961244800083,barometric_pressure_hpa,2026-08-24 10:00:00+00:00,876.0,875.9507991030828,,False
101990961244800083,barometric_pressure_hpa,2026-08-24 11:00:00+00:00,874.625,875.0052116936926,876.0,True
101990961244800083,barometric_pressure_hpa,2026-08-24 12:00:00+00:00,873.95,873.8584981033758,874.625,True
101990961244800083,barometric_pressure_hpa,2026-08-24 13:00:00+00:00,,873.6297997367253,873.95,False
101990961244800083,barometric_pressure_hpa,2026-08-24 14:00:00+00:00,874.3666666666667,874.0411416435188,,False
101990961244800083,barometric_pressure_hpa,2026-08-24 15:00:00+00:00,874.7,874.9523597527743,874.3666666666667,True
101990961244800083,barometric_pressure_hpa,2026-08-24 16:00:00+00:00,875.0,875.1675779518401,874.7,True
101990961244800083,barometric_pressure_hpa,2026-08-24 17:00:00+00:00,875.1,875.4374951198185,875.0,True
101990961244800083,barometric_pressure_hpa,2026-08-24 18:00:00+00:00,,875.6163661134894,875.1,False
101990961244800083,barometric_pressure_hpa,2026-08-24 19:00:00+00:00,,876.0806851260322,,False
101990961244800083,barometric_pressure_hpa,2026-08-24 20:00:00+00:00,,876.2079641841634,,False
101990961244800083,barometric_pressure_hpa,2026-08-24 21:00:00+00:00,,876.1245276587448,,False
101990961244800083,barometric_pressure_hpa,2026-08-24 22:00:00+00:00,,875.735908085244,,False
101990961244800083,barometric_pressure_hpa,2026-08-24 23:00:00+00:00,,875.3315086459387,,False
101990961244800083,barometric_pressure_hpa,2026-08-25 00:00:00+00:00,,875.1179559926803,,False
101990961244800083,barometric_pressure_hpa,2026-08-25 01:00:00+00:00,,875.2044663193714,,False
101990961244800083,barometric_pressure_hpa,2026-08-25 02:00:00+00:00,,875.5559277457801,,False
101990961244800083,barometric_pressure_hpa,2026-08-25 03:00:00+00:00,,875.9856751034213,,False
101990961244800083,barometric_pressure_hpa,2026-08-25 04:00:00+00:00,,876.6078160355488,,False
101990961244800083,barometric_pressure_hpa,2026-08-25 05:00:00+00:00,,876.9894639191294,,False
101990961244800083,barometric_pressure_hpa,2026-08-25 06:00:00+00:00,,877.3267055266638,,False
101990961244800083,barometric_pressure_hpa,2026-08-25 07:00:00+00:00,,877.3709665565697,,False
101990961244800083,barometric_pressure_hpa,2026-08-25 08:00:00+00:00,,877.0058056125521,,False
101990961244800083,barometric_pressure_hpa,2026-08-25 09:00:00+00:00,,876.4033777733279,,False
101990961244800083,barometric_pressure_hpa,2026-08-25 10:00:00+00:00,,875.5847759125231,,False
101990961244800083,barometric_pressure_hpa,2026-08-25 11:00:00+00:00,,874.5585633139742,,False
101990961244800083,barometric_pressure_hpa,2026-08-25 12:00:00+00:00,,873.8068850822008,,False
101990961244800083,barometric_pressure_hpa,2026-08-25 13:00:00+00:00,,873.5087338256258,,False
101990961244800083,barometric_pressure_hpa,2026-08-25 14:00:00+00:00,,873.9424191825151,,False
101990961244800083,barometric_pressure_hpa,2026-08-25 15:00:00+00:00,,874.5074024891384,,False
101990961244800083,barometric_pressure_hpa,2026-08-25 16:00:00+00:00,,874.9570866455218,,False
101990961244800083,barometric_pressure_hpa,2026-08-25 17:00:00+00:00,,875.3235784867545,,False
101990961244800083,barometric_pressure_hpa,2026-08-25 18:00:00+00:00,,875.8363477512659,,False
101990961244800083,barometric_pressure_hpa,2026-08-25 19:00:00+00:00,,876.2972569144601,,False
101990961244800083,barometric_pressure_hpa,2026-08-25 20:00:00+00:00,,876.4202353677499,,False
101990961244800083,barometric_pressure_hpa,2026-08-25 21:00:00+00:00,,876.332650769028,,False
101990961244800083,barometric_pressure_hpa,2026-08-25 22:00:00+00:00,,875.9400326975727,,False
101990961244800083,barometric_pressure_hpa,2026-08-25 23:00:00+00:00,,875.5317814620303,,False
101990961244800083,barometric_pressure_hpa,2026-08-26 00:00:00+00:00,,875.3145209460158,,False
101990961244800083,barometric_pressure_hpa,2026-08-26 01:00:00+00:00,,875.3974646786388,,False
101990961244800083,barometric_pressure_hpa,2026-08-26 02:00:00+00:00,,875.7454982164027,,False
101990961244800083,barometric_pressure_hpa,2026-08-26 03:00:00+00:00,,876.171953927243,,False
101990961244800083,barometric_pressure_hpa,2026-08-26 04:00:00+00:00,,876.7909370887495,,False
101990961244800083,barometric_pressure_hpa,2026-08-26 05:00:00+00:00,,877.1695588084401,,False
101990961244800083,barometric_pressure_hpa,2026-08-26 06:00:00+00:00,,877.5111315604207,,False
101990961244800083,barometric_pressure_hpa,2026-08-26 07:00:00+00:00,,877.5536278217053,,False
101990961244800083,barometric_pressure_hpa,2026-08-26 08:00:00+00:00,876.5,877.1995717241405,,False
101990961244800083,barometric_pressure_hpa,2026-08-26 09:00:00+00:00,876.1,875.9084946961526,876.5,True
101990961244800083,barometric_pressure_hpa,2026-08-26 10:00:00+00:00,875.2,875.2846737352544,876.1,True
101990961244800083,barometric_pressure_hpa,2026-08-26 11:00:00+00:00,,874.1967936018224,875.2,False
101990961244800083,barometric_pressure_hpa,2026-08-26 12:00:00+00:00,872.875,873.4491256470341,,False
101990961244800083,barometric_pressure_hpa,2026-08-26 13:00:00+00:00,872.55,872.5932420709303,872.875,True
101990961244800083,barometric_pressure_hpa,2026-08-26 14:00:00+00:00,872.6,873.0004047498787,872.55,True
101990961244800083,barometric_pressure_hpa,2026-08-26 15:00:00+00:00,873.3,873.2090834018757,872.6,True
101990961244800083,barometric_pressure_hpa,2026-08-26 16:00:00+00:00,873.65,873.7858782499017,873.3,True
101990961244800083,barometric_pressure_hpa,2026-08-26 17:00:00+00:00,874.4666666666667,874.0603590350569,873.65,True
101990961244800083,barometric_pressure_hpa,2026-08-26 18:00:00+00:00,874.95,874.9985363964809,874.4666666666667,True
101990961244800083,barometric_pressure_hpa,2026-08-26 19:00:00+00:00,875.4333333333334,875.4307552420995,874.95,True
101990961244800083,barometric_pressure_hpa,2026-08-26 20:00:00+00:00,,875.5753399442558,875.4333333333334,False
101990961244800083,barometric_pressure_hpa,2026-08-26 21:00:00+00:00,,875.5060735384847,,False
101990961244800083,barometric_pressure_hpa,2026-08-26 22:00:00+00:00,,875.1311795649973,,False
101990961244800083,barometric_pressure_hpa,2026-08-26 23:00:00+00:00,,874.7400711136899,,False
101990961244800083,barometric_pressure_hpa,2026-08-27 00:00:00+00:00,,874.5393843893739,,False
101990961244800083,barometric_pressure_hpa,2026-08-27 01:00:00+00:00,,874.6383448323057,,False
101990961244800083,barometric_pressure_hpa,2026-08-27 02:00:00+00:00,,875.0018495107691,,False
101990961244800083,barometric_pressure_hpa,2026-08-27 03:00:00+00:00,,875.4432419116082,,False
101990961244800083,barometric_pressure_hpa,2026-08-27 04:00:00+00:00,,876.0766380452686,,False
101990961244800083,barometric_pressure_hpa,2026-08-27 05:00:00+00:00,,876.4691599084881,,False
101990961244800083,barometric_pressure_hpa,2026-08-27 06:00:00+00:00,,876.8244222534142,,False
101990961244800083,barometric_pressure_hpa,2026-08-27 07:00:00+00:00,,876.8792789156798,,False
101990961244800083,barometric_pressure_hpa,2026-08-27 08:00:00+00:00,,876.5377215424578,,False
101990961244800083,barometric_pressure_hpa,2026-08-27 09:00:00+00:00,,875.9727546281123,,False
101990961244800083,barometric_pressure_hpa,2026-08-27 10:00:00+00:00,,875.1522740057516,,False
101990961244800083,barometric_pressure_hpa,2026-08-27 11:00:00+00:00,,874.1182962036056,,False
101990961244800083,barometric_pressure_hpa,2026-08-27 12:00:00+00:00,,873.3391796811397,,False
101990961244800083,barometric_pressure_hpa,2026-08-27 13:00:00+00:00,,873.0421619015319,,False
101990961244800083,barometric_pressure_hpa,2026-08-27 14:00:00+00:00,,873.4313697920385,,False
101990961244800083,barometric_pressure_hpa,2026-08-27 15:00:00+00:00,873.0,874.031095407596,,False
101990961244800083,barometric_pressure_hpa,2026-08-27 16:00:00+00:00,,873.4790002433193,873.0,False
101990961244800083,barometric_pressure_hpa,2026-08-27 17:00:00+00:00,874.2,873.9429302808289,,False
101990961244800083,barometric_pressure_hpa,2026-08-27 18:00:00+00:00,,874.7346701810832,874.2,False
101990961244800083,barometric_pressure_hpa,2026-08-27 19:00:00+00:00,,875.223506347754,,False
101990961244800083,barometric_pressure_hpa,2026-08-27 20:00:00+00:00,,875.366751797709,,False
101990961244800083,barometric_pressure_hpa,2026-08-27 21:00:00+00:00,,875.2985717164512,,False
101990961244800083,barometric_pressure_hpa,2026-08-27 22:00:00+00:00,,874.9246148961223,,False
101990961244800083,barometric_pressure_hpa,2026-08-27 23:00:00+00:00,,874.5342951407575,,False
101990961244800083,barometric_pressure_hpa,2026-08-28 00:00:00+00:00,,874.3342492231452,,False
101990961244800083,barometric_pressure_hpa,2026-08-28 01:00:00+00:00,,874.4337030440571,,False
101990961244800083,barometric_pressure_hpa,2026-08-28 02:00:00+00:00,,874.7975540270958,,False
101990961244800083,barometric_pressure_hpa,2026-08-28 03:00:00+00:00,,875.2391459079898,,False
101990961244800083,barometric_pressure_hpa,2026-08-28 04:00:00+00:00,,875.8725948387084,,False
101990961244800083,barometric_pressure_hpa,2026-08-28 05:00:00+00:00,,876.2650233651522,,False
101990961244800083,barometric_pressure_hpa,2026-08-28 06:00:00+00:00,,876.6201304154937,,False
101990961244800083,barometric_pressure_hpa,2026-08-28 07:00:00+00:00,,876.6747040843545,,False
101990961244800083,barometric_pressure_hpa,2026-08-28 08:00:00+00:00,,876.3327333432476,,False
101990961244800083,barometric_pressure_hpa,2026-08-28 09:00:00+00:00,,875.7586394076905,,False
101990961244800083,barometric_pressure_hpa,2026-08-28 10:00:00+00:00,,874.9395565063846,,False
101990961244800083,barometric_pressure_hpa,2026-08-28 11:00:00+00:00,,873.9145634396202,,False
101990961244800083,barometric_pressure_hpa,2026-08-28 12:00:00+00:00,,873.1442491491283,,False
101990961244800083,barometric_pressure_hpa,2026-08-28 13:00:00+00:00,,872.8459520371359,,False
101990961244800083,barometric_pressure_hpa,2026-08-28 14:00:00+00:00,,873.2469971293307,,False
101990961244800083,barometric_pressure_hpa,2026-08-28 15:00:00+00:00,,873.8383570123576,,False
101990961244800083,barometric_pressure_hpa,2026-08-28 16:00:00+00:00,,874.3152880113519,,False
101990961244800083,barometric_pressure_hpa,2026-08-28 17:00:00+00:00,,874.7561228132524,,False
101990961244800083,barometric_pressure_hpa,2026-08-28 18:00:00+00:00,,875.278020312992,,False
101990961244800083,barometric_pressure_hpa,2026-08-28 19:00:00+00:00,,875.7524756638353,,False
101990961244800083,barometric_pressure_hpa,2026-08-28 20:00:00+00:00,,875.8836937709218,,False
101990961244800083,barometric_pressure_hpa,2026-08-28 21:00:00+00:00,,875.8038578662997,,False
101990961244800083,barometric_pressure_hpa,2026-08-28 22:00:00+00:00,,875.4186083652231,,False
101990961244800083,barometric_pressure_hpa,2026-08-28 23:00:00+00:00,,875.0173509558239,,False
101990961244800083,barometric_pressure_hpa,2026-08-29 00:00:00+00:00,,874.80671455014,,False
101990961244800083,barometric_pressure_hpa,2026-08-29 01:00:00+00:00,,874.8959174376963,,False
101990961244800083,barometric_pressure_hpa,2026-08-29 02:00:00+00:00,,875.2498496748824,,False
101990961244800083,barometric_pressure_hpa,2026-08-29 03:00:00+00:00,,875.6818478689524,,False
101990961244800083,barometric_pressure_hpa,2026-08-29 04:00:00+00:00,,876.3060212770173,,False
101990961244800083,barometric_pressure_hpa,2026-08-29 05:00:00+00:00,,876.6894857787792,,False
101990961244800083,barometric_pressure_hpa,2026-08-29 06:00:00+00:00,,877.0359344643759,,False
101990961244800083,barometric_pressure_hpa,2026-08-29 07:00:00+00:00,,877.082148077914,,False
101990961244800083,barometric_pressure_hpa,2026-08-29 08:00:00+00:00,877.2333333333332,876.732111173389,,False
101990961244800083,barometric_pressure_hpa,2026-08-29 09:00:00+00:00,876.5333333333333,876.6388291044834,877.2333333333332,True
101990961244800083,barometric_pressure_hpa,2026-08-29 10:00:00+00:00,875.9,875.698938594893,876.5333333333333,True
101990961244800083,barometric_pressure_hpa,2026-08-29 11:00:00+00:00,874.5,874.8538696648102,875.9,True
101990961244800083,barometric_pressure_hpa,2026-08-29 12:00:00+00:00,874.0,873.7212252815175,874.5,True
101990961244800083,barometric_pressure_hpa,2026-08-29 13:00:00+00:00,873.15,873.6836056064388,874.0,True
101990961244800083,barometric_pressure_hpa,2026-08-29 14:00:00+00:00,873.4000000000001,873.5507565431835,873.15,True
101990961244800083,barometric_pressure_hpa,2026-08-29 15:00:00+00:00,873.9,873.9929068750382,873.4000000000001,True
101990961244800083,barometric_pressure_hpa,2026-08-29 16:00:00+00:00,875.1,874.373144813963,873.9,True
101990961244800083,barometric_pressure_hpa,2026-08-29 17:00:00+00:00,875.14,875.5135419250478,875.1,True
101990961244800083,barometric_pressure_hpa,2026-08-29 18:00:00+00:00,875.9,875.6547976592054,875.14,True
101990961244800083,barometric_pressure_hpa,2026-08-29 19:00:00+00:00,876.36,876.3606930469601,875.9,True
101990961244800083,barometric_pressure_hpa,2026-08-29 20:00:00+00:00,876.5,876.4783354719954,876.36,True
101990961244800083,barometric_pressure_hpa,2026-08-29 21:00:00+00:00,,876.4071271949589,876.5,False
101990961244800083,barometric_pressure_hpa,2026-08-29 22:00:00+00:00,,876.0092743470868,,False
101990961244800083,barometric_pressure_hpa,2026-08-29 23:00:00+00:00,,875.5958380934724,,False
101990961244800083,barometric_pressure_hpa,2026-08-30 00:00:00+00:00,,875.373438594251,,False
101990961244800083,barometric_pressure_hpa,2026-08-30 01:00:00+00:00,,875.4512856850738,,False
101990961244800083,barometric_pressure_hpa,2026-08-30 02:00:00+00:00,,875.794261261499,,False
101990961244800083,barometric_pressure_hpa,2026-08-30 03:00:00+00:00,,876.2156940563694,,False
101990961244800083,barometric_pressure_hpa,2026-08-30 04:00:00+00:00,,876.8296857324972,,False
101990961244800083,barometric_pressure_hpa,2026-08-30 05:00:00+00:00,,877.20334496613,,False
101990961244800083,barometric_pressure_hpa,2026-08-30 06:00:00+00:00,,877.5405304218124,,False
101990961244800083,barometric_pressure_hpa,2026-08-30 07:00:00+00:00,,877.5782564145215,,False
101990961244800083,barometric_pressure_hpa,2026-08-30 08:00:00+00:00,,877.2200423340677,,False
101990961244800083,barometric_pressure_hpa,2026-08-30 09:00:00+00:00,,876.6098598212974,,False
101990961244800083,barometric_pressure_hpa,2026-08-30 10:00:00+00:00,875.6,875.799507499527,,False
101990961244800083,barometric_pressure_hpa,2026-08-30 11:00:00+00:00,,874.5150139254494,875.6,False
101990961244800083,barometric_pressure_hpa,2026-08-30 12:00:00+00:00,873.8,873.7712666435285,,False
101990961244800083,barometric_pressure_hpa,2026-08-30 13:00:00+00:00,873.5,873.4232141341045,873.8,True
101990961244800083,barometric_pressure_hpa,2026-08-30 14:00:00+00:00,873.5,873.8710231047544,873.5,True
101990961244800083,barometric_pressure_hpa,2026-08-30 15:00:00+00:00,874.1333333333332,874.0762497887878,873.5,True
101990961244800083,barometric_pressure_hpa,2026-08-30 16:00:00+00:00,874.4,874.6900106006915,874.1333333333332,True
101990961244800083,barometric_pressure_hpa,2026-08-30 17:00:00+00:00,875.0,874.7875160649942,874.4,True
101990961244800083,barometric_pressure_hpa,2026-08-30 18:00:00+00:00,,875.5502331059969,875.0,False
101990961244800083,barometric_pressure_hpa,2026-08-30 19:00:00+00:00,,876.0196312289273,,False
101990961244800083,barometric_pressure_hpa,2026-08-30 20:00:00+00:00,,876.150091859065,,False
101990961244800083,barometric_pressure_hpa,2026-08-30 21:00:00+00:00,,876.0641815228042,,False
101990961244800083,barometric_pressure_hpa,2026-08-30 22:00:00+00:00,,875.6730446371851,,False
101990961244800083,barometric_pressure_hpa,2026-08-30 23:00:00+00:00,,875.2660826999553,,False
101990961244800083,barometric_pressure_hpa,2026-08-31 00:00:00+00:00,,875.0499205254495,,False
101990961244800083,barometric_pressure_hpa,2026-08-31 01:00:00+00:00,,875.1337724319369,,False
101990961244800083,barometric_pressure_hpa,2026-08-31 02:00:00+00:00,,875.4825246313611,,False
101990961244800083,barometric_pressure_hpa,2026-08-31 03:00:00+00:00,,875.9095100081487,,False
101990961244800083,barometric_pressure_hpa,2026-08-31 04:00:00+00:00,,876.5288342136719,,False
101990961244800083,barometric_pressure_hpa,2026-08-31 05:00:00+00:00,,876.9076101942541,,False
101990961244800083,barometric_pressure_hpa,2026-08-31 06:00:00+00:00,,877.249730438714,,False
101990961244800083,barometric_pressure_hpa,2026-08-31 07:00:00+00:00,,877.2921991366851,,False
101990961244800083,barometric_pressure_hpa,2026-08-31 08:00:00+00:00,,876.9385253984441,,False
101990961244800083,barometric_pressure_hpa,2026-08-31 09:00:00+00:00,,876.3376977246679,,False
101990961244800083,barometric_pressure_hpa,2026-08-31 10:00:00+00:00,,875.5247263150615,,False
101990961244800083,barometric_pressure_hpa,2026-08-31 11:00:00+00:00,,874.4569336460005,,False
101990961244800083,barometric_pressure_hpa,2026-08-31 12:00:00+00:00,,873.7058594297683,,False
101990961244800083,barometric_pressure_hpa,2026-08-31 13:00:00+00:00,,873.3622011430103,,False
101990961244800083,barometric_pressure_hpa,2026-08-31 14:00:00+00:00,,873.6982860705688,,False
101990961244800083,barometric_pressure_hpa,2026-08-31 15:00:00+00:00,,874.2804051091255,,False
101990961244800083,barometric_pressure_hpa,2026-08-31 16:00:00+00:00,,874.7706607225196,,False
101990961244800083,barometric_pressure_hpa,2026-08-31 17:00:00+00:00,,875.1870911090066,,False
101990961244800083,barometric_pressure_hpa,2026-08-31 18:00:00+00:00,,875.7230353022165,,False
101990961244800083,barometric_pressure_hpa,2026-08-31 19:00:00+00:00,,876.187868965478,,False
101990961244800083,barometric_pressure_hpa,2026-08-31 20:00:00+00:00,,876.3130681652266,,False
101990961244800083,barometric_pressure_hpa,2026-08-31 21:00:00+00:00,,876.2233560503539,,False
101990961244800083,barometric_pressure_hpa,2026-08-31 22:00:00+00:00,,875.8285317827958,,False
101990961244800083,barometric_pressure_hpa,2026-08-31 23:00:00+00:00,,875.4179942102264,,False
101990961244800083,barometric_pressure_hpa,2026-09-01 00:00:00+00:00,,875.1983655772175,,False
101990961244800083,barometric_pressure_hpa,2026-09-01 01:00:00+00:00,,875.2788577107394,,False
101990961244800083,barometric_pressure_hpa,2026-09-01 02:00:00+00:00,,875.6243544081103,,False
101990961244800083,barometric_pressure_hpa,2026-09-01 03:00:00+00:00,,876.0481862140697,,False
101990961244800083,barometric_pressure_hpa,2026-09-01 04:00:00+00:00,,876.6644565135591,,False
101990961244800083,barometric_pressure_hpa,2026-09-01 05:00:00+00:00,,877.0402760580994,,False
101990961244800083,barometric_pressure_hpa,2026-09-01 06:00:00+00:00,,877.379535211807,,False
101990961244800083,barometric_pressure_hpa,2026-09-01 07:00:00+00:00,877.5,877.4192361079926,,False
101990961244800083,barometric_pressure_hpa,2026-09-01 08:00:00+00:00,,877.141618033284,877.5,False
101990961244800083,barometric_pressure_hpa,2026-09-01 09:00:00+00:00,,876.5365163365688,,False
101990961244800083,barometric_pressure_hpa,2026-09-01 10:00:00+00:00,,875.7189447090622,,False
101990961244800083,barometric_pressure_hpa,2026-09-01 11:00:00+00:00,874.35,874.6462992012757,,False
101990961244800083,barometric_pressure_hpa,2026-09-01 12:00:00+00:00,873.9,873.6018792510214,874.35,True
101990961244800083,barometric_pressure_hpa,2026-09-01 13:00:00+00:00,873.3499999999999,873.5493870097667,873.9,True
101990961244800083,barometric_pressure_hpa,2026-09-01 14:00:00+00:00,873.4000000000001,873.7018823243383,873.3499999999999,True
101990961244800083,barometric_pressure_hpa,2026-09-01 15:00:00+00:00,873.9,873.9891300575903,873.4000000000001,True
101990961244800083,barometric_pressure_hpa,2026-09-01 16:00:00+00:00,874.9,874.4113591493685,873.9,True
101990961244800083,barometric_pressure_hpa,2026-09-01 17:00:00+00:00,876.1,875.304521080217,874.9,True
101990961244800083,barometric_pressure_hpa,2026-09-01 18:00:00+00:00,,876.6113231038028,876.1,False
101990961244800083,barometric_pressure_hpa,2026-09-01 19:00:00+00:00,,877.052592760505,,False
101990961244800083,barometric_pressure_hpa,2026-09-01 20:00:00+00:00,,877.1549661899078,,False
101990961244800083,barometric_pressure_hpa,2026-09-01 21:00:00+00:00,,877.0432923839389,,False
101990961244800083,barometric_pressure_hpa,2026-09-01 22:00:00+00:00,,876.6270956355037,,False
101990961244800083,barometric_pressure_hpa,2026-09-01 23:00:00+00:00,,876.1957594968833,,False
101990961244800083,barometric_pressure_hpa,2026-09-02 00:00:00+00:00,,875.955891266647,,False
101990961244800083,barometric_pressure_hpa,2026-09-02 01:00:00+00:00,,876.0166882257159,,False
101990961244800083,barometric_pressure_hpa,2026-09-02 02:00:00+00:00,,876.3430200178765,,False
101990961244800083,barometric_pressure_hpa,2026-09-02 03:00:00+00:00,,876.7482034142986,,False
101990961244800083,barometric_pressure_hpa,2026-09-02 04:00:00+00:00,,877.3463283947088,,False
101990961244800083,barometric_pressure_hpa,2026-09-02 05:00:00+00:00,,877.7044934774734,,False
101990961244800083,barometric_pressure_hpa,2026-09-02 06:00:00+00:00,,878.0265647778781,,False
101990961244800083,barometric_pressure_hpa,2026-09-02 07:00:00+00:00,877.8,878.0498144284011,,False
101990961244800083,barometric_pressure_hpa,2026-09-02 08:00:00+00:00,877.4,877.4235692021839,877.8,True
101990961244800083,barometric_pressure_hpa,2026-09-02 09:00:00+00:00,876.8,876.7788790389627,877.4,True
101990961244800083,barometric_pressure_hpa,2026-09-02 10:00:00+00:00,875.5,875.9657101999089,876.8,True
101990961244800083,barometric_pressure_hpa,2026-09-02 11:00:00+00:00,874.4666666666666,874.4236273038022,875.5,True
101990961244800083,barometric_pressure_hpa,2026-09-02 12:00:00+00:00,873.7333333333332,873.7536037575854,874.4666666666666,True
101990961244800083,barometric_pressure_hpa,2026-09-02 13:00:00+00:00,873.4333333333334,873.3636053770567,873.7333333333332,True
101990961244800083,barometric_pressure_hpa,2026-09-02 14:00:00+00:00,873.3399999999999,873.745890527804,873.4333333333334,True
101990961244800083,barometric_pressure_hpa,2026-09-02 15:00:00+00:00,873.7666666666668,873.918477950411,873.3399999999999,True
101990961244800083,barometric_pressure_hpa,2026-09-02 16:00:00+00:00,874.45,874.3401890626599,873.7666666666668,True
101990961244800083,barometric_pressure_hpa,2026-09-02 17:00:00+00:00,874.9,874.9605283453742,874.45,True
101990961244800083,barometric_pressure_hpa,2026-09-02 18:00:00+00:00,,875.4412931642922,874.9,False
101990961244800083,barometric_pressure_hpa,2026-09-02 19:00:00+00:00,,875.911714019851,,False
101990961244800083,barometric_pressure_hpa,2026-09-02 20:00:00+00:00,,876.0425183021777,,False
101990961244800083,barometric_pressure_hpa,2026-09-02 21:00:00+00:00,,875.958669033903,,False
101990961244800083,barometric_pressure_hpa,2026-09-02 22:00:00+00:00,,875.5695173256413,,False
101990961244800083,barometric_pressure_hpa,2026-09-02 23:00:00+00:00,,875.164466159436,,False
101990961244800083,barometric_pressure_hpa,2026-09-03 00:00:00+00:00,,874.9501417244728,,False
101990961244800083,barometric_pressure_hpa,2026-09-03 01:00:00+00:00,,875.0357596597739,,False
101990961244800083,barometric_pressure_hpa,2026-09-03 02:00:00+00:00,,875.3862074475015,,False
101990961244800083,barometric_pressure_hpa,2026-09-03 03:00:00+00:00,,875.8148191906787,,False
101990961244800083,barometric_pressure_hpa,2026-09-03 04:00:00+00:00,,876.4357017070314,,False
101990961244800083,barometric_pressure_hpa,2026-09-03 05:00:00+00:00,876.2,876.8159697860891,,False
101990961244800083,barometric_pressure_hpa,2026-09-03 06:00:00+00:00,,876.5633818494467,876.2,False
101990961244800083,barometric_pressure_hpa,2026-09-03 07:00:00+00:00,,876.62622718225,,False
101990961244800083,barometric_pressure_hpa,2026-09-03 08:00:00+00:00,876.0,876.2829846704624,,False
101990961244800083,barometric_pressure_hpa,2026-09-03 09:00:00+00:00,875.5,875.4269910984754,876.0,True
101990961244800083,barometric_pressure_hpa,2026-09-03 10:00:00+00:00,874.65,874.6418108728539,875.5,True
101990961244800083,barometric_pressure_hpa,2026-09-03 11:00:00+00:00,873.7,873.604891750564,874.65,True
101990961244800083,barometric_pressure_hpa,2026-09-03 12:00:00+00:00,872.6,872.99348004344,873.7,True
101990961244800083,barometric_pressure_hpa,2026-09-03 13:00:00+00:00,,872.277766400387,872.6,False
101990961244800083,barometric_pressure_hpa,2026-09-03 14:00:00+00:00,872.1,872.5851731361339,,False
101990961244800083,barometric_pressure_hpa,2026-09-03 15:00:00+00:00,872.3,872.6974964253056,872.1,True
101990961244800083,barometric_pressure_hpa,2026-09-03 16:00:00+00:00,872.9,872.9079904966594,872.3,True
101990961244800083,barometric_pressure_hpa,2026-09-03 17:00:00+00:00,,873.4146648517521,872.9,False
101990961244800083,barometric_pressure_hpa,2026-09-03 18:00:00+00:00,,873.9908974256101,,False
101990961244800083,barometric_pressure_hpa,2026-09-03 19:00:00+00:00,,874.4952149340729,,False
101990961244800083,barometric_pressure_hpa,2026-09-03 20:00:00+00:00,,874.6590552810641,,False
101990961244800083,barometric_pressure_hpa,2026-09-03 21:00:00+00:00,,874.6071839710913,,False
101990961244800083,barometric_pressure_hpa,2026-09-03 22:00:00+00:00,,874.249038919556,,False
101990961244800083,barometric_pressure_hpa,2026-09-03 23:00:00+00:00,,873.8740454020582,,False
101990961244800083,barometric_pressure_hpa,2026-09-04 00:00:00+00:00,,873.6888512081435,,False
101990961244800083,barometric_pressure_hpa,2026-09-04 01:00:00+00:00,,873.8026929112551,,False
101990961244800083,barometric_pressure_hpa,2026-09-04 02:00:00+00:00,,874.1804782776788,,False
101990961244800083,barometric_pressure_hpa,2026-09-04 03:00:00+00:00,,874.6355610576018,,False
101990961244800083,barometric_pressure_hpa,2026-09-04 04:00:00+00:00,,875.2820670929742,,False
101990961244800083,barometric_pressure_hpa,2026-09-04 05:00:00+00:00,875.9,875.6871296319553,,False
101990961244800083,barometric_pressure_hpa,2026-09-04 06:00:00+00:00,876.2,876.2575352867497,875.9,True
101990961244800083,barometric_pressure_hpa,2026-09-04 07:00:00+00:00,876.1500000000001,876.2595539527833,876.2,True
101990961244800083,barometric_pressure_hpa,2026-09-04 08:00:00+00:00,,875.8090786047412,876.1500000000001,False
101990961244800083,barometric_pressure_hpa,2026-09-04 09:00:00+00:00,875.15,875.2504696125325,,False
101990961244800083,barometric_pressure_hpa,2026-09-04 10:00:00+00:00,874.6,874.3205685153043,875.15,True
101990961244800083,barometric_pressure_hpa,2026-09-04 11:00:00+00:00,873.0,873.5682707440958,874.6,True
101990961244800083,barometric_pressure_hpa,2026-09-04 12:00:00+00:00,872.3,872.2683798581965,873.0,True
101990961244800083,barometric_pressure_hpa,2026-09-04 13:00:00+00:00,872.5,871.9561775225139,872.3,True
101990961244800083,barometric_pressure_hpa,2026-09-04 14:00:00+00:00,872.7,872.7851068749156,872.5,True
101990961244800083,barometric_pressure_hpa,2026-09-04 15:00:00+00:00,872.55,873.241389381767,872.7,True
101990961244800083,barometric_pressure_hpa,2026-09-04 16:00:00+00:00,872.6,873.1468655322642,872.55,True
101990961244800083,barometric_pressure_hpa,2026-09-04 17:00:00+00:00,872.75,873.1266707924075,872.6,True
101990961244800083,barometric_pressure_hpa,2026-09-04 18:00:00+00:00,,873.3484003284653,872.75,False
101990961244800083,barometric_pressure_hpa,2026-09-04 19:00:00+00:00,,873.8744308885208,,False
101990961244800083,barometric_pressure_hpa,2026-09-04 20:00:00+00:00,,874.0599479580095,,False
101990961244800083,barometric_pressure_hpa,2026-09-04 21:00:00+00:00,,874.0295613091146,,False
101990961244800083,barometric_pressure_hpa,2026-09-04 22:00:00+00:00,,873.6924858158475,,False
101990961244800083,barometric_pressure_hpa,2026-09-04 23:00:00+00:00,,873.3381618793862,,False
101990961244800083,barometric_pressure_hpa,2026-09-05 00:00:00+00:00,,873.1732521378788,,False
101990961244800083,barometric_pressure_hpa,2026-09-05 01:00:00+00:00,,873.3070077396932,,False
101990961244800083,barometric_pressure_hpa,2026-09-05 02:00:00+00:00,,873.7043507623016,,False
101990961244800083,barometric_pressure_hpa,2026-09-05 03:00:00+00:00,,874.1786490117258,,False
101990961244800083,barometric_pressure_hpa,2026-09-05 04:00:00+00:00,,874.8440421415158,,False
101990961244800083,barometric_pressure_hpa,2026-09-05 05:00:00+00:00,,875.2676765328602,,False
101990961244800083,barometric_pressure_hpa,2026-09-05 06:00:00+00:00,,875.6382877025677,,False
101990961244800083,barometric_pressure_hpa,2026-09-05 07:00:00+00:00,,875.700390603133,,False
101990961244800083,barometric_pressure_hpa,2026-09-05 08:00:00+00:00,,875.3687643066546,,False
101990961244800083,barometric_pressure_hpa,2026-09-05 09:00:00+00:00,,874.8120060167294,,False
101990961244800083,barometric_pressure_hpa,2026-09-05 10:00:00+00:00,,874.0277922513175,,False
101990961244800083,barometric_pressure_hpa,2026-09-05 11:00:00+00:00,,872.9389564250807,,False
101990961244800083,barometric_pressure_hpa,2026-09-05 12:00:00+00:00,,872.2280627723732,,False
101990961244800083,barometric_pressure_hpa,2026-09-05 13:00:00+00:00,,871.9602724768537,,False
101990961244800083,barometric_pressure_hpa,2026-09-05 14:00:00+00:00,,872.2623960294957,,False
101990961244800083,barometric_pressure_hpa,2026-09-05 15:00:00+00:00,,872.7526670091949,,False
101990961244800083,barometric_pressure_hpa,2026-09-05 16:00:00+00:00,,873.28287243572,,False
101990961244800083,barometric_pressure_hpa,2026-09-05 17:00:00+00:00,,873.7463380688548,,False
101990961244800083,barometric_pressure_hpa,2026-09-05 18:00:00+00:00,,874.317783305935,,False
101990961244800083,barometric_pressure_hpa,2026-09-05 19:00:00+00:00,,874.8175554591454,,False
101990961244800083,barometric_pressure_hpa,2026-09-05 20:00:00+00:00,,874.9774919330868,,False
101990961244800083,barometric_pressure_hpa,2026-09-05 21:00:00+00:00,,874.922184115818,,False
101990961244800083,barometric_pressure_hpa,2026-09-05 22:00:00+00:00,,874.5608289706364,,False
101990961244800083,barometric_pressure_hpa,2026-09-05 23:00:00+00:00,,874.1828494492482,,False
101990961244800083,barometric_pressure_hpa,2026-09-06 00:00:00+00:00,,873.9948911888388,,False
101990961244800083,barometric_pressure_hpa,2026-09-06 01:00:00+00:00,,874.1061887731039,,False
101990961244800083,barometric_pressure_hpa,2026-09-06 02:00:00+00:00,,874.481648139229,,False
101990961244800083,barometric_pressure_hpa,2026-09-06 03:00:00+00:00,,874.9346213657354,,False
101990961244800083,barometric_pressure_hpa,2026-09-06 04:00:00+00:00,,875.579232780155,,False
101990961244800083,barometric_pressure_hpa,2026-09-06 05:00:00+00:00,,875.9826138281263,,False
101990961244800083,barometric_pressure_hpa,2026-09-06 06:00:00+00:00,877.2999999999998,876.3366715809084,,False
101990961244800083,barometric_pressure_hpa,2026-09-06 07:00:00+00:00,,877.3235017384992,877.2999999999998,False
101990961244800083,barometric_pressure_hpa,2026-09-06 08:00:00+00:00,876.4,876.9531576435365,,False
101990961244800083,barometric_pressure_hpa,2026-09-06 09:00:00+00:00,875.7,875.8234689692233,876.4,True
101990961244800083,barometric_pressure_hpa,2026-09-06 10:00:00+00:00,874.2,874.8859562112839,875.7,True
101990961244800083,barometric_pressure_hpa,2026-09-06 11:00:00+00:00,873.5,873.1340576102124,874.2,True
101990961244800083,barometric_pressure_hpa,2026-09-06 12:00:00+00:00,872.6333333333333,872.7761494192049,873.5,True
101990961244800083,barometric_pressure_hpa,2026-09-06 13:00:00+00:00,872.6,872.3382211086952,872.6333333333333,True
101990961244800083,barometric_pressure_hpa,2026-09-06 14:00:00+00:00,,872.8919594767245,872.6,False
101990961244800083,barometric_pressure_hpa,2026-09-06 15:00:00+00:00,873.875,873.3970798588658,,False
101990961244800083,barometric_pressure_hpa,2026-09-06 16:00:00+00:00,875.0,874.4001032847249,873.875,True
101990961244800083,barometric_pressure_hpa,2026-09-06 17:00:00+00:00,875.7,875.4351244897078,875.0,True
101990961244800083,barometric_pressure_hpa,2026-09-06 18:00:00+00:00,,876.2251074617133,875.7,False
101990961244800083,barometric_pressure_hpa,2026-09-06 19:00:00+00:00,,876.6799239499755,,False
101990961244800083,barometric_pressure_hpa,2026-09-06 20:00:00+00:00,,876.796580899203,,False
101990961244800083,barometric_pressure_hpa,2026-09-06 21:00:00+00:00,,876.7003163735826,,False
101990961244800083,barometric_pressure_hpa,2026-09-06 22:00:00+00:00,,876.299282450175,,False
101990961244800083,barometric_pressure_hpa,2026-09-06 23:00:00+00:00,,875.8828735496508,,False
101990961244800083,barometric_pressure_hpa,2026-09-07 00:00:00+00:00,,875.6577076935446,,False
101990961244800083,barometric_pressure_hpa,2026-09-07 01:00:00+00:00,,875.7329927269999,,False
101990961244800083,barometric_pressure_hpa,2026-09-07 02:00:00+00:00,,876.0736087052632,,False
101990961244800083,barometric_pressure_hpa,2026-09-07 03:00:00+00:00,,876.4928826653642,,False
101990961244800083,barometric_pressure_hpa,2026-09-07 04:00:00+00:00,,877.1049147160699,,False
101990961244800083,barometric_pressure_hpa,2026-09-07 05:00:00+00:00,,877.4768128412223,,False
101990961244800083,barometric_pressure_hpa,2026-09-07 06:00:00+00:00,,877.8030134290739,,False
101990961244800083,barometric_pressure_hpa,2026-09-07 07:00:00+00:00,,877.7720195049271,,False
101990961244800083,barometric_pressure_hpa,2026-09-07 08:00:00+00:00,,877.3507711496392,,False
101990961244800083,barometric_pressure_hpa,2026-09-07 09:00:00+00:00,,876.7337098484992,,False
101990961244800083,barometric_pressure_hpa,2026-09-07 10:00:00+00:00,,875.8030057822646,,False
101990961244800083,barometric_pressure_hpa,2026-09-07 11:00:00+00:00,,874.7398869130535,,False
101990961244800083,barometric_pressure_hpa,2026-09-07 12:00:00+00:00,,873.964092030209,,False
101990961244800083,barometric_pressure_hpa,2026-09-07 13:00:00+00:00,,873.6618244590636,,False
101990961244800083,barometric_pressure_hpa,2026-09-07 14:00:00+00:00,,873.952622221544,,False
101990961244800083,barometric_pressure_hpa,2026-09-07 15:00:00+00:00,875.3,874.457136680577,,False
101990961244800083,barometric_pressure_hpa,2026-09-07 16:00:00+00:00,875.25,875.8566624819434,875.3,True
101990961244800083,barometric_pressure_hpa,2026-09-07 17:00:00+00:00,875.1,875.7096947920129,875.25,True
101990961244800083,barometric_pressure_hpa,2026-09-07 18:00:00+00:00,,875.6438499510854,875.1,False
101990961244800083,barometric_pressure_hpa,2026-09-07 19:00:00+00:00,,876.1169962754311,,False
101990961244800083,barometric_pressure_hpa,2026-09-07 20:00:00+00:00,,876.2516108150246,,False
101990961244800083,barometric_pressure_hpa,2026-09-07 21:00:00+00:00,,876.1729413990139,,False
101990961244800083,barometric_pressure_hpa,2026-09-07 22:00:00+00:00,,875.7891236091782,,False
101990961244800083,barometric_pressure_hpa,2026-09-07 23:00:00+00:00,,875.3895641995673,,False
101990961244800083,barometric_pressure_hpa,2026-09-08 00:00:00+00:00,,875.1808933000533,,False
101990961244800083,barometric_pressure_hpa,2026-09-08 01:00:00+00:00,,875.2723306104893,,False
101990961244800083,barometric_pressure_hpa,2026-09-08 02:00:00+00:00,,875.6287677938321,,False
101990961244800083,barometric_pressure_hpa,2026-09-08 03:00:00+00:00,,876.0635432576063,,False
101990961244800083,barometric_pressure_hpa,2026-09-08 04:00:00+00:00,,876.69076825312,,False
101990961244800083,barometric_pressure_hpa,2026-09-08 05:00:00+00:00,876.9,877.0775611823921,,False
101990961244800083,barometric_pressure_hpa,2026-09-08 06:00:00+00:00,877.3,877.2460780066374,876.9,True
101990961244800083,barometric_pressure_hpa,2026-09-08 07:00:00+00:00,,877.2984898302433,877.3,False
101990961244800083,barometric_pressure_hpa,2026-09-08 08:00:00+00:00,,876.9062077183918,,False
101990961244800083,barometric_pressure_hpa,2026-09-08 09:00:00+00:00,,876.3115870074042,,False
101990961244800083,barometric_pressure_hpa,2026-09-08 10:00:00+00:00,,875.4242625818927,,False
101990961244800083,barometric_pressure_hpa,2026-09-08 11:00:00+00:00,,874.3634066417046,,False
101990961244800083,barometric_pressure_hpa,2026-09-08 12:00:00+00:00,,873.6094297037749,,False
101990961244800083,barometric_pressure_hpa,2026-09-08 13:00:00+00:00,,873.3129020165686,,False
101990961244800083,barometric_pressure_hpa,2026-09-08 14:00:00+00:00,,873.6106888469708,,False
101990961244800083,barometric_pressure_hpa,2026-09-08 15:00:00+00:00,,874.1228497259298,,False
101990961244800083,barometric_pressure_hpa,2026-09-08 16:00:00+00:00,,874.6192924928597,,False
101990961244800083,barometric_pressure_hpa,2026-09-08 17:00:00+00:00,,875.0152889526815,,False
101990961244800083,barometric_pressure_hpa,2026-09-08 18:00:00+00:00,,875.5581965803104,,False
101990961244800083,barometric_pressure_hpa,2026-09-08 19:00:00+00:00,,876.0303367509248,,False
101990961244800083,barometric_pressure_hpa,2026-09-08 20:00:00+00:00,,876.1637662159002,,False
101990961244800083,barometric_pressure_hpa,2026-09-08 21:00:00+00:00,,876.083711847235,,False
101990961244800083,barometric_pressure_hpa,2026-09-08 22:00:00+00:00,,875.6984449799829,,False
101990961244800083,barometric_pressure_hpa,2026-09-08 23:00:00+00:00,,875.2973713148831,,False
101990961244800083,barometric_pressure_hpa,2026-09-09 00:00:00+00:00,,875.0871198987971,,False
101990961244800083,barometric_pressure_hpa,2026-09-09 01:00:00+00:00,,875.1769092988073,,False
101990961244800083,barometric_pressure_hpa,2026-09-09 02:00:00+00:00,,875.5316299936626,,False
101990961244800083,barometric_pressure_hpa,2026-09-09 03:00:00+00:00,,875.9646191572691,,False
101990961244800083,barometric_pressure_hpa,2026-09-09 04:00:00+00:00,,876.589986756834,,False
101990961244800083,barometric_pressure_hpa,2026-09-09 05:00:00+00:00,,876.9748499281009,,False
101990961244800083,barometric_pressure_hpa,2026-09-09 06:00:00+00:00,,877.3253579629524,,False
101990961244800083,barometric_pressure_hpa,2026-09-09 07:00:00+00:00,,877.3216256807628,,False
101990961244800083,barometric_pressure_hpa,2026-09-09 08:00:00+00:00,,876.9271379416627,,False
101990961244800083,barometric_pressure_hpa,2026-09-09 09:00:00+00:00,,876.3300549367403,,False
101990961244800083,barometric_pressure_hpa,2026-09-09 10:00:00+00:00,,875.4412111310484,,False
101990961244800083,barometric_pressure_hpa,2026-09-09 11:00:00+00:00,,874.377060794381,,False
101990961244800083,barometric_pressure_hpa,2026-09-09 12:00:00+00:00,,873.6206666791737,,False
101990961244800083,barometric_pressure_hpa,2026-09-09 13:00:00+00:00,,873.3210391836822,,False
101990961244800083,barometric_pressure_hpa,2026-09-09 14:00:00+00:00,,873.6157860597103,,False
101990961244800083,barometric_pressure_hpa,2026-09-09 15:00:00+00:00,,874.1249126231579,,False
101990961244800083,barometric_pressure_hpa,2026-09-09 16:00:00+00:00,,874.6438473066431,,False
101990961244800083,barometric_pressure_hpa,2026-09-09 17:00:00+00:00,,875.0623536353943,,False
101990961244800083,barometric_pressure_hpa,2026-09-09 18:00:00+00:00,,875.6045047463803,,False
101990961244800083,barometric_pressure_hpa,2026-09-09 19:00:00+00:00,,876.0759216814315,,False
101990961244800083,barometric_pressure_hpa,2026-09-09 20:00:00+00:00,,876.2086606721433,,False
101990961244800083,barometric_pressure_hpa,2026-09-09 21:00:00+00:00,,876.1279480942793,,False
101990961244800083,barometric_pressure_hpa,2026-09-09 22:00:00+00:00,,875.7420548098465,,False
101990961244800083,barometric_pressure_hpa,2026-09-09 23:00:00+00:00,,875.3403860693865,,False
101990961244800083,barometric_pressure_hpa,2026-09-10 00:00:00+00:00,,875.1295704920877,,False
101990961244800083,barometric_pressure_hpa,2026-09-10 01:00:00+00:00,,875.2188262395771,,False
101990961244800083,barometric_pressure_hpa,2026-09-10 02:00:00+00:00,,875.5730434070744,,False
101990961244800083,barometric_pressure_hpa,2026-09-10 03:00:00+00:00,,876.0055588066072,,False
101990961244800083,barometric_pressure_hpa,2026-09-10 04:00:00+00:00,,876.6304820648945,,False
101990961244800083,barometric_pressure_hpa,2026-09-10 05:00:00+00:00,,877.0149299983376,,False
101990961244800083,barometric_pressure_hpa,2026-09-10 06:00:00+00:00,,877.3622990333546,,False
101990961244800083,barometric_pressure_hpa,2026-09-10 07:00:00+00:00,,877.3575217304185,,False
101990961244800083,barometric_pressure_hpa,2026-09-10 08:00:00+00:00,,876.9620147623741,,False
101990961244800083,barometric_pressure_hpa,2026-09-10 09:00:00+00:00,,876.3639257057748,,False
101990961244800083,barometric_pressure_hpa,2026-09-10 10:00:00+00:00,,875.474140866057,,False
101990961244800083,barometric_pressure_hpa,2026-09-10 11:00:00+00:00,,874.4089949651911,,False
101990961244800083,barometric_pressure_hpa,2026-09-10 12:00:00+00:00,,873.6516661886233,,False
101990961244800083,barometric_pressure_hpa,2026-09-10 13:00:00+00:00,,873.3510960897879,,False
101990961244800083,barometric_pressure_hpa,2026-09-10 14:00:00+00:00,,873.6449243269327,,False
101990961244800083,barometric_pressure_hpa,2026-09-10 15:00:00+00:00,,874.1531532792304,,False
101990961244800083,barometric_pressure_hpa,2026-09-10 16:00:00+00:00,,874.6723274480743,,False
101990961244800083,barometric_pressure_hpa,2026-09-10 17:00:00+00:00,,875.0910937438443,,False
101990961244800083,barometric_pressure_hpa,2026-09-10 18:00:00+00:00,,875.63250600833,,False
101990961244800083,barometric_pressure_hpa,2026-09-10 19:00:00+00:00,,876.1032042210254,,False
101990961244800083,barometric_pressure_hpa,2026-09-10 20:00:00+00:00,,876.2352440969895,,False
101990961244800083,barometric_pressure_hpa,2026-09-10 21:00:00+00:00,,876.1538515095411,,False
101990961244800083,barometric_pressure_hpa,2026-09-10 22:00:00+00:00,,875.7672968319735,,False
101990961244800083,barometric_pressure_hpa,2026-09-10 23:00:00+00:00,,875.364984839493,,False
101990961244800083,barometric_pressure_hpa,2026-09-11 00:00:00+00:00,,875.1535436889917,,False
101990961244800083,barometric_pressure_hpa,2026-09-11 01:00:00+00:00,,875.2421910925048,,False
101990961244800083,barometric_pressure_hpa,2026-09-11 02:00:00+00:00,,875.5958167080432,,False
101990961244800083,barometric_pressure_hpa,2026-09-11 03:00:00+00:00,,876.0277569224938,,False
101990961244800083,barometric_pressure_hpa,2026-09-11 04:00:00+00:00,,876.6521209491978,,False
101990961244800083,barometric_pressure_hpa,2026-09-11 05:00:00+00:00,,877.0360252026434,,False
101990961244800083,barometric_pressure_hpa,2026-09-11 06:00:00+00:00,,877.3827452837276,,False
101990961244800083,barometric_pressure_hpa,2026-09-11 07:00:00+00:00,,877.3774241788718,,False
101990961244800083,barometric_pressure_hpa,2026-09-11 08:00:00+00:00,,876.9813877122675,,False
101990961244800083,barometric_pressure_hpa,2026-09-11 09:00:00+00:00,,876.3827825600425,,False
101990961244800083,barometric_pressure_hpa,2026-09-11 10:00:00+00:00,,875.4924969565623,,False
101990961244800083,barometric_pressure_hpa,2026-09-11 11:00:00+00:00,,874.4268600628449,,False
101990961244800083,barometric_pressure_hpa,2026-09-11 12:00:00+00:00,,873.6690547933847,,False
101990961244800083,barometric_pressure_hpa,2026-09-11 13:00:00+00:00,,873.3680193763471,,False
101990961244800083,barometric_pressure_hpa,2026-09-11 14:00:00+00:00,,873.6613945612244,,False
101990961244800083,barometric_pressure_hpa,2026-09-11 15:00:00+00:00,,874.1691823019806,,False
101990961244800083,barometric_pressure_hpa,2026-09-11 16:00:00+00:00,,874.6879756431964,,False
101990961244800083,barometric_pressure_hpa,2026-09-11 17:00:00+00:00,,875.1063723580778,,False
101990961244800083,barometric_pressure_hpa,2026-09-11 18:00:00+00:00,,875.6473814167676,,False
101990961244800083,barometric_pressure_hpa,2026-09-11 19:00:00+00:00,,876.1176871144309,,False
101990961244800083,barometric_pressure_hpa,2026-09-11 20:00:00+00:00,,876.2493448840307,,False
101990961244800083,barometric_pressure_hpa,2026-09-11 21:00:00+00:00,,876.1675803242713,,False
101990961244800083,barometric_pressure_hpa,2026-09-11 22:00:00+00:00,,875.780663541114,,False
101990961244800083,barometric_pressure_hpa,2026-09-11 23:00:00+00:00,,875.3779990495249,,False
101990961244800083,barometric_pressure_hpa,2026-09-12 00:00:00+00:00,,875.1662147530592,,False
101990961244800083,barometric_pressure_hpa,2026-09-12 01:00:00+00:00,,875.2545281171376,,False
101990961244800083,barometric_pressure_hpa,2026-09-12 02:00:00+00:00,,875.6078285597015,,False
101990961244800083,barometric_pressure_hpa,2026-09-12 03:00:00+00:00,,876.0394522339398,,False
101990961244800083,barometric_pressure_hpa,2026-09-12 04:00:00+00:00,,876.6635081257003,,False
101990961244800083,barometric_pressure_hpa,2026-09-12 05:00:00+00:00,,877.047112428019,,False
101990961244800083,barometric_pressure_hpa,2026-09-12 06:00:00+00:00,,877.3935352567631,,False
101990961244800083,barometric_pressure_hpa,2026-09-12 07:00:00+00:00,,877.3879286120274,,False
101990961244800083,barometric_pressure_hpa,2026-09-12 08:00:00+00:00,,876.9916141549314,,False
101990961244800083,barometric_pressure_hpa,2026-09-12 09:00:00+00:00,,876.392738339068,,False
101990961244800083,barometric_pressure_hpa,2026-09-12 10:00:00+00:00,,875.5021893049067,,False
101990961244800083,barometric_pressure_hpa,2026-09-12 11:00:00+00:00,,874.4362957965759,,False
101990961244800083,barometric_pressure_hpa,2026-09-12 12:00:00+00:00,,873.6782407664971,,False
101990961244800083,barometric_pressure_hpa,2026-09-12 13:00:00+00:00,,873.3769621328264,,False
101990961244800083,barometric_pressure_hpa,2026-09-12 14:00:00+00:00,,873.6701005326375,,False
101990961244800083,barometric_pressure_hpa,2026-09-12 15:00:00+00:00,,874.1776577453621,,False
101990961244800083,barometric_pressure_hpa,2026-09-12 16:00:00+00:00,,874.6962287877176,,False
101990961244800083,barometric_pressure_hpa,2026-09-12 17:00:00+00:00,,875.1144091351923,,False
101990961244800083,barometric_pressure_hpa,2026-09-12 18:00:00+00:00,,875.6552056507531,,False
101990961244800083,barometric_pressure_hpa,2026-09-12 19:00:00+00:00,,876.1253044284631,,False
101990961244800083,barometric_pressure_hpa,2026-09-12 20:00:00+00:00,,876.2567607525747,,False
101990961244800083,barometric_pressure_hpa,2026-09-12 21:00:00+00:00,,876.1748000770157,,False
101990961244800083,barometric_pressure_hpa,2026-09-12 22:00:00+00:00,,875.7876923668016,,False
101990961244800083,barometric_pressure_hpa,2026-09-12 23:00:00+00:00,,875.3848419996818,,False
101990961244800083,barometric_pressure_hpa,2026-09-13 00:00:00+00:00,,875.1728767456253,,False
101990961244800083,barometric_pressure_hpa,2026-09-13 01:00:00+00:00,,875.2610139400007,,False
101990961244800083,barometric_pressure_hpa,2026-09-13 02:00:00+00:00,,875.6141428741383,,False
101990961244800083,barometric_pressure_hpa,2026-09-13 03:00:00+00:00,,876.0455995779666,,False
101990961244800083,barometric_pressure_hpa,2026-09-13 04:00:00+00:00,,876.6694929173337,,False
101990961244800083,barometric_pressure_hpa,2026-09-13 05:00:00+00:00,,877.0529389684513,,False
101990961244800083,barometric_pressure_hpa,2026-09-13 06:00:00+00:00,,877.3992075028955,,False
101990961244800083,barometric_pressure_hpa,2026-09-13 07:00:00+00:00,,877.3934508135999,,False
101990961244800083,barometric_pressure_hpa,2026-09-13 08:00:00+00:00,,876.9969902806783,,False
101990961244800083,barometric_pressure_hpa,2026-09-13 09:00:00+00:00,,876.3979722517456,,False
101990961244800083,barometric_pressure_hpa,2026-09-13 10:00:00+00:00,,875.5072847694672,,False
101990961244800083,barometric_pressure_hpa,2026-09-13 11:00:00+00:00,,874.441256468514,,False
101990961244800083,barometric_pressure_hpa,2026-09-13 12:00:00+00:00,,873.6830702141624,,False
101990961244800083,barometric_pressure_hpa,2026-09-13 13:00:00+00:00,,873.3816638245492,,False
101990961244800083,barometric_pressure_hpa,2026-09-13 14:00:00+00:00,,873.6746778476605,,False
101990961244800083,barometric_pressure_hpa,2026-09-13 15:00:00+00:00,,874.1821139733498,,False
101990961244800083,barometric_pressure_hpa,2026-09-13 16:00:00+00:00,,874.7005672248476,,False
101990961244800083,barometric_pressure_hpa,2026-09-13 17:00:00+00:00,,875.1186328994445,,False
101990961244800083,barometric_pressure_hpa,2026-09-13 18:00:00+00:00,,875.6593176923004,,False
101990961244800083,barometric_pressure_hpa,2026-09-13 19:00:00+00:00,,876.1293077025764,,False
101990961244800083,barometric_pressure_hpa,2026-09-13 20:00:00+00:00,,876.2606581363555,,False
101990961244800083,barometric_pressure_hpa,2026-09-13 21:00:00+00:00,,876.1785943714631,,False
101990961244800083,barometric_pressure_hpa,2026-09-13 22:00:00+00:00,,875.7913862988261,,False
101990961244800083,barometric_pressure_hpa,2026-09-13 23:00:00+00:00,,875.3884382240644,,False
101990961244800083,barometric_pressure_hpa,2026-09-14 00:00:00+00:00,,875.176377846926,,False
101990961244800083,barometric_pressure_hpa,2026-09-14 01:00:00+00:00,,875.2644224344156,,False
101990961244800083,barometric_pressure_hpa,2026-09-14 02:00:00+00:00,,875.6174612113084,,False
101990961244800083,barometric_pressure_hpa,2026-09-14 03:00:00+00:00,,876.0488301427378,,False
101990961244800083,barometric_pressure_hpa,2026-09-14 04:00:00+00:00,,876.672638031471,,False
101990961244800083,barometric_pressure_hpa,2026-09-14 05:00:00+00:00,,877.0560008923076,,False
101990961244800083,barometric_pressure_hpa,2026-09-14 06:00:00+00:00,,877.402188426948,,False
101990961244800083,barometric_pressure_hpa,2026-09-14 07:00:00+00:00,,877.3963528877771,,False
101990961244800083,barometric_pressure_hpa,2026-09-14 08:00:00+00:00,,876.9998155906634,,False
101990961244800083,barometric_pressure_hpa,2026-09-14 09:00:00+00:00,,876.4007228280085,,False
101990961244800083,barometric_pressure_hpa,2026-09-14 10:00:00+00:00,,875.5099625889608,,False
101990961244800083,barometric_pressure_hpa,2026-09-14 11:00:00+00:00,,874.4438634554657,,False
101990961244800083,barometric_pressure_hpa,2026-09-14 12:00:00+00:00,,873.6856082423192,,False
101990961244800083,barometric_pressure_hpa,2026-09-14 13:00:00+00:00,,873.3841347178483,,False
101990961244800083,barometric_pressure_hpa,2026-09-14 14:00:00+00:00,,873.6770833819096,,False
101990961244800083,barometric_pressure_hpa,2026-09-14 15:00:00+00:00,875.7,874.1844558773756,,False
101990961244800083,barometric_pressure_hpa,2026-09-14 16:00:00+00:00,,876.1852746525873,875.7,False
101990961244800083,barometric_pressure_hpa,2026-09-14 17:00:00+00:00,875.7,876.5713260011375,,False
101990961244800083,wind_speed,2026-07-16 15:00:00+00:00,0.8666666666666667,0.3899124981882527,0.175,True
101990961244800083,wind_speed,2026-07-16 16:00:00+00:00,0.0,0.2912851953630982,0.8666666666666667,True
101990961244800083,wind_speed,2026-07-16 17:00:00+00:00,0.0,0.07726817239443387,0.0,True
101990961244800083,wind_speed,2026-07-16 18:00:00+00:00,0.0,0.08510692992460306,0.0,True
101990961244800083,wind_speed,2026-07-16 19:00:00+00:00,0.0,0.09590771014723527,0.0,True
101990961244800083,wind_speed,2026-07-16 20:00:00+00:00,0.0,0.04960986084706791,0.0,True
101990961244800083,wind_speed,2026-07-16 21:00:00+00:00,0.0,0.07946878124570993,0.0,True
101990961244800083,wind_speed,2026-07-16 22:00:00+00:00,,0.11370897940425838,0.0,False
101990961244800083,wind_speed,2026-07-16 23:00:00+00:00,,0.11010446470287355,,False
101990961244800083,wind_speed,2026-07-17 00:00:00+00:00,,0.12628513766742572,,False
101990961244800083,wind_speed,2026-07-17 01:00:00+00:00,,0.12488795206775748,,False
101990961244800083,wind_speed,2026-07-17 02:00:00+00:00,,0.15264460082796394,,False
101990961244800083,wind_speed,2026-07-17 03:00:00+00:00,,0.24115524222658796,,False
101990961244800083,wind_speed,2026-07-17 04:00:00+00:00,0.55,0.2781877130377781,,False
101990961244800083,wind_speed,2026-07-17 05:00:00+00:00,0.6,0.5765670239623415,0.55,True
101990961244800083,wind_speed,2026-07-17 06:00:00+00:00,0.625,0.7534552916209335,0.6,True
101990961244800083,wind_speed,2026-07-17 07:00:00+00:00,0.3,0.7049149085015289,0.625,True
101990961244800083,wind_speed,2026-07-17 08:00:00+00:00,1.3,0.5204152996046715,0.3,True
101990961244800083,wind_speed,2026-07-17 09:00:00+00:00,0.8,0.7243564052093904,1.3,True
101990961244800083,wind_speed,2026-07-17 10:00:00+00:00,0.3333333333333333,0.6563908282900421,0.8,True
101990961244800083,wind_speed,2026-07-17 11:00:00+00:00,0.425,0.49697471857097625,0.3333333333333333,True
101990961244800083,wind_speed,2026-07-17 12:00:00+00:00,0.16,0.5563884853895468,0.425,True
101990961244800083,wind_speed,2026-07-17 13:00:00+00:00,0.1666666666666666,0.5195003598851914,0.16,True
101990961244800083,wind_speed,2026-07-17 14:00:00+00:00,0.45,0.27864526444930704,0.1666666666666666,True
101990961244800083,wind_speed,2026-07-17 15:00:00+00:00,0.18,0.3641022098832474,0.45,True
101990961244800083,wind_speed,2026-07-17 16:00:00+00:00,0.1166666666666666,0.062461113583911064,0.18,True
101990961244800083,wind_speed,2026-07-17 17:00:00+00:00,0.0,0.01998254596065514,0.1166666666666666,True
101990961244800083,wind_speed,2026-07-17 18:00:00+00:00,0.0,0.06034291008146431,0.0,True
101990961244800083,wind_speed,2026-07-17 19:00:00+00:00,0.175,0.08388094454744534,0.0,True
101990961244800083,wind_speed,2026-07-17 20:00:00+00:00,0.5,0.09341929385613051,0.175,True
101990961244800083,wind_speed,2026-07-17 21:00:00+00:00,,0.23455247099173546,0.5,False
101990961244800083,wind_speed,2026-07-17 22:00:00+00:00,,0.24238413984159335,,False
101990961244800083,wind_speed,2026-07-17 23:00:00+00:00,,0.1972666691022784,,False
101990961244800083,wind_speed,2026-07-18 00:00:00+00:00,,0.18515263017914416,,False
101990961244800083,wind_speed,2026-07-18 01:00:00+00:00,,0.16438886071045083,,False
101990961244800083,wind_speed,2026-07-18 02:00:00+00:00,,0.1787687088569399,,False
101990961244800083,wind_speed,2026-07-18 03:00:00+00:00,,0.25786425129615564,,False
101990961244800083,wind_speed,2026-07-18 04:00:00+00:00,,0.28827061270347926,,False
101990961244800083,wind_speed,2026-07-18 05:00:00+00:00,,0.4936008186204409,,False
101990961244800083,wind_speed,2026-07-18 06:00:00+00:00,0.0,0.6712536366699962,,False
101990961244800083,wind_speed,2026-07-18 07:00:00+00:00,0.475,0.4542047736324547,0.0,True
101990961244800083,wind_speed,2026-07-18 08:00:00+00:00,0.175,0.5240102008152798,0.475,True
101990961244800083,wind_speed,2026-07-18 09:00:00+00:00,0.6599999999999999,0.4242848134565058,0.175,True
101990961244800083,wind_speed,2026-07-18 10:00:00+00:00,1.1166666666666667,0.4510571903971229,0.6599999999999999,True
101990961244800083,wind_speed,2026-07-18 11:00:00+00:00,1.025,0.6672210693074665,1.1166666666666667,True
101990961244800083,wind_speed,2026-07-18 12:00:00+00:00,1.125,0.7480080003890722,1.025,True
101990961244800083,wind_speed,2026-07-18 13:00:00+00:00,0.5714285714285714,0.8091052017626957,1.125,True
101990961244800083,wind_speed,2026-07-18 14:00:00+00:00,0.9875,0.5747724001310573,0.5714285714285714,True
101990961244800083,wind_speed,2026-07-18 15:00:00+00:00,1.96,0.5784804430739989,0.9875,True
101990961244800083,wind_speed,2026-07-18 16:00:00+00:00,0.4666666666666666,0.6817069568519104,1.96,True
101990961244800083,wind_speed,2026-07-18 17:00:00+00:00,1.675,0.35950244643551715,0.4666666666666666,True
101990961244800083,wind_speed,2026-07-18 18:00:00+00:00,0.675,0.6633950374931544,1.675,True
101990961244800083,wind_speed,2026-07-18 19:00:00+00:00,1.2,0.5267370232755557,0.675,True
101990961244800083,wind_speed,2026-07-18 20:00:00+00:00,0.0,0.5904275408511824,1.2,True
101990961244800083,wind_speed,2026-07-18 21:00:00+00:00,,0.28075645359343643,0.0,False
101990961244800083,wind_speed,2026-07-18 22:00:00+00:00,,0.27097629568106374,,False
101990961244800083,wind_speed,2026-07-18 23:00:00+00:00,,0.21513060625724445,,False
101990961244800083,wind_speed,2026-07-19 00:00:00+00:00,,0.19499740299313284,,False
101990961244800083,wind_speed,2026-07-19 01:00:00+00:00,,0.16770742893507218,,False
101990961244800083,wind_speed,2026-07-19 02:00:00+00:00,,0.1760643269543909,,False
101990961244800083,wind_speed,2026-07-19 03:00:00+00:00,,0.24872680173825318,,False
101990961244800083,wind_speed,2026-07-19 04:00:00+00:00,0.45,0.2635449233755782,,False
101990961244800083,wind_speed,2026-07-19 05:00:00+00:00,0.8833333333333333,0.5313760276727034,0.45,True
101990961244800083,wind_speed,2026-07-19 06:00:00+00:00,0.3999999999999999,0.7585340773288334,0.8833333333333333,True
101990961244800083,wind_speed,2026-07-19 07:00:00+00:00,0.9,0.6747819111547274,0.3999999999999999,True
101990961244800083,wind_speed,2026-07-19 08:00:00+00:00,0.4666666666666666,0.6534109329948907,0.9,True
101990961244800083,wind_speed,2026-07-19 09:00:00+00:00,0.8,0.603440091167279,0.4666666666666666,True
101990961244800083,wind_speed,2026-07-19 10:00:00+00:00,0.5,0.6269616367274587,0.8,True
101990961244800083,wind_speed,2026-07-19 11:00:00+00:00,0.0,0.5711358447041097,0.5,True
101990961244800083,wind_speed,2026-07-19 12:00:00+00:00,0.525,0.4594840903898397,0.0,True
101990961244800083,wind_speed,2026-07-19 13:00:00+00:00,0.4,0.499745376790506,0.525,True
101990961244800083,wind_speed,2026-07-19 14:00:00+00:00,0.15,0.43394349249059183,0.4,True
101990961244800083,wind_speed,2026-07-19 15:00:00+00:00,0.78,0.4021823130915523,0.15,True
101990961244800083,wind_speed,2026-07-19 16:00:00+00:00,0.0,0.2102203223441465,0.78,True
101990961244800083,wind_speed,2026-07-19 17:00:00+00:00,0.0,0.16266015044912718,0.0,True
101990961244800083,wind_speed,2026-07-19 18:00:00+00:00,0.0,0.07415774693503585,0.0,True
101990961244800083,wind_speed,2026-07-19 19:00:00+00:00,0.0,0.1551682322504293,0.0,True
101990961244800083,wind_speed,2026-07-19 20:00:00+00:00,0.0,0.013248712451300215,0.0,True
101990961244800083,wind_speed,2026-07-19 21:00:00+00:00,0.0,0.08006667569137577,0.0,True
101990961244800083,wind_speed,2026-07-19 22:00:00+00:00,,0.11318493035029989,0.0,False
101990961244800083,wind_speed,2026-07-19 23:00:00+00:00,,0.10948375416979858,,False
101990961244800083,wind_speed,2026-07-20 00:00:00+00:00,,0.12547385371745298,,False
101990961244800083,wind_speed,2026-07-20 01:00:00+00:00,,0.12376431308831057,,False
101990961244800083,wind_speed,2026-07-20 02:00:00+00:00,,0.15103752583223057,,False
101990961244800083,wind_speed,2026-07-20 03:00:00+00:00,,0.2388210194333604,,False
101990961244800083,wind_speed,2026-07-20 04:00:00+00:00,,0.27166632728971657,,False
101990961244800083,wind_speed,2026-07-20 05:00:00+00:00,0.18,0.5070680323670627,,False
101990961244800083,wind_speed,2026-07-20 06:00:00+00:00,0.0,0.5146153965168998,0.18,True
101990961244800083,wind_speed,2026-07-20 07:00:00+00:00,0.0,0.48252674593262657,0.0,True
101990961244800083,wind_speed,2026-07-20 08:00:00+00:00,0.25,0.31474579698505967,0.0,True
101990961244800083,wind_speed,2026-07-20 09:00:00+00:00,0.0,0.41374934338613245,0.25,True
101990961244800083,wind_speed,2026-07-20 10:00:00+00:00,0.52,0.2829015153016657,0.0,True
101990961244800083,wind_speed,2026-07-20 11:00:00+00:00,0.45,0.3904319872892721,0.52,True
101990961244800083,wind_speed,2026-07-20 12:00:00+00:00,0.2,0.5282729984768889,0.45,True
101990961244800083,wind_speed,2026-07-20 13:00:00+00:00,0.0,0.4443677465366085,0.2,True
101990961244800083,wind_speed,2026-07-20 14:00:00+00:00,0.6833333333333332,0.2537762304045743,0.0,True
101990961244800083,wind_speed,2026-07-20 15:00:00+00:00,0.5,0.46376336312971594,0.6833333333333332,True
101990961244800083,wind_speed,2026-07-20 16:00:00+00:00,0.2666666666666666,0.16208560854814913,0.5,True
101990961244800083,wind_speed,2026-07-20 17:00:00+00:00,1.44,0.14414861839139506,0.2666666666666666,True
101990961244800083,wind_speed,2026-07-20 18:00:00+00:00,0.8333333333333334,0.49430845449806443,1.44,True
101990961244800083,wind_speed,2026-07-20 19:00:00+00:00,0.3999999999999999,0.5130248645985291,0.8333333333333334,True
101990961244800083,wind_speed,2026-07-20 20:00:00+00:00,0.0,0.31258656152671205,0.3999999999999999,True
101990961244800083,wind_speed,2026-07-20 21:00:00+00:00,0.9,0.18114978878022686,0.0,True
101990961244800083,wind_speed,2026-07-20 22:00:00+00:00,,0.40715049458190833,0.9,False
101990961244800083,wind_speed,2026-07-20 23:00:00+00:00,,0.3072666018875518,,False
101990961244800083,wind_speed,2026-07-21 00:00:00+00:00,,0.25706760271852,,False
101990961244800083,wind_speed,2026-07-21 01:00:00+00:00,,0.20912503686950334,,False
101990961244800083,wind_speed,2026-07-21 02:00:00+00:00,,0.20311012681002374,,False
101990961244800083,wind_speed,2026-07-21 03:00:00+00:00,,0.265502269004115,,False
101990961244800083,wind_speed,2026-07-21 04:00:00+00:00,0.0,0.27450331172751113,,False
101990961244800083,wind_speed,2026-07-21 05:00:00+00:00,0.475,0.38951788740923887,0.0,True
101990961244800083,wind_speed,2026-07-21 06:00:00+00:00,0.6,0.5581357805649,0.475,True
101990961244800083,wind_speed,2026-07-21 07:00:00+00:00,0.6000000000000001,0.6297813275638615,0.6,True
101990961244800083,wind_speed,2026-07-21 08:00:00+00:00,0.4,0.5672582293187377,0.6000000000000001,True
101990961244800083,wind_speed,2026-07-21 09:00:00+00:00,0.375,0.5092802524017099,0.4,True
101990961244800083,wind_speed,2026-07-21 10:00:00+00:00,0.32,0.46907608036065723,0.375,True
101990961244800083,wind_speed,2026-07-21 11:00:00+00:00,0.45,0.43044002353335037,0.32,True
101990961244800083,wind_speed,2026-07-21 12:00:00+00:00,0.42,0.49952480838005253,0.45,True
101990961244800083,wind_speed,2026-07-21 13:00:00+00:00,1.85,0.4747800273139622,0.42,True
101990961244800083,wind_speed,2026-07-21 14:00:00+00:00,0.5428571428571428,0.8465776900545384,1.85,True
101990961244800083,wind_speed,2026-07-21 15:00:00+00:00,0.16,0.6225976862368124,0.5428571428571428,True
101990961244800083,wind_speed,2026-07-21 16:00:00+00:00,0.0,0.15709185354291128,0.16,True
101990961244800083,wind_speed,2026-07-21 17:00:00+00:00,0.0,0.174726984738647,0.0,True
101990961244800083,wind_speed,2026-07-21 18:00:00+00:00,0.32,0.08979369693533668,0.0,True
101990961244800083,wind_speed,2026-07-21 19:00:00+00:00,0.0,0.19075557018435949,0.32,True
101990961244800083,wind_speed,2026-07-21 20:00:00+00:00,0.36,0.048460101440734,0.0,True
101990961244800083,wind_speed,2026-07-21 21:00:00+00:00,0.0,0.2573550285147731,0.36,True
101990961244800083,wind_speed,2026-07-21 22:00:00+00:00,,0.15702581488352968,0.0,False
101990961244800083,wind_speed,2026-07-21 23:00:00+00:00,,0.13729266029392337,,False
101990961244800083,wind_speed,2026-07-22 00:00:00+00:00,,0.14146781540134096,,False
101990961244800083,wind_speed,2026-07-22 01:00:00+00:00,,0.13036785508378554,,False
101990961244800083,wind_speed,2026-07-22 02:00:00+00:00,,0.14925258800301683,,False
101990961244800083,wind_speed,2026-07-22 03:00:00+00:00,,0.22837691726425202,,False
101990961244800083,wind_speed,2026-07-22 04:00:00+00:00,0.6,0.23361919182508253,,False
101990961244800083,wind_speed,2026-07-22 05:00:00+00:00,0.76,0.597614732076226,0.6,True
101990961244800083,wind_speed,2026-07-22 06:00:00+00:00,0.6000000000000001,0.7427775234577828,0.76,True
101990961244800083,wind_speed,2026-07-22 07:00:00+00:00,0.175,0.7117554228264161,0.6000000000000001,True
101990961244800083,wind_speed,2026-07-22 08:00:00+00:00,0.9,0.462062869664029,0.175,True
101990961244800083,wind_speed,2026-07-22 09:00:00+00:00,0.35,0.6196051121316664,0.9,True
101990961244800083,wind_speed,2026-07-22 10:00:00+00:00,0.575,0.47902672328177054,0.35,True
101990961244800083,wind_speed,2026-07-22 11:00:00+00:00,0.8142857142857143,0.5155899477350211,0.575,True
101990961244800083,wind_speed,2026-07-22 12:00:00+00:00,0.0,0.6442843776449397,0.8142857142857143,True
101990961244800083,wind_speed,2026-07-22 13:00:00+00:00,0.3,0.5503195184128138,0.0,True
101990961244800083,wind_speed,2026-07-22 14:00:00+00:00,1.2,0.3410113038506096,0.3,True
101990961244800083,wind_speed,2026-07-22 15:00:00+00:00,1.24,0.5811387926217569,1.2,True
101990961244800083,wind_speed,2026-07-22 16:00:00+00:00,0.4666666666666666,0.44224820480501004,1.24,True
101990961244800083,wind_speed,2026-07-22 17:00:00+00:00,0.4571428571428572,0.34936035558697576,0.4666666666666666,True
101990961244800083,wind_speed,2026-07-22 18:00:00+00:00,0.1166666666666666,0.32195396753233313,0.4571428571428572,True
101990961244800083,wind_speed,2026-07-22 19:00:00+00:00,0.0,0.2142191562205678,0.1166666666666666,True
101990961244800083,wind_speed,2026-07-22 20:00:00+00:00,0.16,0.10418708444878844,0.0,True
101990961244800083,wind_speed,2026-07-22 21:00:00+00:00,,0.1488548199797592,0.16,False
101990961244800083,wind_speed,2026-07-22 22:00:00+00:00,,0.18021739501482095,,False
101990961244800083,wind_speed,2026-07-22 23:00:00+00:00,,0.1548292837261454,,False
101990961244800083,wind_speed,2026-07-23 00:00:00+00:00,,0.15600906928978137,,False
101990961244800083,wind_speed,2026-07-23 01:00:00+00:00,,0.1441198915309414,,False
101990961244800083,wind_speed,2026-07-23 02:00:00+00:00,,0.16430035714155553,,False
101990961244800083,wind_speed,2026-07-23 03:00:00+00:00,,0.2470024021375043,,False
101990961244800083,wind_speed,2026-07-23 04:00:00+00:00,0.0,0.2825823288545989,,False
101990961244800083,wind_speed,2026-07-23 05:00:00+00:00,0.74,0.4110113893525336,0.0,True
101990961244800083,wind_speed,2026-07-23 06:00:00+00:00,1.3333333333333333,0.646886508015767,0.74,True
101990961244800083,wind_speed,2026-07-23 07:00:00+00:00,1.04,0.8418389491012654,1.3333333333333333,True
101990961244800083,wind_speed,2026-07-23 08:00:00+00:00,0.78,0.8194965906130263,1.04,True
101990961244800083,wind_speed,2026-07-23 09:00:00+00:00,0.22,0.6946871637411396,0.78,True
101990961244800083,wind_speed,2026-07-23 10:00:00+00:00,0.1399999999999999,0.49352380792262074,0.22,True
101990961244800083,wind_speed,2026-07-23 11:00:00+00:00,0.7,0.41799919436332755,0.1399999999999999,True
101990961244800083,wind_speed,2026-07-23 12:00:00+00:00,0.1666666666666666,0.5134296913744253,0.7,True
101990961244800083,wind_speed,2026-07-23 13:00:00+00:00,0.8800000000000001,0.4784473091731591,0.1666666666666666,True
101990961244800083,wind_speed,2026-07-23 14:00:00+00:00,0.2833333333333333,0.5959779652056155,0.8800000000000001,True
101990961244800083,wind_speed,2026-07-23 15:00:00+00:00,1.4833333333333334,0.46945366229042707,0.2833333333333333,True
101990961244800083,wind_speed,2026-07-23 16:00:00+00:00,1.1800000000000002,0.4441501870092759,1.4833333333333334,True
101990961244800083,wind_speed,2026-07-23 17:00:00+00:00,0.2,0.560582653205071,1.1800000000000002,True
101990961244800083,wind_speed,2026-07-23 18:00:00+00:00,0.2571428571428572,0.29889854464553933,0.2,True
101990961244800083,wind_speed,2026-07-23 19:00:00+00:00,0.0,0.24726048968824987,0.2571428571428572,True
101990961244800083,wind_speed,2026-07-23 20:00:00+00:00,0.0,0.11156662201099397,0.0,True
101990961244800083,wind_speed,2026-07-23 21:00:00+00:00,,0.12107723844563795,0.0,False
101990961244800083,wind_speed,2026-07-23 22:00:00+00:00,,0.156393229290436,,False
101990961244800083,wind_speed,2026-07-23 23:00:00+00:00,,0.13777122691325627,,False
101990961244800083,wind_speed,2026-07-24 00:00:00+00:00,,0.1431300388351763,,False
101990961244800083,wind_speed,2026-07-24 01:00:00+00:00,,0.13346541424807748,,False
101990961244800083,wind_speed,2026-07-24 02:00:00+00:00,,0.15425544175217085,,False
101990961244800083,wind_speed,2026-07-24 03:00:00+00:00,,0.23604374467424785,,False
101990961244800083,wind_speed,2026-07-24 04:00:00+00:00,0.0,0.23698913844857497,,False
101990961244800083,wind_speed,2026-07-24 05:00:00+00:00,0.6333333333333333,0.4311094058642131,0.0,True
101990961244800083,wind_speed,2026-07-24 06:00:00+00:00,0.1666666666666666,0.6818756882741718,0.6333333333333333,True
101990961244800083,wind_speed,2026-07-24 07:00:00+00:00,0.5666666666666667,0.5440687711752643,0.1666666666666666,True
101990961244800083,wind_speed,2026-07-24 08:00:00+00:00,0.3333333333333333,0.5269846527462713,0.5666666666666667,True
101990961244800083,wind_speed,2026-07-24 09:00:00+00:00,0.5666666666666667,0.4353173194304087,0.3333333333333333,True
101990961244800083,wind_speed,2026-07-24 10:00:00+00:00,0.5599999999999999,0.4636817760472229,0.5666666666666667,True
101990961244800083,wind_speed,2026-07-24 11:00:00+00:00,0.16,0.5470461494513038,0.5599999999999999,True
101990961244800083,wind_speed,2026-07-24 12:00:00+00:00,0.32,0.411558755393864,0.16,True
101990961244800083,wind_speed,2026-07-24 13:00:00+00:00,0.8,0.5228091053405132,0.32,True
101990961244800083,wind_speed,2026-07-24 14:00:00+00:00,0.92,0.5069433976144381,0.8,True
101990961244800083,wind_speed,2026-07-24 15:00:00+00:00,1.275,0.6945971413399112,0.92,True
101990961244800083,wind_speed,2026-07-24 16:00:00+00:00,1.75,0.5150584204098139,1.275,True
101990961244800083,wind_speed,2026-07-24 17:00:00+00:00,0.4,0.6884921335211508,1.75,True
101990961244800083,wind_speed,2026-07-24 18:00:00+00:00,0.0,0.42580334228324357,0.4,True
101990961244800083,wind_speed,2026-07-24 19:00:00+00:00,0.7833333333333333,0.21317524367836696,0.0,True
101990961244800083,wind_speed,2026-07-24 20:00:00+00:00,0.775,0.3086088795406341,0.7833333333333333,True
101990961244800083,wind_speed,2026-07-24 21:00:00+00:00,0.0,0.42216730991717527,0.775,True
101990961244800083,wind_speed,2026-07-24 22:00:00+00:00,,0.24179611763429665,0.0,False
101990961244800083,wind_speed,2026-07-24 23:00:00+00:00,,0.19500734638769296,,False
101990961244800083,wind_speed,2026-07-25 00:00:00+00:00,,0.18087910345343433,,False
101990961244800083,wind_speed,2026-07-25 01:00:00+00:00,,0.15745145515489484,,False
101990961244800083,wind_speed,2026-07-25 02:00:00+00:00,,0.1681162445706465,,False
101990961244800083,wind_speed,2026-07-25 03:00:00+00:00,,0.2418812899321533,,False
101990961244800083,wind_speed,2026-07-25 04:00:00+00:00,0.0,0.23703459173349112,,False
101990961244800083,wind_speed,2026-07-25 05:00:00+00:00,0.3857142857142857,0.43582735313200494,0.0,True
101990961244800083,wind_speed,2026-07-25 06:00:00+00:00,0.0,0.5350357222944826,0.3857142857142857,True
101990961244800083,wind_speed,2026-07-25 07:00:00+00:00,0.3666666666666667,0.4631082459618161,0.0,True
101990961244800083,wind_speed,2026-07-25 08:00:00+00:00,0.22,0.42542735208223237,0.3666666666666667,True
101990961244800083,wind_speed,2026-07-25 09:00:00+00:00,0.2666666666666666,0.4040679413086644,0.22,True
101990961244800083,wind_speed,2026-07-25 10:00:00+00:00,0.9,0.37829480830224593,0.2666666666666666,True
101990961244800083,wind_speed,2026-07-25 11:00:00+00:00,0.575,0.5511101190645069,0.9,True
101990961244800083,wind_speed,2026-07-25 12:00:00+00:00,0.1333333333333333,0.5588591460520618,0.575,True
101990961244800083,wind_speed,2026-07-25 13:00:00+00:00,0.45,0.5296369626611642,0.1333333333333333,True
101990961244800083,wind_speed,2026-07-25 14:00:00+00:00,0.0,0.4576518892561473,0.45,True
101990961244800083,wind_speed,2026-07-25 15:00:00+00:00,0.0,0.3967360423965762,0.0,True
101990961244800083,wind_speed,2026-07-25 16:00:00+00:00,0.0,0.10853672434057193,0.0,True
101990961244800083,wind_speed,2026-07-25 17:00:00+00:00,0.0,0.0009941746353561154,0.0,True
101990961244800083,wind_speed,2026-07-25 18:00:00+00:00,0.0,0.008562323279133371,0.0,True
101990961244800083,wind_speed,2026-07-25 19:00:00+00:00,0.0,0.12145320347838451,0.0,True
101990961244800083,wind_speed,2026-07-25 20:00:00+00:00,0.1166666666666666,0.0733641542174015,0.0,True
101990961244800083,wind_speed,2026-07-25 21:00:00+00:00,0.0,0.0859719233686817,0.1166666666666666,True
101990961244800083,wind_speed,2026-07-25 22:00:00+00:00,,0.12292842102061524,0.0,False
101990961244800083,wind_speed,2026-07-25 23:00:00+00:00,,0.1135748588275605,,False
101990961244800083,wind_speed,2026-07-26 00:00:00+00:00,,0.12453259323027988,,False
101990961244800083,wind_speed,2026-07-26 01:00:00+00:00,,0.11764569873883896,,False
101990961244800083,wind_speed,2026-07-26 02:00:00+00:00,,0.1388149014740508,,False
101990961244800083,wind_speed,2026-07-26 03:00:00+00:00,,0.2186408331431562,,False
101990961244800083,wind_speed,2026-07-26 04:00:00+00:00,,0.2167273579473867,,False
101990961244800083,wind_speed,2026-07-26 05:00:00+00:00,0.0,0.4886072300260632,,False
101990961244800083,wind_speed,2026-07-26 06:00:00+00:00,0.1999999999999999,0.40687538189509376,0.0,True
101990961244800083,wind_speed,2026-07-26 07:00:00+00:00,0.2666666666666666,0.466419037373534,0.1999999999999999,True
101990961244800083,wind_speed,2026-07-26 08:00:00+00:00,0.6666666666666666,0.39425859664272433,0.2666666666666666,True
101990961244800083,wind_speed,2026-07-26 09:00:00+00:00,0.8400000000000001,0.5033499250053652,0.6666666666666666,True
101990961244800083,wind_speed,2026-07-26 10:00:00+00:00,0.62,0.6257711338476831,0.8400000000000001,True
101990961244800083,wind_speed,2026-07-26 11:00:00+00:00,0.375,0.5750943285233999,0.62,True
101990961244800083,wind_speed,2026-07-26 12:00:00+00:00,0.38,0.4737991677200394,0.375,True
101990961244800083,wind_speed,2026-07-26 13:00:00+00:00,0.52,0.5560113653022448,0.38,True
101990961244800083,wind_speed,2026-07-26 14:00:00+00:00,0.0,0.4382395529154067,0.52,True
101990961244800083,wind_speed,2026-07-26 15:00:00+00:00,0.0,0.347983800727772,0.0,True
101990961244800083,wind_speed,2026-07-26 16:00:00+00:00,0.0,0.04417363017375374,0.0,True
101990961244800083,wind_speed,2026-07-26 17:00:00+00:00,0.0,0.01814835182626451,0.0,True
101990961244800083,wind_speed,2026-07-26 18:00:00+00:00,0.0,0.02942600239715119,0.0,True
101990961244800083,wind_speed,2026-07-26 19:00:00+00:00,0.0,0.0847137314296525,0.0,True
101990961244800083,wind_speed,2026-07-26 20:00:00+00:00,0.0,0.05508419387464985,0.0,True
101990961244800083,wind_speed,2026-07-26 21:00:00+00:00,0.0,0.0655676867132068,0.0,True
101990961244800083,wind_speed,2026-07-26 22:00:00+00:00,,0.10934668157533449,0.0,False
101990961244800083,wind_speed,2026-07-26 23:00:00+00:00,,0.10374405268174693,,False
101990961244800083,wind_speed,2026-07-27 00:00:00+00:00,,0.11696188657875187,,False
101990961244800083,wind_speed,2026-07-27 01:00:00+00:00,,0.11118700228242577,,False
101990961244800083,wind_speed,2026-07-27 02:00:00+00:00,,0.13248875710696334,,False
101990961244800083,wind_speed,2026-07-27 03:00:00+00:00,,0.2114878857642107,,False
101990961244800083,wind_speed,2026-07-27 04:00:00+00:00,,0.21118748349174538,,False
101990961244800083,wind_speed,2026-07-27 05:00:00+00:00,0.0,0.45170810355595925,,False
101990961244800083,wind_speed,2026-07-27 06:00:00+00:00,0.0,0.4172885769919923,0.0,True
101990961244800083,wind_speed,2026-07-27 07:00:00+00:00,1.3,0.396666252448201,0.0,True
101990961244800083,wind_speed,2026-07-27 08:00:00+00:00,1.1,0.6958609758628996,1.3,True
101990961244800083,wind_speed,2026-07-27 09:00:00+00:00,0.0,0.7666300615305919,1.1,True
101990961244800083,wind_speed,2026-07-27 10:00:00+00:00,,0.4556330241115989,0.0,False
101990961244800083,wind_speed,2026-07-27 11:00:00+00:00,0.8,0.45433689463111765,,False
101990961244800083,wind_speed,2026-07-27 12:00:00+00:00,0.0,0.5744698804930359,0.8,True
101990961244800083,wind_speed,2026-07-27 13:00:00+00:00,0.0,0.48198185044603437,0.0,True
101990961244800083,wind_speed,2026-07-27 14:00:00+00:00,,0.24660402208710186,0.0,False
101990961244800083,wind_speed,2026-07-27 15:00:00+00:00,0.0,0.3351736430171294,,False
101990961244800083,wind_speed,2026-07-27 16:00:00+00:00,0.8,0.03233142200087984,0.0,True
101990961244800083,wind_speed,2026-07-27 17:00:00+00:00,0.2,0.24111587014519198,0.8,True
101990961244800083,wind_speed,2026-07-27 18:00:00+00:00,1.1,0.1736469608651665,0.2,True
101990961244800083,wind_speed,2026-07-27 19:00:00+00:00,,0.44825433252621394,1.1,False
101990961244800083,wind_speed,2026-07-27 20:00:00+00:00,,0.31885111858642246,,False
101990961244800083,wind_speed,2026-07-27 21:00:00+00:00,,0.2624964650833089,,False
101990961244800083,wind_speed,2026-07-27 22:00:00+00:00,,0.2615123313695582,,False
101990961244800083,wind_speed,2026-07-27 23:00:00+00:00,,0.20679515591468778,,False
101990961244800083,wind_speed,2026-07-28 00:00:00+00:00,,0.18652606781040795,,False
101990961244800083,wind_speed,2026-07-28 01:00:00+00:00,,0.15781362218793843,,False
101990961244800083,wind_speed,2026-07-28 02:00:00+00:00,,0.16324870590081778,,False
101990961244800083,wind_speed,2026-07-28 03:00:00+00:00,,0.23104588694617353,,False
101990961244800083,wind_speed,2026-07-28 04:00:00+00:00,,0.22270115455293638,,False
101990961244800083,wind_speed,2026-07-28 05:00:00+00:00,,0.44697559937393366,,False
101990961244800083,wind_speed,2026-07-28 06:00:00+00:00,,0.5445410991496173,,False
101990961244800083,wind_speed,2026-07-28 07:00:00+00:00,,0.6993259470243705,,False
101990961244800083,wind_speed,2026-07-28 08:00:00+00:00,,0.6344267876364269,,False
101990961244800083,wind_speed,2026-07-28 09:00:00+00:00,,0.5220935791544951,,False
101990961244800083,wind_speed,2026-07-28 10:00:00+00:00,,0.5365988790560838,,False
101990961244800083,wind_speed,2026-07-28 11:00:00+00:00,,0.5479222454190829,,False
101990961244800083,wind_speed,2026-07-28 12:00:00+00:00,,0.47358853870624146,,False
101990961244800083,wind_speed,2026-07-28 13:00:00+00:00,,0.5551526224767303,,False
101990961244800083,wind_speed,2026-07-28 14:00:00+00:00,,0.46980942824201877,,False
101990961244800083,wind_speed,2026-07-28 15:00:00+00:00,,0.46701320641241495,,False
101990961244800083,wind_speed,2026-07-28 16:00:00+00:00,,0.2959178332601029,,False
101990961244800083,wind_speed,2026-07-28 17:00:00+00:00,,0.1724923705521821,,False
101990961244800083,wind_speed,2026-07-28 18:00:00+00:00,,0.21980273344985057,,False
101990961244800083,wind_speed,2026-07-28 19:00:00+00:00,,0.1922088274613345,,False
101990961244800083,wind_speed,2026-07-28 20:00:00+00:00,,0.14573317105672065,,False
101990961244800083,wind_speed,2026-07-28 21:00:00+00:00,,0.14735188596880547,,False
101990961244800083,wind_speed,2026-07-28 22:00:00+00:00,,0.1825371849769764,,False
101990961244800083,wind_speed,2026-07-28 23:00:00+00:00,,0.15378353282747867,,False
101990961244800083,wind_speed,2026-07-29 00:00:00+00:00,,0.15143879457570436,,False
101990961244800083,wind_speed,2026-07-29 01:00:00+00:00,,0.13532973975761065,,False
101990961244800083,wind_speed,2026-07-29 02:00:00+00:00,,0.14995855012529008,,False
101990961244800083,wind_speed,2026-07-29 03:00:00+00:00,,0.2249340155267009,,False
101990961244800083,wind_speed,2026-07-29 04:00:00+00:00,,0.2228504453168851,,False
101990961244800083,wind_speed,2026-07-29 05:00:00+00:00,,0.46465523271519604,,False
101990961244800083,wind_speed,2026-07-29 06:00:00+00:00,,0.5692245959020845,,False
101990961244800083,wind_speed,2026-07-29 07:00:00+00:00,,0.6650393156753422,,False
101990961244800083,wind_speed,2026-07-29 08:00:00+00:00,,0.6081099434269718,,False
101990961244800083,wind_speed,2026-07-29 09:00:00+00:00,,0.5483166174903398,,False
101990961244800083,wind_speed,2026-07-29 10:00:00+00:00,0.0,0.5394107519795349,,False
101990961244800083,wind_speed,2026-07-29 11:00:00+00:00,0.85,0.35575906386064793,0.0,True
101990961244800083,wind_speed,2026-07-29 12:00:00+00:00,1.2,0.5194527855357125,0.85,True
101990961244800083,wind_speed,2026-07-29 13:00:00+00:00,2.0,0.7901544302615513,1.2,True
101990961244800083,wind_speed,2026-07-29 14:00:00+00:00,1.3,0.9602884916391496,2.0,True
101990961244800083,wind_speed,2026-07-29 15:00:00+00:00,1.2,0.9119465735756327,1.3,True
101990961244800083,wind_speed,2026-07-29 16:00:00+00:00,2.32,0.6356076955902095,1.2,True
101990961244800083,wind_speed,2026-07-29 17:00:00+00:00,1.1,0.8917867609341661,2.32,True
101990961244800083,wind_speed,2026-07-29 18:00:00+00:00,,0.7212956780026822,1.1,False
101990961244800083,wind_speed,2026-07-29 19:00:00+00:00,,0.5507309492514405,,False
101990961244800083,wind_speed,2026-07-29 20:00:00+00:00,,0.3892292087954358,,False
101990961244800083,wind_speed,2026-07-29 21:00:00+00:00,,0.31281290448255855,,False
101990961244800083,wind_speed,2026-07-29 22:00:00+00:00,,0.2948265783619923,,False
101990961244800083,wind_speed,2026-07-29 23:00:00+00:00,,0.23002313132567503,,False
101990961244800083,wind_speed,2026-07-30 00:00:00+00:00,,0.20319027706150386,,False
101990961244800083,wind_speed,2026-07-30 01:00:00+00:00,,0.17044118062728272,,False
101990961244800083,wind_speed,2026-07-30 02:00:00+00:00,,0.17375457324065596,,False
101990961244800083,wind_speed,2026-07-30 03:00:00+00:00,,0.2410232702026252,,False
101990961244800083,wind_speed,2026-07-30 04:00:00+00:00,,0.2336738112897816,,False
101990961244800083,wind_speed,2026-07-30 05:00:00+00:00,,0.4724484316552216,,False
101990961244800083,wind_speed,2026-07-30 06:00:00+00:00,,0.5744718765115521,,False
101990961244800083,wind_speed,2026-07-30 07:00:00+00:00,,0.664871964602757,,False
101990961244800083,wind_speed,2026-07-30 08:00:00+00:00,,0.6062959482562118,,False
101990961244800083,wind_speed,2026-07-30 09:00:00+00:00,,0.5471281723735957,,False
101990961244800083,wind_speed,2026-07-30 10:00:00+00:00,,0.49299435749696097,,False
101990961244800083,wind_speed,2026-07-30 11:00:00+00:00,,0.5614665338862708,,False
101990961244800083,wind_speed,2026-07-30 12:00:00+00:00,,0.560679238969003,,False
101990961244800083,wind_speed,2026-07-30 13:00:00+00:00,,0.7086625572478278,,False
101990961244800083,wind_speed,2026-07-30 14:00:00+00:00,,0.5528687464916869,,False
101990961244800083,wind_speed,2026-07-30 15:00:00+00:00,,0.5541910939227139,,False
101990961244800083,wind_speed,2026-07-30 16:00:00+00:00,,0.4455204610247847,,False
101990961244800083,wind_speed,2026-07-30 17:00:00+00:00,,0.2513813817480621,,False
101990961244800083,wind_speed,2026-07-30 18:00:00+00:00,,0.21847366583330785,,False
101990961244800083,wind_speed,2026-07-30 19:00:00+00:00,,0.2102207441373698,,False
101990961244800083,wind_speed,2026-07-30 20:00:00+00:00,,0.1580025440840067,,False
101990961244800083,wind_speed,2026-07-30 21:00:00+00:00,,0.15580802136782063,,False
101990961244800083,wind_speed,2026-07-30 22:00:00+00:00,,0.1882217877287683,,False
101990961244800083,wind_speed,2026-07-30 23:00:00+00:00,,0.15765679452273543,,False
101990961244800083,wind_speed,2026-07-31 00:00:00+00:00,,0.15408809260876793,,False
101990961244800083,wind_speed,2026-07-31 01:00:00+00:00,,0.13715683855078808,,False
101990961244800083,wind_speed,2026-07-31 02:00:00+00:00,,0.15124052766961657,,False
101990961244800083,wind_speed,2026-07-31 03:00:00+00:00,,0.22586528276947423,,False
101990961244800083,wind_speed,2026-07-31 04:00:00+00:00,,0.22357321135278313,,False
101990961244800083,wind_speed,2026-07-31 05:00:00+00:00,,0.46590457562776016,,False
101990961244800083,wind_speed,2026-07-31 06:00:00+00:00,,0.5704558575246661,,False
101990961244800083,wind_speed,2026-07-31 07:00:00+00:00,,0.66258184767545,,False
101990961244800083,wind_speed,2026-07-31 08:00:00+00:00,,0.6055840500935068,,False
101990961244800083,wind_speed,2026-07-31 09:00:00+00:00,,0.548020902561238,,False
101990961244800083,wind_speed,2026-07-31 10:00:00+00:00,,0.5178494313160629,,False
101990961244800083,wind_speed,2026-07-31 11:00:00+00:00,,0.5455571321173178,,False
101990961244800083,wind_speed,2026-07-31 12:00:00+00:00,,0.5265524035041165,,False
101990961244800083,wind_speed,2026-07-31 13:00:00+00:00,,0.6403975077952364,,False
101990961244800083,wind_speed,2026-07-31 14:00:00+00:00,,0.5133385993835046,,False
101990961244800083,wind_speed,2026-07-31 15:00:00+00:00,,0.5200643023135749,,False
101990961244800083,wind_speed,2026-07-31 16:00:00+00:00,,0.3468124858276854,,False
101990961244800083,wind_speed,2026-07-31 17:00:00+00:00,,0.20667015863307894,,False
101990961244800083,wind_speed,2026-07-31 18:00:00+00:00,,0.19197523688610663,,False
101990961244800083,wind_speed,2026-07-31 19:00:00+00:00,,0.1922759612683202,,False
101990961244800083,wind_speed,2026-07-31 20:00:00+00:00,,0.1458169691137579,,False
101990961244800083,wind_speed,2026-07-31 21:00:00+00:00,,0.1475339099117196,,False
101990961244800083,wind_speed,2026-07-31 22:00:00+00:00,,0.1826037449003276,,False
101990961244800083,wind_speed,2026-07-31 23:00:00+00:00,,0.1538431059818788,,False
101990961244800083,wind_speed,2026-08-01 00:00:00+00:00,,0.1515004153075053,,False
101990961244800083,wind_speed,2026-08-01 01:00:00+00:00,,0.1354027531392973,,False
101990961244800083,wind_speed,2026-08-01 02:00:00+00:00,,0.15005402839193505,,False
101990961244800083,wind_speed,2026-08-01 03:00:00+00:00,,0.2250664378872492,,False
101990961244800083,wind_speed,2026-08-01 04:00:00+00:00,,0.22304087804764824,,False
101990961244800083,wind_speed,2026-08-01 05:00:00+00:00,,0.4655596621439946,,False
101990961244800083,wind_speed,2026-08-01 06:00:00+00:00,,0.570244136106176,,False
101990961244800083,wind_speed,2026-08-01 07:00:00+00:00,,0.6624610634500575,,False
101990961244800083,wind_speed,2026-08-01 08:00:00+00:00,,0.6055463862703317,,False
101990961244800083,wind_speed,2026-08-01 09:00:00+00:00,0.2666666666666666,0.5480677155620113,,False
101990961244800083,wind_speed,2026-08-01 10:00:00+00:00,,0.426143278980177,0.2666666666666666,False
101990961244800083,wind_speed,2026-08-01 11:00:00+00:00,0.8,0.4815550329331528,,False
101990961244800083,wind_speed,2026-08-01 12:00:00+00:00,,0.5813705055383916,0.8,False
101990961244800083,wind_speed,2026-08-01 13:00:00+00:00,0.0,0.6752460896879818,,False
101990961244800083,wind_speed,2026-08-01 14:00:00+00:00,0.8,0.3271651795688763,0.0,True
101990961244800083,wind_speed,2026-08-01 15:00:00+00:00,0.7,0.5279324916363681,0.8,True
101990961244800083,wind_speed,2026-08-01 16:00:00+00:00,0.0,0.3965387046037636,0.7,True
101990961244800083,wind_speed,2026-08-01 17:00:00+00:00,0.0,0.13042065899240252,0.0,True
101990961244800083,wind_speed,2026-08-01 18:00:00+00:00,0.0,0.10382737782340262,0.0,True
101990961244800083,wind_speed,2026-08-01 19:00:00+00:00,0.0,0.10329819453422076,0.0,True
101990961244800083,wind_speed,2026-08-01 20:00:00+00:00,,0.05640666251610005,0.0,False
101990961244800083,wind_speed,2026-08-01 21:00:00+00:00,,0.08676368597605386,,False
101990961244800083,wind_speed,2026-08-01 22:00:00+00:00,,0.14125782049271385,,False
101990961244800083,wind_speed,2026-08-01 23:00:00+00:00,,0.1256514122706835,,False
101990961244800083,wind_speed,2026-08-02 00:00:00+00:00,,0.13218770278670738,,False
101990961244800083,wind_speed,2026-08-02 01:00:00+00:00,,0.12204026359327906,,False
101990961244800083,wind_speed,2026-08-02 02:00:00+00:00,,0.1406153499643294,,False
101990961244800083,wind_speed,2026-08-02 03:00:00+00:00,,0.21812020197300022,,False
101990961244800083,wind_speed,2026-08-02 04:00:00+00:00,,0.2175342143049947,,False
101990961244800083,wind_speed,2026-08-02 05:00:00+00:00,0.0,0.4606582468294466,,False
101990961244800083,wind_speed,2026-08-02 06:00:00+00:00,0.0,0.4129161915158064,0.0,True
101990961244800083,wind_speed,2026-08-02 07:00:00+00:00,0.0,0.4342862927777086,0.0,True
101990961244800083,wind_speed,2026-08-02 08:00:00+00:00,1.1,0.32498580677803757,0.0,True
101990961244800083,wind_speed,2026-08-02 09:00:00+00:00,1.0,0.5539332402312174,1.1,True
101990961244800083,wind_speed,2026-08-02 10:00:00+00:00,0.5,0.661785790815459,1.0,True
101990961244800083,wind_speed,2026-08-02 11:00:00+00:00,0.0,0.6215280962505406,0.5,True
101990961244800083,wind_speed,2026-08-02 12:00:00+00:00,1.7,0.3806031126738835,0.0,True
101990961244800083,wind_speed,2026-08-02 13:00:00+00:00,1.15,0.8541068143635764,1.7,True
101990961244800083,wind_speed,2026-08-02 14:00:00+00:00,0.3333333333333333,0.8059629537650764,1.15,True
101990961244800083,wind_speed,2026-08-02 15:00:00+00:00,,0.5844552644566254,0.3333333333333333,False
101990961244800083,wind_speed,2026-08-02 16:00:00+00:00,,0.34532967421897764,,False
101990961244800083,wind_speed,2026-08-02 17:00:00+00:00,0.0,0.20933019348652696,,False
101990961244800083,wind_speed,2026-08-02 18:00:00+00:00,,0.121974270026934,0.0,False
101990961244800083,wind_speed,2026-08-02 19:00:00+00:00,,0.13905070958078292,,False
101990961244800083,wind_speed,2026-08-02 20:00:00+00:00,,0.1127723480510823,,False
101990961244800083,wind_speed,2026-08-02 21:00:00+00:00,,0.12438100859580101,,False
101990961244800083,wind_speed,2026-08-02 22:00:00+00:00,,0.165832268560103,,False
101990961244800083,wind_speed,2026-08-02 23:00:00+00:00,,0.14090971392045593,,False
101990961244800083,wind_speed,2026-08-03 00:00:00+00:00,,0.14044376873272696,,False
101990961244800083,wind_speed,2026-08-03 01:00:00+00:00,,0.12454612220110639,,False
101990961244800083,wind_speed,2026-08-03 02:00:00+00:00,,0.13775101167887177,,False
101990961244800083,wind_speed,2026-08-03 03:00:00+00:00,,0.20945129202112275,,False
101990961244800083,wind_speed,2026-08-03 04:00:00+00:00,,0.20174963460814527,,False
101990961244800083,wind_speed,2026-08-03 05:00:00+00:00,0.95,0.42139077173921363,,False
101990961244800083,wind_speed,2026-08-03 06:00:00+00:00,,0.6913227366421631,0.95,False
101990961244800083,wind_speed,2026-08-03 07:00:00+00:00,0.6666666666666666,0.7186670832821719,,False
101990961244800083,wind_speed,2026-08-03 08:00:00+00:00,1.6,0.7115760982626997,0.6666666666666666,True
101990961244800083,wind_speed,2026-08-03 09:00:00+00:00,0.7,0.874720768533139,1.6,True
101990961244800083,wind_speed,2026-08-03 10:00:00+00:00,,0.6683268886472096,0.7,False
101990961244800083,wind_speed,2026-08-03 11:00:00+00:00,1.7,0.6093356373646052,,False
101990961244800083,wind_speed,2026-08-03 12:00:00+00:00,0.4,1.034716253098967,1.7,True
101990961244800083,wind_speed,2026-08-03 13:00:00+00:00,1.6,0.7562296577724215,0.4,True
101990961244800083,wind_speed,2026-08-03 14:00:00+00:00,,0.8076692738406076,1.6,False
101990961244800083,wind_speed,2026-08-03 15:00:00+00:00,1.7,0.7321387441354805,,False
101990961244800083,wind_speed,2026-08-03 16:00:00+00:00,1.05,0.7635484867595643,1.7,True
101990961244800083,wind_speed,2026-08-03 17:00:00+00:00,0.0,0.5576180021311744,1.05,True
101990961244800083,wind_speed,2026-08-03 18:00:00+00:00,0.9,0.2789478614330555,0.0,True
101990961244800083,wind_speed,2026-08-03 19:00:00+00:00,0.0,0.4230274758339304,0.9,True
101990961244800083,wind_speed,2026-08-03 20:00:00+00:00,,0.18584701236392964,0.0,False
101990961244800083,wind_speed,2026-08-03 21:00:00+00:00,,0.17500335613988854,,False
101990961244800083,wind_speed,2026-08-03 22:00:00+00:00,,0.20167792373106666,,False
101990961244800083,wind_speed,2026-08-03 23:00:00+00:00,,0.16741461254648077,,False
101990961244800083,wind_speed,2026-08-04 00:00:00+00:00,,0.16162735889391885,,False
101990961244800083,wind_speed,2026-08-04 01:00:00+00:00,,0.14362088053848351,,False
101990961244800083,wind_speed,2026-08-04 02:00:00+00:00,,0.1576096107706904,,False
101990961244800083,wind_speed,2026-08-04 03:00:00+00:00,,0.23310527373094903,,False
101990961244800083,wind_speed,2026-08-04 04:00:00+00:00,,0.23278675079781203,,False
101990961244800083,wind_speed,2026-08-04 05:00:00+00:00,,0.49263486408981627,,False
101990961244800083,wind_speed,2026-08-04 06:00:00+00:00,,0.567801098553898,,False
101990961244800083,wind_speed,2026-08-04 07:00:00+00:00,,0.6381085883151584,,False
101990961244800083,wind_speed,2026-08-04 08:00:00+00:00,,0.7079802268096897,,False
101990961244800083,wind_speed,2026-08-04 09:00:00+00:00,,0.5664923520771101,,False
101990961244800083,wind_speed,2026-08-04 10:00:00+00:00,,0.5528453239625204,,False
101990961244800083,wind_speed,2026-08-04 11:00:00+00:00,,0.6355562777103898,,False
101990961244800083,wind_speed,2026-08-04 12:00:00+00:00,,0.5502727735864901,,False
101990961244800083,wind_speed,2026-08-04 13:00:00+00:00,,0.715271261326274,,False
101990961244800083,wind_speed,2026-08-04 14:00:00+00:00,,0.5629926165810868,,False
101990961244800083,wind_speed,2026-08-04 15:00:00+00:00,,0.6290485694571124,,False
101990961244800083,wind_speed,2026-08-04 16:00:00+00:00,,0.39140145535143367,,False
101990961244800083,wind_speed,2026-08-04 17:00:00+00:00,,0.17383001656104757,,False
101990961244800083,wind_speed,2026-08-04 18:00:00+00:00,,0.24627501214036696,,False
101990961244800083,wind_speed,2026-08-04 19:00:00+00:00,,0.16573247828794704,,False
101990961244800083,wind_speed,2026-08-04 20:00:00+00:00,,0.14476605072147267,,False
101990961244800083,wind_speed,2026-08-04 21:00:00+00:00,,0.14677970630555134,,False
101990961244800083,wind_speed,2026-08-04 22:00:00+00:00,,0.18203149006668184,,False
101990961244800083,wind_speed,2026-08-04 23:00:00+00:00,,0.15336602791224552,,False
101990961244800083,wind_speed,2026-08-05 00:00:00+00:00,,0.15104616581532598,,False
101990961244800083,wind_speed,2026-08-05 01:00:00+00:00,,0.13490244890720476,,False
101990961244800083,wind_speed,2026-08-05 02:00:00+00:00,,0.14943179687485506,,False
101990961244800083,wind_speed,2026-08-05 03:00:00+00:00,,0.22422791813862014,,False
101990961244800083,wind_speed,2026-08-05 04:00:00+00:00,,0.22186360909591946,,False
101990961244800083,wind_speed,2026-08-05 05:00:00+00:00,,0.46721734311327157,,False
101990961244800083,wind_speed,2026-08-05 06:00:00+00:00,,0.555967707659602,,False
101990961244800083,wind_speed,2026-08-05 07:00:00+00:00,,0.6359796523693818,,False
101990961244800083,wind_speed,2026-08-05 08:00:00+00:00,,0.660632177144929,,False
101990961244800083,wind_speed,2026-08-05 09:00:00+00:00,,0.559180502601103,,False
101990961244800083,wind_speed,2026-08-05 10:00:00+00:00,,0.5327182997396813,,False
101990961244800083,wind_speed,2026-08-05 11:00:00+00:00,,0.5794306089249806,,False
101990961244800083,wind_speed,2026-08-05 12:00:00+00:00,0.7,0.5580869838252325,,False
101990961244800083,wind_speed,2026-08-05 13:00:00+00:00,,0.7156003785047104,0.7,False
101990961244800083,wind_speed,2026-08-05 14:00:00+00:00,,0.5680914365743136,,False
101990961244800083,wind_speed,2026-08-05 15:00:00+00:00,0.0,0.5943277799276167,,False
101990961244800083,wind_speed,2026-08-05 16:00:00+00:00,0.8,0.17969803104686463,0.0,True
101990961244800083,wind_speed,2026-08-05 17:00:00+00:00,,0.24062071973402602,0.8,False
101990961244800083,wind_speed,2026-08-05 18:00:00+00:00,,0.2510582304605355,,False
101990961244800083,wind_speed,2026-08-05 19:00:00+00:00,,0.20105345707687539,,False
101990961244800083,wind_speed,2026-08-05 20:00:00+00:00,,0.160675775661919,,False
101990961244800083,wind_speed,2026-08-05 21:00:00+00:00,,0.15757259721016814,,False
101990961244800083,wind_speed,2026-08-05 22:00:00+00:00,,0.18934428092875952,,False
101990961244800083,wind_speed,2026-08-05 23:00:00+00:00,,0.15830769804634534,,False
101990961244800083,wind_speed,2026-08-06 00:00:00+00:00,,0.15436611585613677,,False
101990961244800083,wind_speed,2026-08-06 01:00:00+00:00,,0.1371041468319055,,False
101990961244800083,wind_speed,2026-08-06 02:00:00+00:00,,0.15084912853985086,,False
101990961244800083,wind_speed,2026-08-06 03:00:00+00:00,,0.22507582084316924,,False
101990961244800083,wind_speed,2026-08-06 04:00:00+00:00,,0.22227066745330698,,False
101990961244800083,wind_speed,2026-08-06 05:00:00+00:00,,0.4666774062305195,,False
101990961244800083,wind_speed,2026-08-06 06:00:00+00:00,,0.5560792422986691,,False
101990961244800083,wind_speed,2026-08-06 07:00:00+00:00,,0.6366496134166837,,False
101990961244800083,wind_speed,2026-08-06 08:00:00+00:00,,0.6590901039361657,,False
101990961244800083,wind_speed,2026-08-06 09:00:00+00:00,,0.5600472393142923,,False
101990961244800083,wind_speed,2026-08-06 10:00:00+00:00,,0.5334261626101628,,False
101990961244800083,wind_speed,2026-08-06 11:00:00+00:00,,0.5789921398718155,,False
101990961244800083,wind_speed,2026-08-06 12:00:00+00:00,,0.5712282749985109,,False
101990961244800083,wind_speed,2026-08-06 13:00:00+00:00,,0.6648667158810082,,False
101990961244800083,wind_speed,2026-08-06 14:00:00+00:00,,0.5282617819721246,,False
101990961244800083,wind_speed,2026-08-06 15:00:00+00:00,,0.518664685090319,,False
101990961244800083,wind_speed,2026-08-06 16:00:00+00:00,,0.394447215315926,,False
101990961244800083,wind_speed,2026-08-06 17:00:00+00:00,,0.1885321730035666,,False
101990961244800083,wind_speed,2026-08-06 18:00:00+00:00,,0.21354899171008762,,False
101990961244800083,wind_speed,2026-08-06 19:00:00+00:00,,0.17726682694139717,,False
101990961244800083,wind_speed,2026-08-06 20:00:00+00:00,,0.1440952585497157,,False
101990961244800083,wind_speed,2026-08-06 21:00:00+00:00,,0.14630884684006087,,False
101990961244800083,wind_speed,2026-08-06 22:00:00+00:00,,0.1816891578837221,,False
101990961244800083,wind_speed,2026-08-06 23:00:00+00:00,,0.15310030857557586,,False
101990961244800083,wind_speed,2026-08-07 00:00:00+00:00,,0.1508167631959032,,False
101990961244800083,wind_speed,2026-08-07 01:00:00+00:00,,0.13467457427510662,,False
101990961244800083,wind_speed,2026-08-07 02:00:00+00:00,,0.14917089320428514,,False
101990961244800083,wind_speed,2026-08-07 03:00:00+00:00,,0.2238944195808167,,False
101990961244800083,wind_speed,2026-08-07 04:00:00+00:00,,0.2214069416360709,,False
101990961244800083,wind_speed,2026-08-07 05:00:00+00:00,,0.46597051116488014,,False
101990961244800083,wind_speed,2026-08-07 06:00:00+00:00,,0.555510335344028,,False
101990961244800083,wind_speed,2026-08-07 07:00:00+00:00,,0.636126651519828,,False
101990961244800083,wind_speed,2026-08-07 08:00:00+00:00,,0.6583826985182116,,False
101990961244800083,wind_speed,2026-08-07 09:00:00+00:00,,0.5593038831343595,,False
101990961244800083,wind_speed,2026-08-07 10:00:00+00:00,,0.5323909553833951,,False
101990961244800083,wind_speed,2026-08-07 11:00:00+00:00,,0.577452387472208,,False
101990961244800083,wind_speed,2026-08-07 12:00:00+00:00,,0.5644191076617643,,False
101990961244800083,wind_speed,2026-08-07 13:00:00+00:00,,0.6654657822975343,,False
101990961244800083,wind_speed,2026-08-07 14:00:00+00:00,,0.5317534430617407,,False
101990961244800083,wind_speed,2026-08-07 15:00:00+00:00,,0.5459366334460906,,False
101990961244800083,wind_speed,2026-08-07 16:00:00+00:00,,0.3731065906112091,,False
101990961244800083,wind_speed,2026-08-07 17:00:00+00:00,,0.18578706553107904,,False
101990961244800083,wind_speed,2026-08-07 18:00:00+00:00,,0.2115724352786287,,False
101990961244800083,wind_speed,2026-08-07 19:00:00+00:00,,0.17601322971449407,,False
101990961244800083,wind_speed,2026-08-07 20:00:00+00:00,,0.1432214785634192,,False
101990961244800083,wind_speed,2026-08-07 21:00:00+00:00,,0.1457152566031197,,False
101990961244800083,wind_speed,2026-08-07 22:00:00+00:00,,0.18128573987550906,,False
101990961244800083,wind_speed,2026-08-07 23:00:00+00:00,,0.15282588475336836,,False
101990961244800083,wind_speed,2026-08-08 00:00:00+00:00,,0.15062971738992856,,False
101990961244800083,wind_speed,2026-08-08 01:00:00+00:00,,0.1345465411271605,,False
101990961244800083,wind_speed,2026-08-08 02:00:00+00:00,,0.1490824565821287,,False
101990961244800083,wind_speed,2026-08-08 03:00:00+00:00,,0.22383216813607584,,False
101990961244800083,wind_speed,2026-08-08 04:00:00+00:00,,0.22136143498316935,,False
101990961244800083,wind_speed,2026-08-08 05:00:00+00:00,,0.4659332774743171,,False
101990961244800083,wind_speed,2026-08-08 06:00:00+00:00,,0.5554803759768921,,False
101990961244800083,wind_speed,2026-08-08 07:00:00+00:00,,0.636099119710487,,False
101990961244800083,wind_speed,2026-08-08 08:00:00+00:00,,0.6583454718102341,,False
101990961244800083,wind_speed,2026-08-08 09:00:00+00:00,,0.5592647702768531,,False
101990961244800083,wind_speed,2026-08-08 10:00:00+00:00,,0.5323364937968083,,False
101990961244800083,wind_speed,2026-08-08 11:00:00+00:00,,0.5773713878381013,,False
101990961244800083,wind_speed,2026-08-08 12:00:00+00:00,,0.564060925253985,,False
101990961244800083,wind_speed,2026-08-08 13:00:00+00:00,,0.6654972924524756,,False
101990961244800083,wind_speed,2026-08-08 14:00:00+00:00,,0.5319371116014691,,False
101990961244800083,wind_speed,2026-08-08 15:00:00+00:00,,0.5473712046919803,,False
101990961244800083,wind_speed,2026-08-08 16:00:00+00:00,,0.37198402000786013,,False
101990961244800083,wind_speed,2026-08-08 17:00:00+00:00,,0.18564266558077216,,False
101990961244800083,wind_speed,2026-08-08 18:00:00+00:00,,0.21146846317549622,,False
101990961244800083,wind_speed,2026-08-08 19:00:00+00:00,,0.17594728716582084,,False
101990961244800083,wind_speed,2026-08-08 20:00:00+00:00,,0.14317551541582352,,False
101990961244800083,wind_speed,2026-08-08 21:00:00+00:00,,0.14568403218041853,,False
101990961244800083,wind_speed,2026-08-08 22:00:00+00:00,,0.18126451901708207,,False
101990961244800083,wind_speed,2026-08-08 23:00:00+00:00,,0.15281144933172244,,False
101990961244800083,wind_speed,2026-08-09 00:00:00+00:00,,0.15061987828404233,,False
101990961244800083,wind_speed,2026-08-09 01:00:00+00:00,,0.13453980624389975,,False
101990961244800083,wind_speed,2026-08-09 02:00:00+00:00,,0.14907780458142567,,False
101990961244800083,wind_speed,2026-08-09 03:00:00+00:00,,0.22382889354546284,,False
101990961244800083,wind_speed,2026-08-09 04:00:00+00:00,,0.22135904121340064,,False
101990961244800083,wind_speed,2026-08-09 05:00:00+00:00,,0.46593131888508493,,False
101990961244800083,wind_speed,2026-08-09 06:00:00+00:00,,0.5554788000366163,,False
101990961244800083,wind_speed,2026-08-09 07:00:00+00:00,,0.6360976714667785,,False
101990961244800083,wind_speed,2026-08-09 08:00:00+00:00,,0.6583435135914332,,False
101990961244800083,wind_speed,2026-08-09 09:00:00+00:00,,0.5592627128423565,,False
101990961244800083,wind_speed,2026-08-09 10:00:00+00:00,,0.5323336289813209,,False
101990961244800083,wind_speed,2026-08-09 11:00:00+00:00,,0.5773671270555601,,False
101990961244800083,wind_speed,2026-08-09 12:00:00+00:00,,0.5640420839687008,,False
101990961244800083,wind_speed,2026-08-09 13:00:00+00:00,,0.6654989499647439,,False
101990961244800083,wind_speed,2026-08-09 14:00:00+00:00,,0.5319467730230624,,False
101990961244800083,wind_speed,2026-08-09 15:00:00+00:00,,0.5474466667053228,,False
101990961244800083,wind_speed,2026-08-09 16:00:00+00:00,,0.3719249700036935,,False
101990961244800083,wind_speed,2026-08-09 17:00:00+00:00,,0.18563506978440825,,False
101990961244800083,wind_speed,2026-08-09 18:00:00+00:00,,0.21146299398439897,,False
101990961244800083,wind_speed,2026-08-09 19:00:00+00:00,,0.17594381842382747,,False
101990961244800083,wind_speed,2026-08-09 20:00:00+00:00,,0.14317309763999597,,False
101990961244800083,wind_speed,2026-08-09 21:00:00+00:00,,0.1456823896981608,,False
101990961244800083,wind_speed,2026-08-09 22:00:00+00:00,,0.18126340274717395,,False
101990961244800083,wind_speed,2026-08-09 23:00:00+00:00,,0.15281068999265754,,False
101990961244800083,wind_speed,2026-08-10 00:00:00+00:00,,0.1506193607226128,,False
101990961244800083,wind_speed,2026-08-10 01:00:00+00:00,,0.13453945197229739,,False
101990961244800083,wind_speed,2026-08-10 02:00:00+00:00,,0.1490775598746239,,False
101990961244800083,wind_speed,2026-08-10 03:00:00+00:00,,0.22382872129385606,,False
101990961244800083,wind_speed,2026-08-10 04:00:00+00:00,,0.22135891529516,,False
101990961244800083,wind_speed,2026-08-10 05:00:00+00:00,,0.46593121585842245,,False
101990961244800083,wind_speed,2026-08-10 06:00:00+00:00,,0.5554787171382403,,False
101990961244800083,wind_speed,2026-08-10 07:00:00+00:00,,0.6360975952855594,,False
101990961244800083,wind_speed,2026-08-10 08:00:00+00:00,,0.6583434105842566,,False
101990961244800083,wind_speed,2026-08-10 09:00:00+00:00,,0.5592626046161877,,False
101990961244800083,wind_speed,2026-08-10 10:00:00+00:00,,0.5323334782849051,,False
101990961244800083,wind_speed,2026-08-10 11:00:00+00:00,,0.5773669029278075,,False
101990961244800083,wind_speed,2026-08-10 12:00:00+00:00,,0.5640410928702612,,False
101990961244800083,wind_speed,2026-08-10 13:00:00+00:00,,0.6654990371540093,,False
101990961244800083,wind_speed,2026-08-10 14:00:00+00:00,,0.5319472812378535,,False
101990961244800083,wind_speed,2026-08-10 15:00:00+00:00,,0.5474506361948,,False
101990961244800083,wind_speed,2026-08-10 16:00:00+00:00,,0.3719218638266942,,False
101990961244800083,wind_speed,2026-08-10 17:00:00+00:00,,0.18563467022663868,,False
101990961244800083,wind_speed,2026-08-10 18:00:00+00:00,,0.21146270629135253,,False
101990961244800083,wind_speed,2026-08-10 19:00:00+00:00,,0.1759436359593764,,False
101990961244800083,wind_speed,2026-08-10 20:00:00+00:00,,0.1431729704589776,,False
101990961244800083,wind_speed,2026-08-10 21:00:00+00:00,,0.14568230329951135,,False
101990961244800083,wind_speed,2026-08-10 22:00:00+00:00,,0.18126334402860209,,False
101990961244800083,wind_speed,2026-08-10 23:00:00+00:00,,0.15281065004953523,,False
101990961244800083,wind_speed,2026-08-11 00:00:00+00:00,,0.15061933349759513,,False
101990961244800083,wind_speed,2026-08-11 01:00:00+00:00,,0.1345394333367305,,False
101990961244800083,wind_speed,2026-08-11 02:00:00+00:00,,0.14907754700243786,,False
101990961244800083,wind_speed,2026-08-11 03:00:00+00:00,,0.2238287122329934,,False
101990961244800083,wind_speed,2026-08-11 04:00:00+00:00,,0.22135890867154753,,False
101990961244800083,wind_speed,2026-08-11 05:00:00+00:00,,0.4659312104389639,,False
101990961244800083,wind_speed,2026-08-11 06:00:00+00:00,,0.5554787127775797,,False
101990961244800083,wind_speed,2026-08-11 07:00:00+00:00,,0.636097591278238,,False
101990961244800083,wind_speed,2026-08-11 08:00:00+00:00,,0.6583434051658231,,False
101990961244800083,wind_speed,2026-08-11 09:00:00+00:00,,0.5592625989232222,,False
101990961244800083,wind_speed,2026-08-11 10:00:00+00:00,,0.532333470357899,,False
101990961244800083,wind_speed,2026-08-11 11:00:00+00:00,,0.5773668911381306,,False
101990961244800083,wind_speed,2026-08-11 12:00:00+00:00,,0.5640410407360197,,False
101990961244800083,wind_speed,2026-08-11 13:00:00+00:00,,0.6654990417403813,,False
101990961244800083,wind_speed,2026-08-11 14:00:00+00:00,,0.5319473079712148,,False
101990961244800083,wind_speed,2026-08-11 15:00:00+00:00,,0.5474508449998134,,False
101990961244800083,wind_speed,2026-08-11 16:00:00+00:00,,0.37192170043406303,,False
101990961244800083,wind_speed,2026-08-11 17:00:00+00:00,,0.18563464920890682,,False
101990961244800083,wind_speed,2026-08-11 18:00:00+00:00,,0.21146269115798316,,False
101990961244800083,wind_speed,2026-08-11 19:00:00+00:00,,0.1759436263612927,,False
101990961244800083,wind_speed,2026-08-11 20:00:00+00:00,,0.1431729637689399,,False
101990961244800083,wind_speed,2026-08-11 21:00:00+00:00,,0.14568229875472763,,False
101990961244800083,wind_speed,2026-08-11 22:00:00+00:00,,0.18126334093985924,,False
101990961244800083,wind_speed,2026-08-11 23:00:00+00:00,,0.15281064794842772,,False
101990961244800083,wind_speed,2026-08-12 00:00:00+00:00,,0.15061933206549152,,False
101990961244800083,wind_speed,2026-08-12 01:00:00+00:00,,0.13453943235645335,,False
101990961244800083,wind_speed,2026-08-12 02:00:00+00:00,,0.14907754632532888,,False
101990961244800083,wind_speed,2026-08-12 03:00:00+00:00,,0.22382871175636948,,False
101990961244800083,wind_speed,2026-08-12 04:00:00+00:00,,0.22135890832312904,,False
101990961244800083,wind_speed,2026-08-12 05:00:00+00:00,,0.4659312101538869,,False
101990961244800083,wind_speed,2026-08-12 06:00:00+00:00,,0.555478712548198,,False
101990961244800083,wind_speed,2026-08-12 07:00:00+00:00,,0.6360975910674429,,False
101990961244800083,wind_speed,2026-08-12 08:00:00+00:00,,0.6583434048808,,False
101990961244800083,wind_speed,2026-08-12 09:00:00+00:00,,0.559262598623758,,False
101990961244800083,wind_speed,2026-08-12 10:00:00+00:00,,0.5323334699409188,,False
101990961244800083,wind_speed,2026-08-12 11:00:00+00:00,,0.5773668905179642,,False
101990961244800083,wind_speed,2026-08-12 12:00:00+00:00,,0.564041037993629,,False
101990961244800083,wind_speed,2026-08-12 13:00:00+00:00,0.0,0.6654990419816359,,False
101990961244800083,wind_speed,2026-08-12 14:00:00+00:00,,0.3117698021243712,0.0,False
101990961244800083,wind_speed,2026-08-12 15:00:00+00:00,,0.3980596626866607,,False
101990961244800083,wind_speed,2026-08-12 16:00:00+00:00,0.0,0.27046678614214803,,False
101990961244800083,wind_speed,2026-08-12 17:00:00+00:00,0.0,0.02950352972193701,0.0,True
101990961244800083,wind_speed,2026-08-12 18:00:00+00:00,,0.09693221416577404,0.0,False
101990961244800083,wind_speed,2026-08-12 19:00:00+00:00,,0.09815083351086772,,False
101990961244800083,wind_speed,2026-08-12 20:00:00+00:00,,0.0903199012453127,,False
101990961244800083,wind_speed,2026-08-12 21:00:00+00:00,,0.10975444762355663,,False
101990961244800083,wind_speed,2026-08-12 22:00:00+00:00,,0.15681226927498002,,False
101990961244800083,wind_speed,2026-08-12 23:00:00+00:00,,0.13612836871934594,,False
101990961244800083,wind_speed,2026-08-13 00:00:00+00:00,,0.13917598995113653,,False
101990961244800083,wind_speed,2026-08-13 01:00:00+00:00,,0.1265996529930623,,False
101990961244800083,wind_speed,2026-08-13 02:00:00+00:00,,0.1434372680379503,,False
101990961244800083,wind_speed,2026-08-13 03:00:00+00:00,,0.21963259051224018,,False
101990961244800083,wind_speed,2026-08-13 04:00:00+00:00,,0.21797061950431595,,False
101990961244800083,wind_speed,2026-08-13 05:00:00+00:00,,0.4628372281541432,,False
101990961244800083,wind_speed,2026-08-13 06:00:00+00:00,,0.5522088642531419,,False
101990961244800083,wind_speed,2026-08-13 07:00:00+00:00,,0.6321564080685003,,False
101990961244800083,wind_speed,2026-08-13 08:00:00+00:00,,0.6531329689575925,,False
101990961244800083,wind_speed,2026-08-13 09:00:00+00:00,0.4,0.5519926111216924,,False
101990961244800083,wind_speed,2026-08-13 10:00:00+00:00,0.275,0.47167698964105226,0.4,True
101990961244800083,wind_speed,2026-08-13 11:00:00+00:00,0.3666666666666667,0.47165176606932907,0.275,True
101990961244800083,wind_speed,2026-08-13 12:00:00+00:00,0.175,0.4511150997546517,0.3666666666666667,True
101990961244800083,wind_speed,2026-08-13 13:00:00+00:00,1.4,0.4644700344480571,0.175,True
101990961244800083,wind_speed,2026-08-13 14:00:00+00:00,0.65,0.6745418172401416,1.4,True
101990961244800083,wind_speed,2026-08-13 15:00:00+00:00,0.0,0.6326114664658107,0.65,True
101990961244800083,wind_speed,2026-08-13 16:00:00+00:00,0.525,0.23414006305366125,0.0,True
101990961244800083,wind_speed,2026-08-13 17:00:00+00:00,0.58,0.18009222287231083,0.525,True
101990961244800083,wind_speed,2026-08-13 18:00:00+00:00,0.0,0.3204745660251747,0.58,True
101990961244800083,wind_speed,2026-08-13 19:00:00+00:00,1.1,0.16012146777211278,0.0,True
101990961244800083,wind_speed,2026-08-13 20:00:00+00:00,0.25,0.3957860128191749,1.1,True
101990961244800083,wind_speed,2026-08-13 21:00:00+00:00,0.0,0.27629377737400934,0.25,True
101990961244800083,wind_speed,2026-08-13 22:00:00+00:00,,0.19241444493554954,0.0,False
101990961244800083,wind_speed,2026-08-13 23:00:00+00:00,,0.1602178806404807,,False
101990961244800083,wind_speed,2026-08-14 00:00:00+00:00,,0.15540599704925154,,False
101990961244800083,wind_speed,2026-08-14 01:00:00+00:00,,0.13743143271909739,,False
101990961244800083,wind_speed,2026-08-14 02:00:00+00:00,,0.1505134468772212,,False
101990961244800083,wind_speed,2026-08-14 03:00:00+00:00,,0.2240262657638024,,False
101990961244800083,wind_speed,2026-08-14 04:00:00+00:00,0.0,0.2203676032488791,,False
101990961244800083,wind_speed,2026-08-14 05:00:00+00:00,0.45,0.39133720821106593,0.0,True
101990961244800083,wind_speed,2026-08-14 06:00:00+00:00,0.2666666666666666,0.5192186146039,0.45,True
101990961244800083,wind_speed,2026-08-14 07:00:00+00:00,0.2,0.5368714357139822,0.2666666666666666,True
101990961244800083,wind_speed,2026-08-14 08:00:00+00:00,0.74,0.491305506717039,0.2,True
101990961244800083,wind_speed,2026-08-14 09:00:00+00:00,1.0666666666666669,0.5044105178223423,0.74,True
101990961244800083,wind_speed,2026-08-14 10:00:00+00:00,1.175,0.6356746320583804,1.0666666666666669,True
101990961244800083,wind_speed,2026-08-14 11:00:00+00:00,1.25,0.7917630720100597,1.175,True
101990961244800083,wind_speed,2026-08-14 12:00:00+00:00,0.75,0.8090302182722228,1.25,True
101990961244800083,wind_speed,2026-08-14 13:00:00+00:00,1.04,0.8894841259887354,0.75,True
101990961244800083,wind_speed,2026-08-14 14:00:00+00:00,0.675,0.6980508923409268,1.04,True
101990961244800083,wind_speed,2026-08-14 15:00:00+00:00,0.675,0.5915616777744949,0.675,True
101990961244800083,wind_speed,2026-08-14 16:00:00+00:00,0.4,0.46703886932977834,0.675,True
101990961244800083,wind_speed,2026-08-14 17:00:00+00:00,0.0,0.26090279015034745,0.4,True
101990961244800083,wind_speed,2026-08-14 18:00:00+00:00,0.0,0.14369016235873278,0.0,True
101990961244800083,wind_speed,2026-08-14 19:00:00+00:00,0.175,0.19507082584188995,0.0,True
101990961244800083,wind_speed,2026-08-14 20:00:00+00:00,0.0,0.09853472976996083,0.175,True
101990961244800083,wind_speed,2026-08-14 21:00:00+00:00,0.0,0.06381521261944119,0.0,True
101990961244800083,wind_speed,2026-08-14 22:00:00+00:00,,0.11869654864960126,0.0,False
101990961244800083,wind_speed,2026-08-14 23:00:00+00:00,,0.1092335127494469,,False
101990961244800083,wind_speed,2026-08-15 00:00:00+00:00,,0.11942333061812556,,False
101990961244800083,wind_speed,2026-08-15 01:00:00+00:00,,0.11099323454024201,,False
101990961244800083,wind_speed,2026-08-15 02:00:00+00:00,,0.12961065045743364,,False
101990961244800083,wind_speed,2026-08-15 03:00:00+00:00,,0.20548897748861777,,False
101990961244800083,wind_speed,2026-08-15 04:00:00+00:00,0.0,0.19034980789407835,,False
101990961244800083,wind_speed,2026-08-15 05:00:00+00:00,0.175,0.39569893375799287,0.0,True
101990961244800083,wind_speed,2026-08-15 06:00:00+00:00,0.9000000000000001,0.4146364016934152,0.175,True
101990961244800083,wind_speed,2026-08-15 07:00:00+00:00,0.3,0.6509680714134264,0.9000000000000001,True
101990961244800083,wind_speed,2026-08-15 08:00:00+00:00,0.45,0.6037229034163495,0.3,True
101990961244800083,wind_speed,2026-08-15 09:00:00+00:00,0.175,0.5164885917388549,0.45,True
101990961244800083,wind_speed,2026-08-15 10:00:00+00:00,0.375,0.4275122105167698,0.175,True
101990961244800083,wind_speed,2026-08-15 11:00:00+00:00,0.5333333333333333,0.5082629360260964,0.375,True
101990961244800083,wind_speed,2026-08-15 12:00:00+00:00,0.5,0.48407823260337324,0.5333333333333333,True
101990961244800083,wind_speed,2026-08-15 13:00:00+00:00,1.05,0.6571871786142263,0.5,True
101990961244800083,wind_speed,2026-08-15 14:00:00+00:00,0.82,0.6190633317784487,1.05,True
101990961244800083,wind_speed,2026-08-15 15:00:00+00:00,0.16,0.6388927448477152,0.82,True
101990961244800083,wind_speed,2026-08-15 16:00:00+00:00,0.0,0.3070949179813545,0.16,True
101990961244800083,wind_speed,2026-08-15 17:00:00+00:00,0.0,0.04996120469939784,0.0,True
101990961244800083,wind_speed,2026-08-15 18:00:00+00:00,0.0,0.0781957940618088,0.0,True
101990961244800083,wind_speed,2026-08-15 19:00:00+00:00,0.1399999999999999,0.12185504037748232,0.0,True
101990961244800083,wind_speed,2026-08-15 20:00:00+00:00,0.5,0.07524546369084148,0.1399999999999999,True
101990961244800083,wind_speed,2026-08-15 21:00:00+00:00,0.0,0.20217619828244582,0.5,True
101990961244800083,wind_speed,2026-08-15 22:00:00+00:00,,0.17093412784142642,0.0,False
101990961244800083,wind_speed,2026-08-15 23:00:00+00:00,,0.1442846438743045,,False
101990961244800083,wind_speed,2026-08-16 00:00:00+00:00,,0.1426034330063648,,False
101990961244800083,wind_speed,2026-08-16 01:00:00+00:00,,0.12581721378031924,,False
101990961244800083,wind_speed,2026-08-16 02:00:00+00:00,,0.13832673752697427,,False
101990961244800083,wind_speed,2026-08-16 03:00:00+00:00,,0.20941896057541654,,False
101990961244800083,wind_speed,2026-08-16 04:00:00+00:00,0.0,0.18677661640542692,,False
101990961244800083,wind_speed,2026-08-16 05:00:00+00:00,0.6,0.3738872521124632,0.0,True
101990961244800083,wind_speed,2026-08-16 06:00:00+00:00,1.52,0.5972817447012981,0.6,True
101990961244800083,wind_speed,2026-08-16 07:00:00+00:00,0.625,0.8568616386769503,1.52,True
101990961244800083,wind_speed,2026-08-16 08:00:00+00:00,0.25,0.7576649360400654,0.625,True
101990961244800083,wind_speed,2026-08-16 09:00:00+00:00,1.64,0.47407824725353825,0.25,True
101990961244800083,wind_speed,2026-08-16 10:00:00+00:00,0.925,0.8140430836944372,1.64,True
101990961244800083,wind_speed,2026-08-16 11:00:00+00:00,0.8,0.8092252641419373,0.925,True
101990961244800083,wind_speed,2026-08-16 12:00:00+00:00,1.7833333333333332,0.6912095174439576,0.8,True
101990961244800083,wind_speed,2026-08-16 13:00:00+00:00,1.1333333333333333,1.1233463393775351,1.7833333333333332,True
101990961244800083,wind_speed,2026-08-16 14:00:00+00:00,0.0,0.838425498375627,1.1333333333333333,True
101990961244800083,wind_speed,2026-08-16 15:00:00+00:00,0.175,0.4427250284124684,0.0,True
101990961244800083,wind_speed,2026-08-16 16:00:00+00:00,0.0,0.22637197693868394,0.175,True
101990961244800083,wind_speed,2026-08-16 17:00:00+00:00,0.0,0.03480799138086869,0.0,True
101990961244800083,wind_speed,2026-08-16 18:00:00+00:00,0.0,0.06962748927048759,0.0,True
101990961244800083,wind_speed,2026-08-16 19:00:00+00:00,0.575,0.11864310441726883,0.0,True
101990961244800083,wind_speed,2026-08-16 20:00:00+00:00,0.0,0.2421249331363463,0.575,True
101990961244800083,wind_speed,2026-08-16 21:00:00+00:00,0.0,0.0931565429248402,0.0,True
101990961244800083,wind_speed,2026-08-16 22:00:00+00:00,,0.13464229139162037,0.0,False
101990961244800083,wind_speed,2026-08-16 23:00:00+00:00,,0.12009788009676814,,False
101990961244800083,wind_speed,2026-08-17 00:00:00+00:00,,0.1268536913910283,,False
101990961244800083,wind_speed,2026-08-17 01:00:00+00:00,,0.11611522276256875,,False
101990961244800083,wind_speed,2026-08-17 02:00:00+00:00,,0.1332016532104986,,False
101990961244800083,wind_speed,2026-08-17 03:00:00+00:00,,0.20809356773179358,,False
101990961244800083,wind_speed,2026-08-17 04:00:00+00:00,0.0,0.17243954924670243,,False
101990961244800083,wind_speed,2026-08-17 05:00:00+00:00,0.8500000000000001,0.4048200916011712,0.0,True
101990961244800083,wind_speed,2026-08-17 06:00:00+00:00,0.8333333333333334,0.7347824674091581,0.8500000000000001,True
101990961244800083,wind_speed,2026-08-17 07:00:00+00:00,0.6,0.6870831575817651,0.8333333333333334,True
101990961244800083,wind_speed,2026-08-17 08:00:00+00:00,0.975,0.6427993989206127,0.6,True
101990961244800083,wind_speed,2026-08-17 09:00:00+00:00,0.0,0.7706474571738561,0.975,True
101990961244800083,wind_speed,2026-08-17 10:00:00+00:00,1.6,0.43510219467120637,0.0,True
101990961244800083,wind_speed,2026-08-17 11:00:00+00:00,0.675,0.8386655211575567,1.6,True
101990961244800083,wind_speed,2026-08-17 12:00:00+00:00,2.92,0.7683509061530083,0.675,True
101990961244800083,wind_speed,2026-08-17 13:00:00+00:00,0.375,1.4137802395783898,2.92,True
101990961244800083,wind_speed,2026-08-17 14:00:00+00:00,0.7250000000000001,0.6624184508773798,0.375,True
101990961244800083,wind_speed,2026-08-17 15:00:00+00:00,0.3,0.6088936570577853,0.7250000000000001,True
101990961244800083,wind_speed,2026-08-17 16:00:00+00:00,0.0,0.3227125018116109,0.3,True
101990961244800083,wind_speed,2026-08-17 17:00:00+00:00,0.3999999999999999,0.07533926955680435,0.0,True
101990961244800083,wind_speed,2026-08-17 18:00:00+00:00,0.225,0.19557314972660853,0.3999999999999999,True
101990961244800083,wind_speed,2026-08-17 19:00:00+00:00,0.36,0.27476705104820476,0.225,True
101990961244800083,wind_speed,2026-08-17 20:00:00+00:00,0.0,0.18419516926465973,0.36,True
101990961244800083,wind_speed,2026-08-17 21:00:00+00:00,0.0,0.08766006597263816,0.0,True
101990961244800083,wind_speed,2026-08-17 22:00:00+00:00,,0.13227175221097204,0.0,False
101990961244800083,wind_speed,2026-08-17 23:00:00+00:00,,0.1184513232511675,,False
101990961244800083,wind_speed,2026-08-18 00:00:00+00:00,,0.12568129405558856,,False
101990961244800083,wind_speed,2026-08-18 01:00:00+00:00,,0.11523848349020871,,False
101990961244800083,wind_speed,2026-08-18 02:00:00+00:00,,0.13248800190188711,,False
101990961244800083,wind_speed,2026-08-18 03:00:00+00:00,,0.2074347797017331,,False
101990961244800083,wind_speed,2026-08-18 04:00:00+00:00,1.1,0.16329820075456514,,False
101990961244800083,wind_speed,2026-08-18 05:00:00+00:00,1.4,0.7988167371709756,1.1,True
101990961244800083,wind_speed,2026-08-18 06:00:00+00:00,1.275,0.9990224343213617,1.4,True
101990961244800083,wind_speed,2026-08-18 07:00:00+00:00,1.98,0.9341916005472924,1.275,True
101990961244800083,wind_speed,2026-08-18 08:00:00+00:00,0.775,1.1822050992004975,1.98,True
101990961244800083,wind_speed,2026-08-18 09:00:00+00:00,0.95,0.7811359209643525,0.775,True
101990961244800083,wind_speed,2026-08-18 10:00:00+00:00,0.2857142857142857,0.8583697629881235,0.95,True
101990961244800083,wind_speed,2026-08-18 11:00:00+00:00,0.0,0.5835510547782738,0.2857142857142857,True
101990961244800083,wind_speed,2026-08-18 12:00:00+00:00,0.675,0.6267004666958784,0.0,True
101990961244800083,wind_speed,2026-08-18 13:00:00+00:00,0.0,0.5760914982644154,0.675,True
101990961244800083,wind_speed,2026-08-18 14:00:00+00:00,2.8,0.30664570133375113,0.0,True
101990961244800083,wind_speed,2026-08-18 15:00:00+00:00,0.45,1.0149081553343766,2.8,True
101990961244800083,wind_speed,2026-08-18 16:00:00+00:00,0.5,0.5147009363537631,0.45,True
101990961244800083,wind_speed,2026-08-18 17:00:00+00:00,0.0,0.3300795779334843,0.5,True
101990961244800083,wind_speed,2026-08-18 18:00:00+00:00,0.2,0.1789704222380148,0.0,True
101990961244800083,wind_speed,2026-08-18 19:00:00+00:00,0.0,0.24477676915218155,0.2,True
101990961244800083,wind_speed,2026-08-18 20:00:00+00:00,0.0,0.06975214186624529,0.0,True
101990961244800083,wind_speed,2026-08-18 21:00:00+00:00,,0.04093942270161127,0.0,False
101990961244800083,wind_speed,2026-08-18 22:00:00+00:00,,0.1309134838597374,,False
101990961244800083,wind_speed,2026-08-18 23:00:00+00:00,,0.1220815008633181,,False
101990961244800083,wind_speed,2026-08-19 00:00:00+00:00,,0.13485064026414723,,False
101990961244800083,wind_speed,2026-08-19 01:00:00+00:00,,0.1313387216759203,,False
101990961244800083,wind_speed,2026-08-19 02:00:00+00:00,,0.15796006671509893,,False
101990961244800083,wind_speed,2026-08-19 03:00:00+00:00,,0.24614149090745574,,False
101990961244800083,wind_speed,2026-08-19 04:00:00+00:00,0.7,0.26188218155311405,,False
101990961244800083,wind_speed,2026-08-19 05:00:00+00:00,1.225,0.7006475969507322,0.7,True
101990961244800083,wind_speed,2026-08-19 06:00:00+00:00,1.75,0.9153858311114695,1.225,True
101990961244800083,wind_speed,2026-08-19 07:00:00+00:00,1.6,1.1291948814302066,1.75,True
101990961244800083,wind_speed,2026-08-19 08:00:00+00:00,0.7000000000000001,1.06025589025846,1.6,True
101990961244800083,wind_speed,2026-08-19 09:00:00+00:00,,0.7814828106994254,0.7000000000000001,False
101990961244800083,wind_speed,2026-08-19 10:00:00+00:00,1.2000000000000002,0.6831857941081932,,False
101990961244800083,wind_speed,2026-08-19 11:00:00+00:00,1.7000000000000002,0.7829682063335888,1.2000000000000002,True
101990961244800083,wind_speed,2026-08-19 12:00:00+00:00,0.0,1.1032646097822827,1.7000000000000002,True
101990961244800083,wind_speed,2026-08-19 13:00:00+00:00,,0.614944298875713,0.0,False
101990961244800083,wind_speed,2026-08-19 14:00:00+00:00,1.0,0.722538840902089,,False
101990961244800083,wind_speed,2026-08-19 15:00:00+00:00,,0.558078405036061,1.0,False
101990961244800083,wind_speed,2026-08-19 16:00:00+00:00,,0.3916275997238967,,False
101990961244800083,wind_speed,2026-08-19 17:00:00+00:00,0.0,0.19980866152167512,,False
101990961244800083,wind_speed,2026-08-19 18:00:00+00:00,0.0,0.13729348981941394,0.0,True
101990961244800083,wind_speed,2026-08-19 19:00:00+00:00,0.0,0.14309266362488665,0.0,True
101990961244800083,wind_speed,2026-08-19 20:00:00+00:00,0.0,0.042850994815392576,0.0,True
101990961244800083,wind_speed,2026-08-19 21:00:00+00:00,,0.035302455117774884,0.0,False
101990961244800083,wind_speed,2026-08-19 22:00:00+00:00,,0.12510384465326788,,False
101990961244800083,wind_speed,2026-08-19 23:00:00+00:00,,0.11865362672542948,,False
101990961244800083,wind_speed,2026-08-20 00:00:00+00:00,,0.13328472689629878,,False
101990961244800083,wind_speed,2026-08-20 01:00:00+00:00,,0.13139747448924863,,False
101990961244800083,wind_speed,2026-08-20 02:00:00+00:00,,0.15965229998405367,,False
101990961244800083,wind_speed,2026-08-20 03:00:00+00:00,,0.2497238305475451,,False
101990961244800083,wind_speed,2026-08-20 04:00:00+00:00,,0.2580877930096336,,False
101990961244800083,wind_speed,2026-08-20 05:00:00+00:00,,0.5733153045354038,,False
101990961244800083,wind_speed,2026-08-20 06:00:00+00:00,,0.7345308496609704,,False
101990961244800083,wind_speed,2026-08-20 07:00:00+00:00,,0.739630631171323,,False
101990961244800083,wind_speed,2026-08-20 08:00:00+00:00,,0.6513907435915997,,False
101990961244800083,wind_speed,2026-08-20 09:00:00+00:00,0.8,0.6212403436053924,,False
101990961244800083,wind_speed,2026-08-20 10:00:00+00:00,0.8,0.6957141849248113,0.8,True
101990961244800083,wind_speed,2026-08-20 11:00:00+00:00,0.35,0.7454934833740673,0.8,True
101990961244800083,wind_speed,2026-08-20 12:00:00+00:00,0.35,0.5546225604912894,0.35,True
101990961244800083,wind_speed,2026-08-20 13:00:00+00:00,1.1,0.5731670386327575,0.35,True
101990961244800083,wind_speed,2026-08-20 14:00:00+00:00,0.0,0.7310340609012335,1.1,True
101990961244800083,wind_speed,2026-08-20 15:00:00+00:00,0.0,0.33561219679123644,0.0,True
101990961244800083,wind_speed,2026-08-20 16:00:00+00:00,0.7,0.13272491348394982,0.0,True
101990961244800083,wind_speed,2026-08-20 17:00:00+00:00,0.0,0.18368608757634847,0.7,True
101990961244800083,wind_speed,2026-08-20 18:00:00+00:00,0.0,0.12589839659958266,0.0,True
101990961244800083,wind_speed,2026-08-20 19:00:00+00:00,0.0,0.14306096701619017,0.0,True
101990961244800083,wind_speed,2026-08-20 20:00:00+00:00,,0.04345007976836284,0.0,False
101990961244800083,wind_speed,2026-08-20 21:00:00+00:00,,0.047200603948849666,,False
101990961244800083,wind_speed,2026-08-20 22:00:00+00:00,,0.1320485800785127,,False
101990961244800083,wind_speed,2026-08-20 23:00:00+00:00,,0.12187896438957323,,False
101990961244800083,wind_speed,2026-08-21 00:00:00+00:00,,0.13327978677252367,,False
101990961244800083,wind_speed,2026-08-21 01:00:00+00:00,,0.12816150715794303,,False
101990961244800083,wind_speed,2026-08-21 02:00:00+00:00,,0.15269457352991506,,False
101990961244800083,wind_speed,2026-08-21 03:00:00+00:00,,0.23798921089826042,,False
101990961244800083,wind_speed,2026-08-21 04:00:00+00:00,,0.23665850904441824,,False
101990961244800083,wind_speed,2026-08-21 05:00:00+00:00,,0.5410152500698755,,False
101990961244800083,wind_speed,2026-08-21 06:00:00+00:00,,0.6835609126235741,,False
101990961244800083,wind_speed,2026-08-21 07:00:00+00:00,0.7,0.6976524075866755,,False
101990961244800083,wind_speed,2026-08-21 08:00:00+00:00,0.8,0.6542207439646794,0.7,True
101990961244800083,wind_speed,2026-08-21 09:00:00+00:00,,0.6619401406377824,0.8,False
101990961244800083,wind_speed,2026-08-21 10:00:00+00:00,1.15,0.6509462567124552,,False
101990961244800083,wind_speed,2026-08-21 11:00:00+00:00,,0.766510106873638,1.15,False
101990961244800083,wind_speed,2026-08-21 12:00:00+00:00,1.0,0.7449897372817236,,False
101990961244800083,wind_speed,2026-08-21 13:00:00+00:00,1.1,0.8729753051319588,1.0,True
101990961244800083,wind_speed,2026-08-21 14:00:00+00:00,0.5666666666666668,0.7484494523968237,1.1,True
101990961244800083,wind_speed,2026-08-21 15:00:00+00:00,0.0,0.5077505540291543,0.5666666666666668,True
101990961244800083,wind_speed,2026-08-21 16:00:00+00:00,0.0,0.2674903657518338,0.0,True
101990961244800083,wind_speed,2026-08-21 17:00:00+00:00,0.0,0.012552466948086153,0.0,True
101990961244800083,wind_speed,2026-08-21 18:00:00+00:00,,0.05550354426300936,0.0,False
101990961244800083,wind_speed,2026-08-21 19:00:00+00:00,,0.12694694656915545,,False
101990961244800083,wind_speed,2026-08-21 20:00:00+00:00,,0.07714089430001614,,False
101990961244800083,wind_speed,2026-08-21 21:00:00+00:00,,0.06915756730081372,,False
101990961244800083,wind_speed,2026-08-21 22:00:00+00:00,,0.14694979707957595,,False
101990961244800083,wind_speed,2026-08-21 23:00:00+00:00,,0.131993687144362,,False
101990961244800083,wind_speed,2026-08-22 00:00:00+00:00,,0.14014190548865307,,False
101990961244800083,wind_speed,2026-08-22 01:00:00+00:00,,0.13281165694482094,,False
101990961244800083,wind_speed,2026-08-22 02:00:00+00:00,,0.15583794623172306,,False
101990961244800083,wind_speed,2026-08-22 03:00:00+00:00,,0.24010249666163497,,False
101990961244800083,wind_speed,2026-08-22 04:00:00+00:00,,0.23789732250196025,,False
101990961244800083,wind_speed,2026-08-22 05:00:00+00:00,0.0,0.5416746855161622,,False
101990961244800083,wind_speed,2026-08-22 06:00:00+00:00,1.9,0.5047196124768597,0.0,True
101990961244800083,wind_speed,2026-08-22 07:00:00+00:00,,0.9717702589510622,1.9,False
101990961244800083,wind_speed,2026-08-22 08:00:00+00:00,,0.8529969018205059,,False
101990961244800083,wind_speed,2026-08-22 09:00:00+00:00,1.0,0.7554596245891143,,False
101990961244800083,wind_speed,2026-08-22 10:00:00+00:00,0.85,0.8253425811873853,1.0,True
101990961244800083,wind_speed,2026-08-22 11:00:00+00:00,0.5,0.7465053951145674,0.85,True
101990961244800083,wind_speed,2026-08-22 12:00:00+00:00,0.8,0.6864638427714131,0.5,True
101990961244800083,wind_speed,2026-08-22 13:00:00+00:00,1.1666666666666667,0.7675607664828894,0.8,True
101990961244800083,wind_speed,2026-08-22 14:00:00+00:00,0.0,0.7439485393331433,1.1666666666666667,True
101990961244800083,wind_speed,2026-08-22 15:00:00+00:00,,0.3111223346340493,0.0,False
101990961244800083,wind_speed,2026-08-22 16:00:00+00:00,0.0,0.23738474907336027,,False
101990961244800083,wind_speed,2026-08-22 17:00:00+00:00,0.7666666666666666,0.022130102182926277,0.0,True
101990961244800083,wind_speed,2026-08-22 18:00:00+00:00,0.7,0.2807082866710562,0.7666666666666666,True
101990961244800083,wind_speed,2026-08-22 19:00:00+00:00,0.0,0.4024004640463871,0.7,True
101990961244800083,wind_speed,2026-08-22 20:00:00+00:00,,0.148588338422722,0.0,False
101990961244800083,wind_speed,2026-08-22 21:00:00+00:00,,0.11759998819011176,,False
101990961244800083,wind_speed,2026-08-22 22:00:00+00:00,,0.1798119756497528,,False
101990961244800083,wind_speed,2026-08-22 23:00:00+00:00,,0.1542596997697689,,False
101990961244800083,wind_speed,2026-08-23 00:00:00+00:00,,0.15518837533481708,,False
101990961244800083,wind_speed,2026-08-23 01:00:00+00:00,,0.1429203630777337,,False
101990961244800083,wind_speed,2026-08-23 02:00:00+00:00,,0.16254187019063102,,False
101990961244800083,wind_speed,2026-08-23 03:00:00+00:00,,0.24441828358091097,,False
101990961244800083,wind_speed,2026-08-23 04:00:00+00:00,,0.24046154958472762,,False
101990961244800083,wind_speed,2026-08-23 05:00:00+00:00,,0.49001466560228835,,False
101990961244800083,wind_speed,2026-08-23 06:00:00+00:00,,0.7994988845784743,,False
101990961244800083,wind_speed,2026-08-23 07:00:00+00:00,,0.7232844446779324,,False
101990961244800083,wind_speed,2026-08-23 08:00:00+00:00,,0.6809592964684641,,False
101990961244800083,wind_speed,2026-08-23 09:00:00+00:00,0.5,0.6522585554460368,,False
101990961244800083,wind_speed,2026-08-23 10:00:00+00:00,,0.6016679678291623,0.5,False
101990961244800083,wind_speed,2026-08-23 11:00:00+00:00,,0.570146355279499,,False
101990961244800083,wind_speed,2026-08-23 12:00:00+00:00,1.75,0.6453515140877839,,False
101990961244800083,wind_speed,2026-08-23 13:00:00+00:00,1.2,1.0875969431149852,1.75,True
101990961244800083,wind_speed,2026-08-23 14:00:00+00:00,,0.8163250233461741,1.2,False
101990961244800083,wind_speed,2026-08-23 15:00:00+00:00,,0.6183345153890287,,False
101990961244800083,wind_speed,2026-08-23 16:00:00+00:00,1.0,0.4246476381430812,,False
101990961244800083,wind_speed,2026-08-23 17:00:00+00:00,0.0,0.47735698779493785,1.0,True
101990961244800083,wind_speed,2026-08-23 18:00:00+00:00,,0.2538783612885475,0.0,False
101990961244800083,wind_speed,2026-08-23 19:00:00+00:00,,0.21365644350541318,,False
101990961244800083,wind_speed,2026-08-23 20:00:00+00:00,,0.14803144402449175,,False
101990961244800083,wind_speed,2026-08-23 21:00:00+00:00,,0.11722160861087828,,False
101990961244800083,wind_speed,2026-08-23 22:00:00+00:00,,0.17954859597998624,,False
101990961244800083,wind_speed,2026-08-23 23:00:00+00:00,,0.15407140224698943,,False
101990961244800083,wind_speed,2026-08-24 00:00:00+00:00,,0.1550466048353511,,False
101990961244800083,wind_speed,2026-08-24 01:00:00+00:00,,0.1428036205080174,,False
101990961244800083,wind_speed,2026-08-24 02:00:00+00:00,,0.1624324514642081,,False
101990961244800083,wind_speed,2026-08-24 03:00:00+00:00,,0.24429959542879262,,False
101990961244800083,wind_speed,2026-08-24 04:00:00+00:00,,0.24031705985483784,,False
101990961244800083,wind_speed,2026-08-24 05:00:00+00:00,1.1,0.5159884955843198,,False
101990961244800083,wind_speed,2026-08-24 06:00:00+00:00,0.0,0.9350948924066665,1.1,True
101990961244800083,wind_speed,2026-08-24 07:00:00+00:00,1.0,0.5711296025364836,0.0,True
101990961244800083,wind_speed,2026-08-24 08:00:00+00:00,0.0,0.6965440964008136,1.0,True
101990961244800083,wind_speed,2026-08-24 09:00:00+00:00,,0.4446111243920496,0.0,False
101990961244800083,wind_speed,2026-08-24 10:00:00+00:00,1.34,0.5360599151256978,,False
101990961244800083,wind_speed,2026-08-24 11:00:00+00:00,1.025,0.8048364720594536,1.34,True
101990961244800083,wind_speed,2026-08-24 12:00:00+00:00,0.0,0.9314683961635504,1.025,True
101990961244800083,wind_speed,2026-08-24 13:00:00+00:00,,0.6214710493497096,0.0,False
101990961244800083,wind_speed,2026-08-24 14:00:00+00:00,2.333333333333333,0.5137491424070404,,False
101990961244800083,wind_speed,2026-08-24 15:00:00+00:00,1.0,0.9657536323949665,2.333333333333333,True
101990961244800083,wind_speed,2026-08-24 16:00:00+00:00,0.0,0.7241874136216457,1.0,True
101990961244800083,wind_speed,2026-08-24 17:00:00+00:00,0.0,0.192224193177154,0.0,True
101990961244800083,wind_speed,2026-08-24 18:00:00+00:00,,0.15426870181087698,0.0,False
101990961244800083,wind_speed,2026-08-24 19:00:00+00:00,,0.1733129764018757,,False
101990961244800083,wind_speed,2026-08-24 20:00:00+00:00,,0.11317177881309717,,False
101990961244800083,wind_speed,2026-08-24 21:00:00+00:00,,0.09382585911504096,,False
101990961244800083,wind_speed,2026-08-24 22:00:00+00:00,,0.1640736514786781,,False
101990961244800083,wind_speed,2026-08-24 23:00:00+00:00,,0.14417042414780926,,False
101990961244800083,wind_speed,2026-08-25 00:00:00+00:00,,0.14921811780177316,,False
101990961244800083,wind_speed,2026-08-25 01:00:00+00:00,,0.14016374338066864,,False
101990961244800083,wind_speed,2026-08-25 02:00:00+00:00,,0.16258084638475412,,False
101990961244800083,wind_speed,2026-08-25 03:00:00+00:00,,0.24725876635921074,,False
101990961244800083,wind_speed,2026-08-25 04:00:00+00:00,,0.24654070615984264,,False
101990961244800083,wind_speed,2026-08-25 05:00:00+00:00,,0.5718469012559277,,False
101990961244800083,wind_speed,2026-08-25 06:00:00+00:00,,0.6663907348420121,,False
101990961244800083,wind_speed,2026-08-25 07:00:00+00:00,,0.7348732632269595,,False
101990961244800083,wind_speed,2026-08-25 08:00:00+00:00,,0.6036850731765737,,False
101990961244800083,wind_speed,2026-08-25 09:00:00+00:00,,0.6286723241686709,,False
101990961244800083,wind_speed,2026-08-25 10:00:00+00:00,,0.7103015795170966,,False
101990961244800083,wind_speed,2026-08-25 11:00:00+00:00,,0.658571038641452,,False
101990961244800083,wind_speed,2026-08-25 12:00:00+00:00,,0.6376857617254282,,False
101990961244800083,wind_speed,2026-08-25 13:00:00+00:00,,0.7674447407340321,,False
101990961244800083,wind_speed,2026-08-25 14:00:00+00:00,,0.7541200608054781,,False
101990961244800083,wind_speed,2026-08-25 15:00:00+00:00,,0.5053025866044433,,False
101990961244800083,wind_speed,2026-08-25 16:00:00+00:00,,0.31416769137440664,,False
101990961244800083,wind_speed,2026-08-25 17:00:00+00:00,,0.1567231503317988,,False
101990961244800083,wind_speed,2026-08-25 18:00:00+00:00,,0.18112761104545422,,False
101990961244800083,wind_speed,2026-08-25 19:00:00+00:00,,0.1929159922617218,,False
101990961244800083,wind_speed,2026-08-25 20:00:00+00:00,,0.12598260549176457,,False
101990961244800083,wind_speed,2026-08-25 21:00:00+00:00,,0.1023812582700122,,False
101990961244800083,wind_speed,2026-08-25 22:00:00+00:00,,0.16967105323105602,,False
101990961244800083,wind_speed,2026-08-25 23:00:00+00:00,,0.14765867040835873,,False
101990961244800083,wind_speed,2026-08-26 00:00:00+00:00,,0.15112619853725565,,False
101990961244800083,wind_speed,2026-08-26 01:00:00+00:00,,0.1407810176240906,,False
101990961244800083,wind_speed,2026-08-26 02:00:00+00:00,,0.16200092331881671,,False
101990961244800083,wind_speed,2026-08-26 03:00:00+00:00,,0.24539370107966682,,False
101990961244800083,wind_speed,2026-08-26 04:00:00+00:00,,0.2431076616346169,,False
101990961244800083,wind_speed,2026-08-26 05:00:00+00:00,0.0,0.544524442401513,,False
101990961244800083,wind_speed,2026-08-26 06:00:00+00:00,,0.5216598016519369,0.0,False
101990961244800083,wind_speed,2026-08-26 07:00:00+00:00,,0.5990183598989397,,False
101990961244800083,wind_speed,2026-08-26 08:00:00+00:00,0.35,0.5526948022026588,,False
101990961244800083,wind_speed,2026-08-26 09:00:00+00:00,1.0,0.506277977096119,0.35,True
101990961244800083,wind_speed,2026-08-26 10:00:00+00:00,1.0,0.7360024447912425,1.0,True
101990961244800083,wind_speed,2026-08-26 11:00:00+00:00,,0.7534853618844414,1.0,False
101990961244800083,wind_speed,2026-08-26 12:00:00+00:00,0.675,0.7486848134725945,,False
101990961244800083,wind_speed,2026-08-26 13:00:00+00:00,0.0,0.7817996571285002,0.675,True
101990961244800083,wind_speed,2026-08-26 14:00:00+00:00,0.7,0.4691279216369505,0.0,True
101990961244800083,wind_speed,2026-08-26 15:00:00+00:00,0.7,0.40685686179132197,0.7,True
101990961244800083,wind_speed,2026-08-26 16:00:00+00:00,0.0,0.3632935045949823,0.7,True
101990961244800083,wind_speed,2026-08-26 17:00:00+00:00,0.0,0.08519896378138386,0.0,True
101990961244800083,wind_speed,2026-08-26 18:00:00+00:00,0.0,0.10433967803402835,0.0,True
101990961244800083,wind_speed,2026-08-26 19:00:00+00:00,0.0,0.11133142103902399,0.0,True
101990961244800083,wind_speed,2026-08-26 20:00:00+00:00,,0.038941431185394726,0.0,False
101990961244800083,wind_speed,2026-08-26 21:00:00+00:00,,0.042642266909751037,,False
101990961244800083,wind_speed,2026-08-26 22:00:00+00:00,,0.12818490812792196,,False
101990961244800083,wind_speed,2026-08-26 23:00:00+00:00,,0.11813403879777387,,False
101990961244800083,wind_speed,2026-08-27 00:00:00+00:00,,0.12908569184983815,,False
101990961244800083,wind_speed,2026-08-27 01:00:00+00:00,,0.1228822086646365,,False
101990961244800083,wind_speed,2026-08-27 02:00:00+00:00,,0.14552947126195936,,False
101990961244800083,wind_speed,2026-08-27 03:00:00+00:00,,0.22785172240708396,,False
101990961244800083,wind_speed,2026-08-27 04:00:00+00:00,,0.22183208844456095,,False
101990961244800083,wind_speed,2026-08-27 05:00:00+00:00,,0.4883631794724744,,False
101990961244800083,wind_speed,2026-08-27 06:00:00+00:00,,0.6848657242492119,,False
101990961244800083,wind_speed,2026-08-27 07:00:00+00:00,,0.7078265594359405,,False
101990961244800083,wind_speed,2026-08-27 08:00:00+00:00,,0.6086654537122845,,False
101990961244800083,wind_speed,2026-08-27 09:00:00+00:00,,0.6619237985608525,,False
101990961244800083,wind_speed,2026-08-27 10:00:00+00:00,,0.7048564895133806,,False
101990961244800083,wind_speed,2026-08-27 11:00:00+00:00,,0.6406566727233166,,False
101990961244800083,wind_speed,2026-08-27 12:00:00+00:00,,0.673409071778468,,False
101990961244800083,wind_speed,2026-08-27 13:00:00+00:00,,0.6822048212947144,,False
101990961244800083,wind_speed,2026-08-27 14:00:00+00:00,,0.6698450753005203,,False
101990961244800083,wind_speed,2026-08-27 15:00:00+00:00,0.0,0.49899944783137246,,False
101990961244800083,wind_speed,2026-08-27 16:00:00+00:00,,0.13707698227426077,0.0,False
101990961244800083,wind_speed,2026-08-27 17:00:00+00:00,0.0,0.038799224354782835,,False
101990961244800083,wind_speed,2026-08-27 18:00:00+00:00,,0.07757583019516837,0.0,False
101990961244800083,wind_speed,2026-08-27 19:00:00+00:00,,0.11589161068612501,,False
101990961244800083,wind_speed,2026-08-27 20:00:00+00:00,,0.07766014832627666,,False
101990961244800083,wind_speed,2026-08-27 21:00:00+00:00,,0.06922785930327505,,False
101990961244800083,wind_speed,2026-08-27 22:00:00+00:00,,0.1466724195171259,,False
101990961244800083,wind_speed,2026-08-27 23:00:00+00:00,,0.13132708655960906,,False
101990961244800083,wind_speed,2026-08-28 00:00:00+00:00,,0.13898499192276564,,False
101990961244800083,wind_speed,2026-08-28 01:00:00+00:00,,0.13098898259117972,,False
101990961244800083,wind_speed,2026-08-28 02:00:00+00:00,,0.1530731053128785,,False
101990961244800083,wind_speed,2026-08-28 03:00:00+00:00,,0.23597620310963802,,False
101990961244800083,wind_speed,2026-08-28 04:00:00+00:00,,0.23176951279656796,,False
101990961244800083,wind_speed,2026-08-28 05:00:00+00:00,,0.5149099795061451,,False
101990961244800083,wind_speed,2026-08-28 06:00:00+00:00,,0.693502290179851,,False
101990961244800083,wind_speed,2026-08-28 07:00:00+00:00,,0.7128876165835001,,False
101990961244800083,wind_speed,2026-08-28 08:00:00+00:00,,0.6212464277037183,,False
101990961244800083,wind_speed,2026-08-28 09:00:00+00:00,,0.6423083714155419,,False
101990961244800083,wind_speed,2026-08-28 10:00:00+00:00,,0.6864078585026615,,False
101990961244800083,wind_speed,2026-08-28 11:00:00+00:00,,0.6348792537049031,,False
101990961244800083,wind_speed,2026-08-28 12:00:00+00:00,,0.6666752929480132,,False
101990961244800083,wind_speed,2026-08-28 13:00:00+00:00,,0.7082363433012241,,False
101990961244800083,wind_speed,2026-08-28 14:00:00+00:00,,0.6535917599717989,,False
101990961244800083,wind_speed,2026-08-28 15:00:00+00:00,,0.4436340236353779,,False
101990961244800083,wind_speed,2026-08-28 16:00:00+00:00,,0.30241031380408334,,False
101990961244800083,wind_speed,2026-08-28 17:00:00+00:00,,0.14545127091699522,,False
101990961244800083,wind_speed,2026-08-28 18:00:00+00:00,,0.1667019228116955,,False
101990961244800083,wind_speed,2026-08-28 19:00:00+00:00,,0.17974125694924004,,False
101990961244800083,wind_speed,2026-08-28 20:00:00+00:00,,0.11892248004380288,,False
101990961244800083,wind_speed,2026-08-28 21:00:00+00:00,,0.09727077636852978,,False
101990961244800083,wind_speed,2026-08-28 22:00:00+00:00,,0.1657486095740751,,False
101990961244800083,wind_speed,2026-08-28 23:00:00+00:00,,0.14432943972851844,,False
101990961244800083,wind_speed,2026-08-29 00:00:00+00:00,,0.14788530544984177,,False
101990961244800083,wind_speed,2026-08-29 01:00:00+00:00,,0.1371369824433366,,False
101990961244800083,wind_speed,2026-08-29 02:00:00+00:00,,0.15740113112284884,,False
101990961244800083,wind_speed,2026-08-29 03:00:00+00:00,,0.23914059679205435,,False
101990961244800083,wind_speed,2026-08-29 04:00:00+00:00,,0.23425015231393917,,False
101990961244800083,wind_speed,2026-08-29 05:00:00+00:00,0.0,0.5177820006757168,,False
101990961244800083,wind_speed,2026-08-29 06:00:00+00:00,,0.5239140674506404,0.0,False
101990961244800083,wind_speed,2026-08-29 07:00:00+00:00,,0.5981597042139503,,False
101990961244800083,wind_speed,2026-08-29 08:00:00+00:00,0.7666666666666666,0.5443148758630365,,False
101990961244800083,wind_speed,2026-08-29 09:00:00+00:00,1.0333333333333334,0.6608134336222252,0.7666666666666666,True
101990961244800083,wind_speed,2026-08-29 10:00:00+00:00,0.0,0.8062636957487148,1.0333333333333334,True
101990961244800083,wind_speed,2026-08-29 11:00:00+00:00,0.0,0.4915901565992514,0.0,True
101990961244800083,wind_speed,2026-08-29 12:00:00+00:00,0.7,0.43421876087133515,0.0,True
101990961244800083,wind_speed,2026-08-29 13:00:00+00:00,0.875,0.6297633162604424,0.7,True
101990961244800083,wind_speed,2026-08-29 14:00:00+00:00,0.6,0.6717277020051579,0.875,True
101990961244800083,wind_speed,2026-08-29 15:00:00+00:00,0.0,0.45380779712703917,0.6,True
101990961244800083,wind_speed,2026-08-29 16:00:00+00:00,0.8500000000000001,0.17583025258878698,0.0,True
101990961244800083,wind_speed,2026-08-29 17:00:00+00:00,0.0,0.24935729194895342,0.8500000000000001,True
101990961244800083,wind_speed,2026-08-29 18:00:00+00:00,0.0,0.1667708685773563,0.0,True
101990961244800083,wind_speed,2026-08-29 19:00:00+00:00,0.0,0.1329864703493547,0.0,True
101990961244800083,wind_speed,2026-08-29 20:00:00+00:00,0.0,0.049407538845109074,0.0,True
101990961244800083,wind_speed,2026-08-29 21:00:00+00:00,,0.03566700198079517,0.0,False
101990961244800083,wind_speed,2026-08-29 22:00:00+00:00,,0.12310350225147719,,False
101990961244800083,wind_speed,2026-08-29 23:00:00+00:00,,0.11417595602793672,,False
101990961244800083,wind_speed,2026-08-30 00:00:00+00:00,,0.1256506918510341,,False
101990961244800083,wind_speed,2026-08-30 01:00:00+00:00,,0.11944937591890412,,False
101990961244800083,wind_speed,2026-08-30 02:00:00+00:00,,0.14157821935627996,,False
101990961244800083,wind_speed,2026-08-30 03:00:00+00:00,,0.22278284692076553,,False
101990961244800083,wind_speed,2026-08-30 04:00:00+00:00,,0.21487318719388884,,False
101990961244800083,wind_speed,2026-08-30 05:00:00+00:00,,0.4651917424557294,,False
101990961244800083,wind_speed,2026-08-30 06:00:00+00:00,,0.6805970135053854,,False
101990961244800083,wind_speed,2026-08-30 07:00:00+00:00,0.0,0.7083308832263057,,False
101990961244800083,wind_speed,2026-08-30 08:00:00+00:00,,0.40408232204097555,0.0,False
101990961244800083,wind_speed,2026-08-30 09:00:00+00:00,,0.5230087938096721,,False
101990961244800083,wind_speed,2026-08-30 10:00:00+00:00,0.5666666666666667,0.516072145880998,,False
101990961244800083,wind_speed,2026-08-30 11:00:00+00:00,,0.5209602984734238,0.5666666666666667,False
101990961244800083,wind_speed,2026-08-30 12:00:00+00:00,0.9,0.6351815032225312,,False
101990961244800083,wind_speed,2026-08-30 13:00:00+00:00,0.0,0.7877941000508607,0.9,True
101990961244800083,wind_speed,2026-08-30 14:00:00+00:00,1.1,0.47052554559961135,0.0,True
101990961244800083,wind_speed,2026-08-30 15:00:00+00:00,0.2666666666666666,0.47511253237194173,1.1,True
101990961244800083,wind_speed,2026-08-30 16:00:00+00:00,0.0,0.33739822478561576,0.2666666666666666,True
101990961244800083,wind_speed,2026-08-30 17:00:00+00:00,0.0,0.028896385387422792,0.0,True
101990961244800083,wind_speed,2026-08-30 18:00:00+00:00,,0.07184755843262217,0.0,False
101990961244800083,wind_speed,2026-08-30 19:00:00+00:00,,0.10900226873542694,,False
101990961244800083,wind_speed,2026-08-30 20:00:00+00:00,,0.07061653394731152,,False
101990961244800083,wind_speed,2026-08-30 21:00:00+00:00,,0.0657048838828766,,False
101990961244800083,wind_speed,2026-08-30 22:00:00+00:00,,0.14337461639839658,,False
101990961244800083,wind_speed,2026-08-30 23:00:00+00:00,,0.1277543994758524,,False
101990961244800083,wind_speed,2026-08-31 00:00:00+00:00,,0.13459562553839027,,False
101990961244800083,wind_speed,2026-08-31 01:00:00+00:00,,0.12511729237951605,,False
101990961244800083,wind_speed,2026-08-31 02:00:00+00:00,,0.14482865395556488,,False
101990961244800083,wind_speed,2026-08-31 03:00:00+00:00,,0.22410872566404333,,False
101990961244800083,wind_speed,2026-08-31 04:00:00+00:00,,0.2144755408446774,,False
101990961244800083,wind_speed,2026-08-31 05:00:00+00:00,,0.4769462298487685,,False
101990961244800083,wind_speed,2026-08-31 06:00:00+00:00,,0.6659461523882493,,False
101990961244800083,wind_speed,2026-08-31 07:00:00+00:00,,0.6420543827265851,,False
101990961244800083,wind_speed,2026-08-31 08:00:00+00:00,,0.609291344354824,,False
101990961244800083,wind_speed,2026-08-31 09:00:00+00:00,,0.6494050082033851,,False
101990961244800083,wind_speed,2026-08-31 10:00:00+00:00,,0.650872974886153,,False
101990961244800083,wind_speed,2026-08-31 11:00:00+00:00,,0.603476800040527,,False
101990961244800083,wind_speed,2026-08-31 12:00:00+00:00,,0.6923478281842872,,False
101990961244800083,wind_speed,2026-08-31 13:00:00+00:00,,0.6574533803555515,,False
101990961244800083,wind_speed,2026-08-31 14:00:00+00:00,,0.7000930074715797,,False
101990961244800083,wind_speed,2026-08-31 15:00:00+00:00,,0.43303489509605486,,False
101990961244800083,wind_speed,2026-08-31 16:00:00+00:00,,0.3037787451106285,,False
101990961244800083,wind_speed,2026-08-31 17:00:00+00:00,,0.1348875541252758,,False
101990961244800083,wind_speed,2026-08-31 18:00:00+00:00,,0.15610684163130598,,False
101990961244800083,wind_speed,2026-08-31 19:00:00+00:00,,0.16938914272817285,,False
101990961244800083,wind_speed,2026-08-31 20:00:00+00:00,,0.11144548329502543,,False
101990961244800083,wind_speed,2026-08-31 21:00:00+00:00,,0.09276331826286323,,False
101990961244800083,wind_speed,2026-08-31 22:00:00+00:00,,0.1620376473942355,,False
101990961244800083,wind_speed,2026-08-31 23:00:00+00:00,,0.14085226194160505,,False
101990961244800083,wind_speed,2026-09-01 00:00:00+00:00,,0.14411460063452522,,False
101990961244800083,wind_speed,2026-09-01 01:00:00+00:00,,0.13250092564255575,,False
101990961244800083,wind_speed,2026-09-01 02:00:00+00:00,,0.15119666791157282,,False
101990961244800083,wind_speed,2026-09-01 03:00:00+00:00,,0.230426824921958,,False
101990961244800083,wind_speed,2026-09-01 04:00:00+00:00,,0.22170186048637036,,False
101990961244800083,wind_speed,2026-09-01 05:00:00+00:00,,0.48686921790042376,,False
101990961244800083,wind_speed,2026-09-01 06:00:00+00:00,,0.678057864544949,,False
101990961244800083,wind_speed,2026-09-01 07:00:00+00:00,0.0,0.6763537417764321,,False
101990961244800083,wind_speed,2026-09-01 08:00:00+00:00,,0.3969464636751751,0.0,False
101990961244800083,wind_speed,2026-09-01 09:00:00+00:00,,0.5045030348664233,,False
101990961244800083,wind_speed,2026-09-01 10:00:00+00:00,,0.5529069397732767,,False
101990961244800083,wind_speed,2026-09-01 11:00:00+00:00,0.6,0.5378482562542258,,False
101990961244800083,wind_speed,2026-09-01 12:00:00+00:00,1.0,0.6544786107277534,0.6,True
101990961244800083,wind_speed,2026-09-01 13:00:00+00:00,0.45,0.7730853319579513,1.0,True
101990961244800083,wind_speed,2026-09-01 14:00:00+00:00,0.5,0.6433302465265853,0.45,True
101990961244800083,wind_speed,2026-09-01 15:00:00+00:00,0.2666666666666666,0.3774172057498927,0.5,True
101990961244800083,wind_speed,2026-09-01 16:00:00+00:00,0.0,0.24502184686066114,0.2666666666666666,True
101990961244800083,wind_speed,2026-09-01 17:00:00+00:00,1.7,0.02262833327900246,0.0,True
101990961244800083,wind_speed,2026-09-01 18:00:00+00:00,,0.549511211802556,1.7,False
101990961244800083,wind_speed,2026-09-01 19:00:00+00:00,,0.4365607436257025,,False
101990961244800083,wind_speed,2026-09-01 20:00:00+00:00,,0.2926365868861116,,False
101990961244800083,wind_speed,2026-09-01 21:00:00+00:00,,0.21542038354264081,,False
101990961244800083,wind_speed,2026-09-01 22:00:00+00:00,,0.24484088682244529,,False
101990961244800083,wind_speed,2026-09-01 23:00:00+00:00,,0.19635872681284217,,False
101990961244800083,wind_speed,2026-09-02 00:00:00+00:00,,0.18074180534535234,,False
101990961244800083,wind_speed,2026-09-02 01:00:00+00:00,,0.15580335851418806,,False
101990961244800083,wind_speed,2026-09-02 02:00:00+00:00,,0.1647081257641736,,False
101990961244800083,wind_speed,2026-09-02 03:00:00+00:00,,0.23619631035187685,,False
101990961244800083,wind_speed,2026-09-02 04:00:00+00:00,,0.22060400009922687,,False
101990961244800083,wind_speed,2026-09-02 05:00:00+00:00,0.8,0.4790586113170673,,False
101990961244800083,wind_speed,2026-09-02 06:00:00+00:00,,0.7675182739009785,0.8,False
101990961244800083,wind_speed,2026-09-02 07:00:00+00:00,0.8,0.6857908275913873,,False
101990961244800083,wind_speed,2026-09-02 08:00:00+00:00,1.0,0.6869339773962023,0.8,True
101990961244800083,wind_speed,2026-09-02 09:00:00+00:00,0.6,0.7916313857768044,1.0,True
101990961244800083,wind_speed,2026-09-02 10:00:00+00:00,2.5,0.6965633717098716,0.6,True
101990961244800083,wind_speed,2026-09-02 11:00:00+00:00,0.6999999999999998,1.1395807172858587,2.5,True
101990961244800083,wind_speed,2026-09-02 12:00:00+00:00,0.7999999999999999,0.9486742570859742,0.6999999999999998,True
101990961244800083,wind_speed,2026-09-02 13:00:00+00:00,0.6,0.7917834615880646,0.7999999999999999,True
101990961244800083,wind_speed,2026-09-02 14:00:00+00:00,0.0,0.689507314576639,0.6,True
101990961244800083,wind_speed,2026-09-02 15:00:00+00:00,0.4666666666666666,0.25199495228496616,0.0,True
101990961244800083,wind_speed,2026-09-02 16:00:00+00:00,0.0,0.23274541195179288,0.4666666666666666,True
101990961244800083,wind_speed,2026-09-02 17:00:00+00:00,0.0,0.17744625340098286,0.0,True
101990961244800083,wind_speed,2026-09-02 18:00:00+00:00,,0.07491638767564979,0.0,False
101990961244800083,wind_speed,2026-09-02 19:00:00+00:00,,0.1145493208293471,,False
101990961244800083,wind_speed,2026-09-02 20:00:00+00:00,,0.07438164657822482,,False
101990961244800083,wind_speed,2026-09-02 21:00:00+00:00,,0.06782790144181275,,False
101990961244800083,wind_speed,2026-09-02 22:00:00+00:00,,0.14552682458524624,,False
101990961244800083,wind_speed,2026-09-02 23:00:00+00:00,,0.1302620864592807,,False
101990961244800083,wind_speed,2026-09-03 00:00:00+00:00,,0.13783908020493266,,False
101990961244800083,wind_speed,2026-09-03 01:00:00+00:00,,0.12958838221869173,,False
101990961244800083,wind_speed,2026-09-03 02:00:00+00:00,,0.151205416452806,,False
101990961244800083,wind_speed,2026-09-03 03:00:00+00:00,,0.23335819213521125,,False
101990961244800083,wind_speed,2026-09-03 04:00:00+00:00,0.0,0.22800360527594105,,False
101990961244800083,wind_speed,2026-09-03 05:00:00+00:00,0.0,0.4364419461137125,0.0,True
101990961244800083,wind_speed,2026-09-03 06:00:00+00:00,,0.5087675963724472,0.0,False
101990961244800083,wind_speed,2026-09-03 07:00:00+00:00,,0.5410006192151683,,False
101990961244800083,wind_speed,2026-09-03 08:00:00+00:00,0.8333333333333334,0.5669333388949728,,False
101990961244800083,wind_speed,2026-09-03 09:00:00+00:00,0.0,0.6733380105578239,0.8333333333333334,True
101990961244800083,wind_speed,2026-09-03 10:00:00+00:00,2.1,0.654842769745495,0.0,True
101990961244800083,wind_speed,2026-09-03 11:00:00+00:00,0.0,0.9032389430904015,2.1,True
101990961244800083,wind_speed,2026-09-03 12:00:00+00:00,1.0,0.6464791403181509,0.0,True
101990961244800083,wind_speed,2026-09-03 13:00:00+00:00,,0.7375792278937352,1.0,False
101990961244800083,wind_speed,2026-09-03 14:00:00+00:00,0.0,0.6516623429022907,,False
101990961244800083,wind_speed,2026-09-03 15:00:00+00:00,0.0,0.2652345806707215,0.0,True
101990961244800083,wind_speed,2026-09-03 16:00:00+00:00,0.0,0.08738356795581902,0.0,True
101990961244800083,wind_speed,2026-09-03 17:00:00+00:00,,0.027170753948413933,0.0,False
101990961244800083,wind_speed,2026-09-03 18:00:00+00:00,,0.0604364655371797,,False
101990961244800083,wind_speed,2026-09-03 19:00:00+00:00,,0.10434013520462512,,False
101990961244800083,wind_speed,2026-09-03 20:00:00+00:00,,0.06686834965792464,,False
101990961244800083,wind_speed,2026-09-03 21:00:00+00:00,,0.06184648519093362,,False
101990961244800083,wind_speed,2026-09-03 22:00:00+00:00,,0.1401806411626908,,False
101990961244800083,wind_speed,2026-09-03 23:00:00+00:00,,0.12474259996211182,,False
101990961244800083,wind_speed,2026-09-04 00:00:00+00:00,,0.1313092403252469,,False
101990961244800083,wind_speed,2026-09-04 01:00:00+00:00,,0.12105780391254517,,False
101990961244800083,wind_speed,2026-09-04 02:00:00+00:00,,0.13938052005907375,,False
101990961244800083,wind_speed,2026-09-04 03:00:00+00:00,,0.21644574086673757,,False
101990961244800083,wind_speed,2026-09-04 04:00:00+00:00,1.0,0.19904343573809763,,False
101990961244800083,wind_speed,2026-09-04 05:00:00+00:00,1.7,0.7089744130659821,1.0,True
101990961244800083,wind_speed,2026-09-04 06:00:00+00:00,0.0,1.1265605904982434,1.7,True
101990961244800083,wind_speed,2026-09-04 07:00:00+00:00,2.3,0.6472599615917153,0.0,True
101990961244800083,wind_speed,2026-09-04 08:00:00+00:00,,1.1081676943132506,2.3,False
101990961244800083,wind_speed,2026-09-04 09:00:00+00:00,0.45,0.895804522184564,,False
101990961244800083,wind_speed,2026-09-04 10:00:00+00:00,1.2,0.9301473947986518,0.45,True
101990961244800083,wind_speed,2026-09-04 11:00:00+00:00,1.2,0.6795379812289432,1.2,True
101990961244800083,wind_speed,2026-09-04 12:00:00+00:00,1.0,0.9562420551670291,1.2,True
101990961244800083,wind_speed,2026-09-04 13:00:00+00:00,0.0,0.8385054632717818,1.0,True
101990961244800083,wind_speed,2026-09-04 14:00:00+00:00,0.0,0.47047928664708494,0.0,True
101990961244800083,wind_speed,2026-09-04 15:00:00+00:00,0.0,0.18656191096430955,0.0,True
101990961244800083,wind_speed,2026-09-04 16:00:00+00:00,0.0,0.07462277374573406,0.0,True
101990961244800083,wind_speed,2026-09-04 17:00:00+00:00,0.0,0.025307663349858414,0.0,True
101990961244800083,wind_speed,2026-09-04 18:00:00+00:00,,0.05099744742326045,0.0,False
101990961244800083,wind_speed,2026-09-04 19:00:00+00:00,,0.09885750444116503,,False
101990961244800083,wind_speed,2026-09-04 20:00:00+00:00,,0.06457912091028481,,False
101990961244800083,wind_speed,2026-09-04 21:00:00+00:00,,0.06244002810717229,,False
101990961244800083,wind_speed,2026-09-04 22:00:00+00:00,,0.14376179124515687,,False
101990961244800083,wind_speed,2026-09-04 23:00:00+00:00,,0.1318407617351877,,False
101990961244800083,wind_speed,2026-09-05 00:00:00+00:00,,0.1430009925682379,,False
101990961244800083,wind_speed,2026-09-05 01:00:00+00:00,,0.13911704014598725,,False
101990961244800083,wind_speed,2026-09-05 02:00:00+00:00,,0.16654544716945796,,False
101990961244800083,wind_speed,2026-09-05 03:00:00+00:00,,0.256835899929862,,False
101990961244800083,wind_speed,2026-09-05 04:00:00+00:00,,0.28849734301164986,,False
101990961244800083,wind_speed,2026-09-05 05:00:00+00:00,,0.586696661182535,,False
101990961244800083,wind_speed,2026-09-05 06:00:00+00:00,,0.5920815678419314,,False
101990961244800083,wind_speed,2026-09-05 07:00:00+00:00,,0.8088639154736712,,False
101990961244800083,wind_speed,2026-09-05 08:00:00+00:00,,0.6725194924479815,,False
101990961244800083,wind_speed,2026-09-05 09:00:00+00:00,,0.6000586393195265,,False
101990961244800083,wind_speed,2026-09-05 10:00:00+00:00,,0.8208598758750469,,False
101990961244800083,wind_speed,2026-09-05 11:00:00+00:00,,0.6403144581799454,,False
101990961244800083,wind_speed,2026-09-05 12:00:00+00:00,,0.7339185711432571,,False
101990961244800083,wind_speed,2026-09-05 13:00:00+00:00,,0.6141705362913765,,False
101990961244800083,wind_speed,2026-09-05 14:00:00+00:00,,0.5669421839678268,,False
101990961244800083,wind_speed,2026-09-05 15:00:00+00:00,,0.3840997514339128,,False
101990961244800083,wind_speed,2026-09-05 16:00:00+00:00,,0.2611097080721521,,False
101990961244800083,wind_speed,2026-09-05 17:00:00+00:00,,0.17129423444033012,,False
101990961244800083,wind_speed,2026-09-05 18:00:00+00:00,,0.15776241665688398,,False
101990961244800083,wind_speed,2026-09-05 19:00:00+00:00,,0.17094166075786188,,False
101990961244800083,wind_speed,2026-09-05 20:00:00+00:00,,0.1129139713784938,,False
101990961244800083,wind_speed,2026-09-05 21:00:00+00:00,,0.09435551690213229,,False
101990961244800083,wind_speed,2026-09-05 22:00:00+00:00,,0.16409787916341226,,False
101990961244800083,wind_speed,2026-09-05 23:00:00+00:00,,0.1436814014762939,,False
101990961244800083,wind_speed,2026-09-06 00:00:00+00:00,,0.1481418083958601,,False
101990961244800083,wind_speed,2026-09-06 01:00:00+00:00,,0.13833763298008805,,False
101990961244800083,wind_speed,2026-09-06 02:00:00+00:00,,0.15972762048949765,,False
101990961244800083,wind_speed,2026-09-06 03:00:00+00:00,,0.24294573535983427,,False
101990961244800083,wind_speed,2026-09-06 04:00:00+00:00,0.0,0.25331727410941207,,False
101990961244800083,wind_speed,2026-09-06 05:00:00+00:00,,0.44677103401330004,0.0,False
101990961244800083,wind_speed,2026-09-06 06:00:00+00:00,1.0666666666666669,0.5678877252185262,,False
101990961244800083,wind_speed,2026-09-06 07:00:00+00:00,,0.8476947336720876,1.0666666666666669,False
101990961244800083,wind_speed,2026-09-06 08:00:00+00:00,0.0,0.7328867223001034,,False
101990961244800083,wind_speed,2026-09-06 09:00:00+00:00,0.7,0.43485036658041143,0.0,True
101990961244800083,wind_speed,2026-09-06 10:00:00+00:00,0.9,0.7587689144198504,0.7,True
101990961244800083,wind_speed,2026-09-06 11:00:00+00:00,1.1,0.6219311119999114,0.9,True
101990961244800083,wind_speed,2026-09-06 12:00:00+00:00,0.6,0.8610153348824975,1.1,True
101990961244800083,wind_speed,2026-09-06 13:00:00+00:00,0.7,0.6691141706305126,0.6,True
101990961244800083,wind_speed,2026-09-06 14:00:00+00:00,,0.6207716745110472,0.7,False
101990961244800083,wind_speed,2026-09-06 15:00:00+00:00,1.3,0.42056136390035526,,False
101990961244800083,wind_speed,2026-09-06 16:00:00+00:00,1.45,0.5574142091834013,1.3,True
101990961244800083,wind_speed,2026-09-06 17:00:00+00:00,0.9,0.625987124890929,1.45,True
101990961244800083,wind_speed,2026-09-06 18:00:00+00:00,,0.5430542307730211,0.9,False
101990961244800083,wind_speed,2026-09-06 19:00:00+00:00,,0.4324413148528684,,False
101990961244800083,wind_speed,2026-09-06 20:00:00+00:00,,0.29026250278196536,,False
101990961244800083,wind_speed,2026-09-06 21:00:00+00:00,,0.2144423164599289,,False
101990961244800083,wind_speed,2026-09-06 22:00:00+00:00,,0.2451059704487379,,False
101990961244800083,wind_speed,2026-09-06 23:00:00+00:00,,0.1979044960323645,,False
101990961244800083,wind_speed,2026-09-07 00:00:00+00:00,,0.1838027022447007,,False
101990961244800083,wind_speed,2026-09-07 01:00:00+00:00,,0.16084372325146304,,False
101990961244800083,wind_speed,2026-09-07 02:00:00+00:00,,0.17249224003631236,,False
101990961244800083,wind_speed,2026-09-07 03:00:00+00:00,,0.24790462931178397,,False
101990961244800083,wind_speed,2026-09-07 04:00:00+00:00,,0.23190275066702692,,False
101990961244800083,wind_speed,2026-09-07 05:00:00+00:00,,0.5331168506397684,,False
101990961244800083,wind_speed,2026-09-07 06:00:00+00:00,,0.6758160307085324,,False
101990961244800083,wind_speed,2026-09-07 07:00:00+00:00,,0.7262908666922155,,False
101990961244800083,wind_speed,2026-09-07 08:00:00+00:00,,0.5902285073441966,,False
101990961244800083,wind_speed,2026-09-07 09:00:00+00:00,,0.6185904879156046,,False
101990961244800083,wind_speed,2026-09-07 10:00:00+00:00,,0.8096854336204393,,False
101990961244800083,wind_speed,2026-09-07 11:00:00+00:00,,0.6555765080074207,,False
101990961244800083,wind_speed,2026-09-07 12:00:00+00:00,,0.7086074946554883,,False
101990961244800083,wind_speed,2026-09-07 13:00:00+00:00,,0.652662432451701,,False
101990961244800083,wind_speed,2026-09-07 14:00:00+00:00,0.0,0.6301583943791436,,False
101990961244800083,wind_speed,2026-09-07 15:00:00+00:00,1.65,0.2793975836858662,0.0,True
101990961244800083,wind_speed,2026-09-07 16:00:00+00:00,0.0,0.6356052460258448,1.65,True
101990961244800083,wind_speed,2026-09-07 17:00:00+00:00,0.0,0.23898405384780697,0.0,True
101990961244800083,wind_speed,2026-09-07 18:00:00+00:00,,0.12620786553119656,0.0,False
101990961244800083,wind_speed,2026-09-07 19:00:00+00:00,,0.14942193374925455,,False
101990961244800083,wind_speed,2026-09-07 20:00:00+00:00,,0.09816023446997052,,False
101990961244800083,wind_speed,2026-09-07 21:00:00+00:00,,0.08411701610495764,,False
101990961244800083,wind_speed,2026-09-07 22:00:00+00:00,,0.15679021038396246,,False
101990961244800083,wind_speed,2026-09-07 23:00:00+00:00,,0.13820525520746418,,False
101990961244800083,wind_speed,2026-09-08 00:00:00+00:00,,0.14366663493935272,,False
101990961244800083,wind_speed,2026-09-08 01:00:00+00:00,,0.13418422469392013,,False
101990961244800083,wind_speed,2026-09-08 02:00:00+00:00,,0.15526641688970996,,False
101990961244800083,wind_speed,2026-09-08 03:00:00+00:00,,0.23750019822995125,,False
101990961244800083,wind_speed,2026-09-08 04:00:00+00:00,,0.2348389088664171,,False
101990961244800083,wind_speed,2026-09-08 05:00:00+00:00,1.0,0.5262239881177587,,False
101990961244800083,wind_speed,2026-09-08 06:00:00+00:00,0.9,0.806990424753698,1.0,True
101990961244800083,wind_speed,2026-09-08 07:00:00+00:00,,0.8570584196430839,0.9,False
101990961244800083,wind_speed,2026-09-08 08:00:00+00:00,,0.7084824592746666,,False
101990961244800083,wind_speed,2026-09-08 09:00:00+00:00,,0.672733873136584,,False
101990961244800083,wind_speed,2026-09-08 10:00:00+00:00,,0.8435670197914357,,False
101990961244800083,wind_speed,2026-09-08 11:00:00+00:00,,0.6569228169650241,,False
101990961244800083,wind_speed,2026-09-08 12:00:00+00:00,,0.7289028255737237,,False
101990961244800083,wind_speed,2026-09-08 13:00:00+00:00,,0.6568522125267778,,False
101990961244800083,wind_speed,2026-09-08 14:00:00+00:00,,0.5626019845609215,,False
101990961244800083,wind_speed,2026-09-08 15:00:00+00:00,,0.5531359447534865,,False
101990961244800083,wind_speed,2026-09-08 16:00:00+00:00,,0.2952055040238799,,False
101990961244800083,wind_speed,2026-09-08 17:00:00+00:00,,0.19170512420244476,,False
101990961244800083,wind_speed,2026-09-08 18:00:00+00:00,,0.17505327789712796,,False
101990961244800083,wind_speed,2026-09-08 19:00:00+00:00,,0.18284800093679782,,False
101990961244800083,wind_speed,2026-09-08 20:00:00+00:00,,0.12125555189284626,,False
101990961244800083,wind_speed,2026-09-08 21:00:00+00:00,,0.10040066507200143,,False
101990961244800083,wind_speed,2026-09-08 22:00:00+00:00,,0.16872136190613102,,False
101990961244800083,wind_speed,2026-09-08 23:00:00+00:00,,0.14759340405027352,,False
101990961244800083,wind_speed,2026-09-09 00:00:00+00:00,,0.15193548512259583,,False
101990961244800083,wind_speed,2026-09-09 01:00:00+00:00,,0.14258773140206737,,False
101990961244800083,wind_speed,2026-09-09 02:00:00+00:00,,0.16507897109324723,,False
101990961244800083,wind_speed,2026-09-09 03:00:00+00:00,,0.25020986651451027,,False
101990961244800083,wind_speed,2026-09-09 04:00:00+00:00,,0.2526203050951103,,False
101990961244800083,wind_speed,2026-09-09 05:00:00+00:00,,0.5730311689177683,,False
101990961244800083,wind_speed,2026-09-09 06:00:00+00:00,,0.6744794759567709,,False
101990961244800083,wind_speed,2026-09-09 07:00:00+00:00,,0.7375550278211047,,False
101990961244800083,wind_speed,2026-09-09 08:00:00+00:00,,0.6291525986892251,,False
101990961244800083,wind_speed,2026-09-09 09:00:00+00:00,,0.6178940150816389,,False
101990961244800083,wind_speed,2026-09-09 10:00:00+00:00,,0.8067690317320301,,False
101990961244800083,wind_speed,2026-09-09 11:00:00+00:00,,0.6316690919406578,,False
101990961244800083,wind_speed,2026-09-09 12:00:00+00:00,,0.7140602629812818,,False
101990961244800083,wind_speed,2026-09-09 13:00:00+00:00,,0.6481626966551537,,False
101990961244800083,wind_speed,2026-09-09 14:00:00+00:00,,0.5837976264083079,,False
101990961244800083,wind_speed,2026-09-09 15:00:00+00:00,,0.48973475228861746,,False
101990961244800083,wind_speed,2026-09-09 16:00:00+00:00,,0.3068609160138744,,False
101990961244800083,wind_speed,2026-09-09 17:00:00+00:00,,0.19915908682304836,,False
101990961244800083,wind_speed,2026-09-09 18:00:00+00:00,,0.17569981429841725,,False
101990961244800083,wind_speed,2026-09-09 19:00:00+00:00,,0.18315463971299972,,False
101990961244800083,wind_speed,2026-09-09 20:00:00+00:00,,0.1212687945876773,,False
101990961244800083,wind_speed,2026-09-09 21:00:00+00:00,,0.1001225199303419,,False
101990961244800083,wind_speed,2026-09-09 22:00:00+00:00,,0.16810964842286819,,False
101990961244800083,wind_speed,2026-09-09 23:00:00+00:00,,0.1465553563278736,,False
101990961244800083,wind_speed,2026-09-10 00:00:00+00:00,,0.15031368399132317,,False
101990961244800083,wind_speed,2026-09-10 01:00:00+00:00,,0.1401362319192646,,False
101990961244800083,wind_speed,2026-09-10 02:00:00+00:00,,0.16142600517459363,,False
101990961244800083,wind_speed,2026-09-10 03:00:00+00:00,,0.24480146457886023,,False
101990961244800083,wind_speed,2026-09-10 04:00:00+00:00,,0.24465904846248307,,False
101990961244800083,wind_speed,2026-09-10 05:00:00+00:00,,0.5505462474245751,,False
101990961244800083,wind_speed,2026-09-10 06:00:00+00:00,,0.6625993550764759,,False
101990961244800083,wind_speed,2026-09-10 07:00:00+00:00,,0.7312571850990434,,False
101990961244800083,wind_speed,2026-09-10 08:00:00+00:00,,0.6249717277147411,,False
101990961244800083,wind_speed,2026-09-10 09:00:00+00:00,,0.6150039217253676,,False
101990961244800083,wind_speed,2026-09-10 10:00:00+00:00,,0.8048297122445655,,False
101990961244800083,wind_speed,2026-09-10 11:00:00+00:00,,0.6303382019416192,,False
101990961244800083,wind_speed,2026-09-10 12:00:00+00:00,,0.7132778222766487,,False
101990961244800083,wind_speed,2026-09-10 13:00:00+00:00,,0.6477044622423866,,False
101990961244800083,wind_speed,2026-09-10 14:00:00+00:00,,0.5849117927876732,,False
101990961244800083,wind_speed,2026-09-10 15:00:00+00:00,,0.4863991642704459,,False
101990961244800083,wind_speed,2026-09-10 16:00:00+00:00,,0.3074736613016479,,False
101990961244800083,wind_speed,2026-09-10 17:00:00+00:00,,0.19955094043019897,,False
101990961244800083,wind_speed,2026-09-10 18:00:00+00:00,,0.17573365846038136,,False
101990961244800083,wind_speed,2026-09-10 19:00:00+00:00,,0.18317065744859254,,False
101990961244800083,wind_speed,2026-09-10 20:00:00+00:00,,0.12126941497465975,,False
101990961244800083,wind_speed,2026-09-10 21:00:00+00:00,,0.10010783704994118,,False
101990961244800083,wind_speed,2026-09-10 22:00:00+00:00,,0.16807743562712593,,False
101990961244800083,wind_speed,2026-09-10 23:00:00+00:00,,0.14650072857012844,,False
101990961244800083,wind_speed,2026-09-11 00:00:00+00:00,,0.1502283570124961,,False
101990961244800083,wind_speed,2026-09-11 01:00:00+00:00,,0.1400072659460936,,False
101990961244800083,wind_speed,2026-09-11 02:00:00+00:00,,0.1612338426125841,,False
101990961244800083,wind_speed,2026-09-11 03:00:00+00:00,,0.2445169641175377,,False
101990961244800083,wind_speed,2026-09-11 04:00:00+00:00,,0.24424026312738897,,False
101990961244800083,wind_speed,2026-09-11 05:00:00+00:00,,0.5493634823226139,,False
101990961244800083,wind_speed,2026-09-11 06:00:00+00:00,,0.6619744295982211,,False
101990961244800083,wind_speed,2026-09-11 07:00:00+00:00,,0.7309259018378662,,False
101990961244800083,wind_speed,2026-09-11 08:00:00+00:00,,0.6247518027760489,,False
101990961244800083,wind_speed,2026-09-11 09:00:00+00:00,,0.6148518951331208,,False
101990961244800083,wind_speed,2026-09-11 10:00:00+00:00,,0.8047276988809061,,False
101990961244800083,wind_speed,2026-09-11 11:00:00+00:00,,0.6302681935899088,,False
101990961244800083,wind_speed,2026-09-11 12:00:00+00:00,,0.7132366637947742,,False
101990961244800083,wind_speed,2026-09-11 13:00:00+00:00,,0.6476803578673727,,False
101990961244800083,wind_speed,2026-09-11 14:00:00+00:00,,0.5849704006368066,,False
101990961244800083,wind_speed,2026-09-11 15:00:00+00:00,,0.4862237040006178,,False
101990961244800083,wind_speed,2026-09-11 16:00:00+00:00,,0.3075058931937253,,False
101990961244800083,wind_speed,2026-09-11 17:00:00+00:00,,0.19957155288144687,,False
101990961244800083,wind_speed,2026-09-11 18:00:00+00:00,,0.17573543873213648,,False
101990961244800083,wind_speed,2026-09-11 19:00:00+00:00,,0.18317150001091637,,False
101990961244800083,wind_speed,2026-09-11 20:00:00+00:00,,0.12126944760150576,,False
101990961244800083,wind_speed,2026-09-11 21:00:00+00:00,,0.10010706468914647,,False
101990961244800083,wind_speed,2026-09-11 22:00:00+00:00,,0.16807574115074694,,False
101990961244800083,wind_speed,2026-09-11 23:00:00+00:00,,0.14649785501207493,,False
101990961244800083,wind_speed,2026-09-12 00:00:00+00:00,,0.1502238685998135,,False
101990961244800083,wind_speed,2026-09-12 01:00:00+00:00,,0.1400004820143166,,False
101990961244800083,wind_speed,2026-09-12 02:00:00+00:00,,0.1612237343834737,,False
101990961244800083,wind_speed,2026-09-12 03:00:00+00:00,,0.2445019986856217,,False
101990961244800083,wind_speed,2026-09-12 04:00:00+00:00,,0.2442182339774723,,False
101990961244800083,wind_speed,2026-09-12 05:00:00+00:00,,0.5493012659380432,,False
101990961244800083,wind_speed,2026-09-12 06:00:00+00:00,,0.6619415569645449,,False
101990961244800083,wind_speed,2026-09-12 07:00:00+00:00,,0.7309084755147599,,False
101990961244800083,wind_speed,2026-09-12 08:00:00+00:00,,0.62474023417754,,False
101990961244800083,wind_speed,2026-09-12 09:00:00+00:00,,0.6148438981564311,,False
101990961244800083,wind_speed,2026-09-12 10:00:00+00:00,,0.8047223327243724,,False
101990961244800083,wind_speed,2026-09-12 11:00:00+00:00,,0.6302645109765683,,False
101990961244800083,wind_speed,2026-09-12 12:00:00+00:00,,0.7132344987563058,,False
101990961244800083,wind_speed,2026-09-12 13:00:00+00:00,,0.647679089917321,,False
101990961244800083,wind_speed,2026-09-12 14:00:00+00:00,,0.5849734835553455,,False
101990961244800083,wind_speed,2026-09-12 15:00:00+00:00,,0.48621447435428,,False
101990961244800083,wind_speed,2026-09-12 16:00:00+00:00,,0.3075075886713641,,False
101990961244800083,wind_speed,2026-09-12 17:00:00+00:00,,0.19957263714761667,,False
101990961244800083,wind_speed,2026-09-12 18:00:00+00:00,,0.1757355323788546,,False
101990961244800083,wind_speed,2026-09-12 19:00:00+00:00,,0.18317154433178798,,False
101990961244800083,wind_speed,2026-09-12 20:00:00+00:00,,0.12126944931775831,,False
101990961244800083,wind_speed,2026-09-12 21:00:00+00:00,,0.10010702406104838,,False
101990961244800083,wind_speed,2026-09-12 22:00:00+00:00,,0.16807565201707717,,False
101990961244800083,wind_speed,2026-09-12 23:00:00+00:00,,0.14649770385577834,,False
101990961244800083,wind_speed,2026-09-13 00:00:00+00:00,,0.15022363249814943,,False
101990961244800083,wind_speed,2026-09-13 01:00:00+00:00,,0.14000012516264226,,False
101990961244800083,wind_speed,2026-09-13 02:00:00+00:00,,0.16122320266549647,,False
101990961244800083,wind_speed,2026-09-13 03:00:00+00:00,,0.2445012114667034,,False
101990961244800083,wind_speed,2026-09-13 04:00:00+00:00,,0.24421707518942895,,False
101990961244800083,wind_speed,2026-09-13 05:00:00+00:00,,0.5492979932015639,,False
101990961244800083,wind_speed,2026-09-13 06:00:00+00:00,,0.6619398277823023,,False
101990961244800083,wind_speed,2026-09-13 07:00:00+00:00,,0.730907558846848,,False
101990961244800083,wind_speed,2026-09-13 08:00:00+00:00,,0.6247396256405024,,False
101990961244800083,wind_speed,2026-09-13 09:00:00+00:00,,0.6148434774955792,,False
101990961244800083,wind_speed,2026-09-13 10:00:00+00:00,,0.8047220504512002,,False
101990961244800083,wind_speed,2026-09-13 11:00:00+00:00,,0.6302643172619528,,False
101990961244800083,wind_speed,2026-09-13 12:00:00+00:00,,0.7132343848699008,,False
101990961244800083,wind_speed,2026-09-13 13:00:00+00:00,,0.6476790232199966,,False
101990961244800083,wind_speed,2026-09-13 14:00:00+00:00,,0.5849736457245238,,False
101990961244800083,wind_speed,2026-09-13 15:00:00+00:00,,0.48621398885194056,,False
101990961244800083,wind_speed,2026-09-13 16:00:00+00:00,,0.30750767785770233,,False
101990961244800083,wind_speed,2026-09-13 17:00:00+00:00,,0.19957269418271234,,False
101990961244800083,wind_speed,2026-09-13 18:00:00+00:00,,0.17573553730490474,,False
101990961244800083,wind_speed,2026-09-13 19:00:00+00:00,,0.183171546663176,,False
101990961244800083,wind_speed,2026-09-13 20:00:00+00:00,,0.12126944940803745,,False
101990961244800083,wind_speed,2026-09-13 21:00:00+00:00,,0.10010702192390943,,False
101990961244800083,wind_speed,2026-09-13 22:00:00+00:00,,0.1680756473284246,,False
101990961244800083,wind_speed,2026-09-13 23:00:00+00:00,,0.14649769590458142,,False
101990961244800083,wind_speed,2026-09-14 00:00:00+00:00,,0.15022362007861503,,False
101990961244800083,wind_speed,2026-09-14 01:00:00+00:00,,0.14000010639135718,,False
101990961244800083,wind_speed,2026-09-14 02:00:00+00:00,,0.16122317469580918,,False
101990961244800083,wind_speed,2026-09-14 03:00:00+00:00,,0.2445011700570315,,False
101990961244800083,wind_speed,2026-09-14 04:00:00+00:00,,0.24421701423429748,,False
101990961244800083,wind_speed,2026-09-14 05:00:00+00:00,,0.5492978210474901,,False
101990961244800083,wind_speed,2026-09-14 06:00:00+00:00,,0.6619397368230181,,False
101990961244800083,wind_speed,2026-09-14 07:00:00+00:00,,0.7309075106278373,,False
101990961244800083,wind_speed,2026-09-14 08:00:00+00:00,,0.6247395936299417,,False
101990961244800083,wind_speed,2026-09-14 09:00:00+00:00,,0.6148434553677727,,False
101990961244800083,wind_speed,2026-09-14 10:00:00+00:00,,0.8047220356029297,,False
101990961244800083,wind_speed,2026-09-14 11:00:00+00:00,,0.6302643070720825,,False
101990961244800083,wind_speed,2026-09-14 12:00:00+00:00,,0.7132343788791927,,False
101990961244800083,wind_speed,2026-09-14 13:00:00+00:00,,0.6476790197115515,,False
101990961244800083,wind_speed,2026-09-14 14:00:00+00:00,,0.5849736542550257,,False
101990961244800083,wind_speed,2026-09-14 15:00:00+00:00,0.8,0.4862139633133107,,False
101990961244800083,wind_speed,2026-09-14 16:00:00+00:00,,0.41122216530319056,0.8,False
101990961244800083,wind_speed,2026-09-14 17:00:00+00:00,0.0,0.2699801629850267,,False
101990961244800083,rainfall_mm,2026-07-16 15:00:00+00:00,0.0,0.053764542471826555,0.0,True
101990961244800083,rainfall_mm,2026-07-16 16:00:00+00:00,0.0,0.033034294398193234,0.0,True
101990961244800083,rainfall_mm,2026-07-16 17:00:00+00:00,0.0,0.011046296022679276,0.0,True
101990961244800083,rainfall_mm,2026-07-16 18:00:00+00:00,0.0,0.007911632188559035,0.0,True
101990961244800083,rainfall_mm,2026-07-16 19:00:00+00:00,0.0,0.01220919587065829,0.0,True
101990961244800083,rainfall_mm,2026-07-16 20:00:00+00:00,0.0,0.07712591782663732,0.0,True
101990961244800083,rainfall_mm,2026-07-16 21:00:00+00:00,0.0,0.004033986641712629,0.0,True
101990961244800083,rainfall_mm,2026-07-16 22:00:00+00:00,,0.013027763888345836,0.0,False
101990961244800083,rainfall_mm,2026-07-16 23:00:00+00:00,,0.08886063513876635,,False
101990961244800083,rainfall_mm,2026-07-17 00:00:00+00:00,,0.0892566424822809,,False
101990961244800083,rainfall_mm,2026-07-17 01:00:00+00:00,,0.03502882499341018,,False
101990961244800083,rainfall_mm,2026-07-17 02:00:00+00:00,,0.01902268738733684,,False
101990961244800083,rainfall_mm,2026-07-17 03:00:00+00:00,,0.025903689715962405,,False
101990961244800083,rainfall_mm,2026-07-17 04:00:00+00:00,0.0,0.1206090958458573,,False
101990961244800083,rainfall_mm,2026-07-17 05:00:00+00:00,0.0,-0.015024838183999599,0.0,True
101990961244800083,rainfall_mm,2026-07-17 06:00:00+00:00,0.0,7.829726883164133e-05,0.0,True
101990961244800083,rainfall_mm,2026-07-17 07:00:00+00:00,0.0,0.00031073966889006533,0.0,True
101990961244800083,rainfall_mm,2026-07-17 08:00:00+00:00,0.0,0.0007350570335827426,0.0,True
101990961244800083,rainfall_mm,2026-07-17 09:00:00+00:00,0.0,0.0024325104242748003,0.0,True
101990961244800083,rainfall_mm,2026-07-17 10:00:00+00:00,0.0,-0.0004857062190313987,0.0,True
101990961244800083,rainfall_mm,2026-07-17 11:00:00+00:00,0.0,0.01066398644148744,0.0,True
101990961244800083,rainfall_mm,2026-07-17 12:00:00+00:00,0.0,0.027626218817428133,0.0,True
101990961244800083,rainfall_mm,2026-07-17 13:00:00+00:00,0.0,0.10606568810789255,0.0,True
101990961244800083,rainfall_mm,2026-07-17 14:00:00+00:00,0.0,0.0767164378016934,0.0,True
101990961244800083,rainfall_mm,2026-07-17 15:00:00+00:00,0.0,0.05296726078291582,0.0,True
101990961244800083,rainfall_mm,2026-07-17 16:00:00+00:00,0.0,0.03254253645192298,0.0,True
101990961244800083,rainfall_mm,2026-07-17 17:00:00+00:00,0.0,0.010880976490962736,0.0,True
101990961244800083,rainfall_mm,2026-07-17 18:00:00+00:00,0.0,0.007788012647343675,0.0,True
101990961244800083,rainfall_mm,2026-07-17 19:00:00+00:00,0.0,0.012017411797151236,0.0,True
101990961244800083,rainfall_mm,2026-07-17 20:00:00+00:00,0.0,0.07586243280110426,0.0,True
101990961244800083,rainfall_mm,2026-07-17 21:00:00+00:00,,0.003957402331094773,0.0,False
101990961244800083,rainfall_mm,2026-07-17 22:00:00+00:00,,0.013633603030916106,,False
101990961244800083,rainfall_mm,2026-07-17 23:00:00+00:00,,0.0889531916948045,,False
101990961244800083,rainfall_mm,2026-07-18 00:00:00+00:00,,0.0892695285482161,,False
101990961244800083,rainfall_mm,2026-07-18 01:00:00+00:00,,0.03502238043914988,,False
101990961244800083,rainfall_mm,2026-07-18 02:00:00+00:00,,0.018966720392352875,,False
101990961244800083,rainfall_mm,2026-07-18 03:00:00+00:00,,0.02553600278944785,,False
101990961244800083,rainfall_mm,2026-07-18 04:00:00+00:00,,0.11819964408737872,,False
101990961244800083,rainfall_mm,2026-07-18 05:00:00+00:00,,0.0033152541768044063,,False
101990961244800083,rainfall_mm,2026-07-18 06:00:00+00:00,0.0,0.0005846364866780164,,False
101990961244800083,rainfall_mm,2026-07-18 07:00:00+00:00,0.0,0.0003059854853175965,0.0,True
101990961244800083,rainfall_mm,2026-07-18 08:00:00+00:00,0.0,0.0007238285881854615,0.0,True
101990961244800083,rainfall_mm,2026-07-18 09:00:00+00:00,0.0,0.0023953797279854436,0.0,True
101990961244800083,rainfall_mm,2026-07-18 10:00:00+00:00,0.0,-0.0004777231290541406,0.0,True
101990961244800083,rainfall_mm,2026-07-18 11:00:00+00:00,0.0,0.010503700597735059,0.0,True
101990961244800083,rainfall_mm,2026-07-18 12:00:00+00:00,0.0,0.027213301989962316,0.0,True
101990961244800083,rainfall_mm,2026-07-18 13:00:00+00:00,0.0,0.1044652491951365,0.0,True
101990961244800083,rainfall_mm,2026-07-18 14:00:00+00:00,0.0,0.07556230415064524,0.0,True
101990961244800083,rainfall_mm,2026-07-18 15:00:00+00:00,0.0,0.05218430231140456,0.0,True
101990961244800083,rainfall_mm,2026-07-18 16:00:00+00:00,0.0,0.032059690978901476,0.0,True
101990961244800083,rainfall_mm,2026-07-18 17:00:00+00:00,0.0,0.010718689141729881,0.0,True
101990961244800083,rainfall_mm,2026-07-18 18:00:00+00:00,0.0,0.0076668791634490275,0.0,True
101990961244800083,rainfall_mm,2026-07-18 19:00:00+00:00,0.0,0.011829526788397743,0.0,True
101990961244800083,rainfall_mm,2026-07-18 20:00:00+00:00,0.0,0.07462686150574861,0.0,True
101990961244800083,rainfall_mm,2026-07-18 21:00:00+00:00,,0.003957317625996116,0.0,False
101990961244800083,rainfall_mm,2026-07-18 22:00:00+00:00,,0.013633590005851062,,False
101990961244800083,rainfall_mm,2026-07-18 23:00:00+00:00,,0.08895318946131804,,False
101990961244800083,rainfall_mm,2026-07-19 00:00:00+00:00,,0.08926952664227958,,False
101990961244800083,rainfall_mm,2026-07-19 01:00:00+00:00,,0.0350223699316848,,False
101990961244800083,rainfall_mm,2026-07-19 02:00:00+00:00,,0.01896665205716853,,False
101990961244800083,rainfall_mm,2026-07-19 03:00:00+00:00,,0.025535556484552354,,False
101990961244800083,rainfall_mm,2026-07-19 04:00:00+00:00,0.0,0.11819672892892397,,False
101990961244800083,rainfall_mm,2026-07-19 05:00:00+00:00,0.0,-0.014715135777371949,0.0,True
101990961244800083,rainfall_mm,2026-07-19 06:00:00+00:00,0.0,6.853951876545712e-05,0.0,True
101990961244800083,rainfall_mm,2026-07-19 07:00:00+00:00,0.0,0.0003013148398264986,0.0,True
101990961244800083,rainfall_mm,2026-07-19 08:00:00+00:00,0.0,0.000712815474792883,0.0,True
101990961244800083,rainfall_mm,2026-07-19 09:00:00+00:00,0.0,0.0023589600305684447,0.0,True
101990961244800083,rainfall_mm,2026-07-19 10:00:00+00:00,0.0,-0.00046991601562728605,0.0,True
101990961244800083,rainfall_mm,2026-07-19 11:00:00+00:00,0.0,0.0103463827038659,0.0,True
101990961244800083,rainfall_mm,2026-07-19 12:00:00+00:00,0.0,0.02680793617117596,0.0,True
101990961244800083,rainfall_mm,2026-07-19 13:00:00+00:00,0.0,0.10289469838371863,0.0,True
101990961244800083,rainfall_mm,2026-07-19 14:00:00+00:00,0.0,0.07442958436964238,0.0,True
101990961244800083,rainfall_mm,2026-07-19 15:00:00+00:00,0.0,0.05141530867242338,0.0,True
101990961244800083,rainfall_mm,2026-07-19 16:00:00+00:00,0.0,0.03158553193310743,0.0,True
101990961244800083,rainfall_mm,2026-07-19 17:00:00+00:00,0.0,0.010559355697618926,0.0,True
101990961244800083,rainfall_mm,2026-07-19 18:00:00+00:00,0.0,0.007548158831537767,0.0,True
101990961244800083,rainfall_mm,2026-07-19 19:00:00+00:00,0.0,0.011645424908995576,0.0,True
101990961244800083,rainfall_mm,2026-07-19 20:00:00+00:00,0.0,0.07341828328823415,0.0,True
101990961244800083,rainfall_mm,2026-07-19 21:00:00+00:00,0.0,0.003957319434818271,0.0,True
101990961244800083,rainfall_mm,2026-07-19 22:00:00+00:00,,0.0130277062320317,0.0,False
101990961244800083,rainfall_mm,2026-07-19 23:00:00+00:00,,0.0888602387727502,,False
101990961244800083,rainfall_mm,2026-07-20 00:00:00+00:00,,0.08925404253568156,,False
101990961244800083,rainfall_mm,2026-07-20 01:00:00+00:00,,0.035011782662227056,,False
101990961244800083,rainfall_mm,2026-07-20 02:00:00+00:00,,0.01891136168453089,,False
101990961244800083,rainfall_mm,2026-07-20 03:00:00+00:00,,0.025176535369634004,,False
101990961244800083,rainfall_mm,2026-07-20 04:00:00+00:00,,0.11584482633062632,,False
101990961244800083,rainfall_mm,2026-07-20 05:00:00+00:00,0.0,0.003260136909739238,,False
101990961244800083,rainfall_mm,2026-07-20 06:00:00+00:00,0.0,6.786082118615048e-05,0.0,True
101990961244800083,rainfall_mm,2026-07-20 07:00:00+00:00,0.0,0.0002967336257115358,0.0,True
101990961244800083,rainfall_mm,2026-07-20 08:00:00+00:00,0.0,0.0007020117801512091,0.0,True
101990961244800083,rainfall_mm,2026-07-20 09:00:00+00:00,0.0,0.002323231820493971,0.0,True
101990961244800083,rainfall_mm,2026-07-20 10:00:00+00:00,0.0,-0.00046227915789699014,0.0,True
101990961244800083,rainfall_mm,2026-07-20 11:00:00+00:00,0.0,0.010191955071432099,0.0,True
101990961244800083,rainfall_mm,2026-07-20 12:00:00+00:00,0.0,0.02640992731141006,0.0,True
101990961244800083,rainfall_mm,2026-07-20 13:00:00+00:00,0.0,0.10135324371750157,0.0,True
101990961244800083,rainfall_mm,2026-07-20 14:00:00+00:00,0.0,0.07331771624517247,0.0,True
101990961244800083,rainfall_mm,2026-07-20 15:00:00+00:00,0.0,0.05065993424281681,0.0,True
101990961244800083,rainfall_mm,2026-07-20 16:00:00+00:00,0.0,0.031119841430253332,0.0,True
101990961244800083,rainfall_mm,2026-07-20 17:00:00+00:00,0.0,0.01040290075628059,0.0,True
101990961244800083,rainfall_mm,2026-07-20 18:00:00+00:00,0.0,0.007431781760815482,0.0,True
101990961244800083,rainfall_mm,2026-07-20 19:00:00+00:00,0.0,0.011464995074152594,0.0,True
101990961244800083,rainfall_mm,2026-07-20 20:00:00+00:00,0.0,0.07223581974148718,0.0,True
101990961244800083,rainfall_mm,2026-07-20 21:00:00+00:00,0.0,0.003881687039039357,0.0,True
101990961244800083,rainfall_mm,2026-07-20 22:00:00+00:00,,0.013027707194959008,0.0,False
101990961244800083,rainfall_mm,2026-07-20 23:00:00+00:00,,0.08886023804047469,,False
101990961244800083,rainfall_mm,2026-07-21 00:00:00+00:00,,0.089254036689676,,False
101990961244800083,rainfall_mm,2026-07-21 01:00:00+00:00,,0.03501174430841876,,False
101990961244800083,rainfall_mm,2026-07-21 02:00:00+00:00,,0.018911111140028414,,False
101990961244800083,rainfall_mm,2026-07-21 03:00:00+00:00,,0.02517489886404144,,False
101990961244800083,rainfall_mm,2026-07-21 04:00:00+00:00,,0.11583413705428217,,False
101990961244800083,rainfall_mm,2026-07-21 05:00:00+00:00,0.0,0.0032075438820670823,,False
101990961244800083,rainfall_mm,2026-07-21 06:00:00+00:00,0.0,6.718972775499186e-05,0.0,True
101990961244800083,rainfall_mm,2026-07-21 07:00:00+00:00,0.0,0.00029223939456690223,0.0,True
101990961244800083,rainfall_mm,2026-07-21 08:00:00+00:00,0.0,0.0006914118111871179,0.0,True
101990961244800083,rainfall_mm,2026-07-21 09:00:00+00:00,0.0,0.002288176337671238,0.0,True
101990961244800083,rainfall_mm,2026-07-21 10:00:00+00:00,0.0,-0.0004548071159896987,0.0,True
101990961244800083,rainfall_mm,2026-07-21 11:00:00+00:00,0.0,0.010040342903544382,0.0,True
101990961244800083,rainfall_mm,2026-07-21 12:00:00+00:00,0.0,0.026019088455014994,0.0,True
101990961244800083,rainfall_mm,2026-07-21 13:00:00+00:00,0.0,0.09984012305636797,0.0,True
101990961244800083,rainfall_mm,2026-07-21 14:00:00+00:00,0.0,0.07222615855144938,0.0,True
101990961244800083,rainfall_mm,2026-07-21 15:00:00+00:00,0.0,0.04991784557620196,0.0,True
101990961244800083,rainfall_mm,2026-07-21 16:00:00+00:00,0.0,0.030662409368927054,0.0,True
101990961244800083,rainfall_mm,2026-07-21 17:00:00+00:00,0.0,0.010249251655083039,0.0,True
101990961244800083,rainfall_mm,2026-07-21 18:00:00+00:00,0.0,0.007317680918608291,0.0,True
101990961244800083,rainfall_mm,2026-07-21 19:00:00+00:00,0.0,0.011288130723420848,0.0,True
101990961244800083,rainfall_mm,2026-07-21 20:00:00+00:00,0.0,0.07107863183340479,0.0,True
101990961244800083,rainfall_mm,2026-07-21 21:00:00+00:00,0.0,0.0038081521264913495,0.0,True
101990961244800083,rainfall_mm,2026-07-21 22:00:00+00:00,,0.013027708152141885,0.0,False
101990961244800083,rainfall_mm,2026-07-21 23:00:00+00:00,,0.08886023753826541,,False
101990961244800083,rainfall_mm,2026-07-22 00:00:00+00:00,,0.08925403238688069,,False
101990961244800083,rainfall_mm,2026-07-22 01:00:00+00:00,,0.03501171604091618,,False
101990961244800083,rainfall_mm,2026-07-22 02:00:00+00:00,,0.01891092647803682,,False
101990961244800083,rainfall_mm,2026-07-22 03:00:00+00:00,,0.025173692688681335,,False
101990961244800083,rainfall_mm,2026-07-22 04:00:00+00:00,0.0,0.11582625859985574,,False
101990961244800083,rainfall_mm,2026-07-22 05:00:00+00:00,0.0,-0.014504705369876345,0.0,True
101990961244800083,rainfall_mm,2026-07-22 06:00:00+00:00,0.0,6.651209795489061e-05,0.0,True
101990961244800083,rainfall_mm,2026-07-22 07:00:00+00:00,0.0,0.00028782979233840504,0.0,True
101990961244800083,rainfall_mm,2026-07-22 08:00:00+00:00,0.0,0.0006810100944033431,0.0,True
101990961244800083,rainfall_mm,2026-07-22 09:00:00+00:00,0.0,0.002253775544312722,0.0,True
101990961244800083,rainfall_mm,2026-07-22 10:00:00+00:00,0.0,-0.00044749468791629413,0.0,True
101990961244800083,rainfall_mm,2026-07-22 11:00:00+00:00,0.0,0.009891474157010728,0.0,True
101990961244800083,rainfall_mm,2026-07-22 12:00:00+00:00,0.0,0.025635239407671866,0.0,True
101990961244800083,rainfall_mm,2026-07-22 13:00:00+00:00,0.0,0.09835460264200524,0.0,True
101990961244800083,rainfall_mm,2026-07-22 14:00:00+00:00,0.0,0.0711543900478824,0.0,True
101990961244800083,rainfall_mm,2026-07-22 15:00:00+00:00,0.0,0.04918872084981505,0.0,True
101990961244800083,rainfall_mm,2026-07-22 16:00:00+00:00,0.0,0.030213033072584116,0.0,True
101990961244800083,rainfall_mm,2026-07-22 17:00:00+00:00,0.0,0.010098338343178317,0.0,True
101990961244800083,rainfall_mm,2026-07-22 18:00:00+00:00,0.0,0.0072057919820706804,0.0,True
101990961244800083,rainfall_mm,2026-07-22 19:00:00+00:00,0.0,0.01111472969966293,0.0,True
101990961244800083,rainfall_mm,2026-07-22 20:00:00+00:00,0.0,0.06994591849470772,0.0,True
101990961244800083,rainfall_mm,2026-07-22 21:00:00+00:00,,0.0037367119690183484,0.0,False
101990961244800083,rainfall_mm,2026-07-22 22:00:00+00:00,,0.013599761236536776,,False
101990961244800083,rainfall_mm,2026-07-22 23:00:00+00:00,,0.08894762891260248,,False
101990961244800083,rainfall_mm,2026-07-23 00:00:00+00:00,,0.08926617621794075,,False
101990961244800083,rainfall_mm,2026-07-23 01:00:00+00:00,,0.03500547722958936,,False
101990961244800083,rainfall_mm,2026-07-23 02:00:00+00:00,,0.01885707707429646,,False
101990961244800083,rainfall_mm,2026-07-23 03:00:00+00:00,,0.02481995577698788,,False
101990961244800083,rainfall_mm,2026-07-23 04:00:00+00:00,0.0,0.11350852354420217,,False
101990961244800083,rainfall_mm,2026-07-23 05:00:00+00:00,0.0,-0.014204139926472605,0.0,True
101990961244800083,rainfall_mm,2026-07-23 06:00:00+00:00,0.0,6.583256945520215e-05,0.0,True
101990961244800083,rainfall_mm,2026-07-23 07:00:00+00:00,0.0,0.0002835025432817871,0.0,True
101990961244800083,rainfall_mm,2026-07-23 08:00:00+00:00,0.0,0.0006708013650801162,0.0,True
101990961244800083,rainfall_mm,2026-07-23 09:00:00+00:00,0.0,0.0022200120894924256,0.0,True
101990961244800083,rainfall_mm,2026-07-23 10:00:00+00:00,0.0,-0.00044033689680137865,0.0,True
101990961244800083,rainfall_mm,2026-07-23 11:00:00+00:00,0.0,0.009745279412371891,0.0,True
101990961244800083,rainfall_mm,2026-07-23 12:00:00+00:00,0.0,0.02525820642220148,0.0,True
101990961244800083,rainfall_mm,2026-07-23 13:00:00+00:00,0.0,0.09689597574538455,0.0,True
101990961244800083,rainfall_mm,2026-07-23 14:00:00+00:00,0.0,0.07010190853328112,0.0,True
101990961244800083,rainfall_mm,2026-07-23 15:00:00+00:00,0.0,0.04847224934116532,0.0,True
101990961244800083,rainfall_mm,2026-07-23 16:00:00+00:00,0.0,0.02977151695108352,0.0,True
101990961244800083,rainfall_mm,2026-07-23 17:00:00+00:00,0.0,0.009950093260700973,0.0,True
101990961244800083,rainfall_mm,2026-07-23 18:00:00+00:00,0.0,0.007096053199494483,0.0,True
101990961244800083,rainfall_mm,2026-07-23 19:00:00+00:00,0.0,0.010944693946627008,0.0,True
101990961244800083,rainfall_mm,2026-07-23 20:00:00+00:00,0.0,0.0688369139098697,0.0,True
101990961244800083,rainfall_mm,2026-07-23 21:00:00+00:00,,0.003736627627803861,0.0,False
101990961244800083,rainfall_mm,2026-07-23 22:00:00+00:00,,0.013599720555910058,,False
101990961244800083,rainfall_mm,2026-07-23 23:00:00+00:00,,0.08894743972233571,,False
101990961244800083,rainfall_mm,2026-07-24 00:00:00+00:00,,0.08926494858492431,,False
101990961244800083,rainfall_mm,2026-07-24 01:00:00+00:00,,0.034997433461728844,,False
101990961244800083,rainfall_mm,2026-07-24 02:00:00+00:00,,0.018804533215979764,,False
101990961244800083,rainfall_mm,2026-07-24 03:00:00+00:00,,0.024476751195524248,,False
101990961244800083,rainfall_mm,2026-07-24 04:00:00+00:00,0.0,0.11126016222960432,,False
101990961244800083,rainfall_mm,2026-07-24 05:00:00+00:00,0.0,-0.013912907710022822,0.0,True
101990961244800083,rainfall_mm,2026-07-24 06:00:00+00:00,0.0,6.515180237111549e-05,0.0,True
101990961244800083,rainfall_mm,2026-07-24 07:00:00+00:00,0.0,0.0002792554646809992,0.0,True
101990961244800083,rainfall_mm,2026-07-24 08:00:00+00:00,0.0,0.0006607805571402859,0.0,True
101990961244800083,rainfall_mm,2026-07-24 09:00:00+00:00,0.0,0.002186869275790717,0.0,True
101990961244800083,rainfall_mm,2026-07-24 10:00:00+00:00,0.0,-0.0004333289788139597,0.0,True
101990961244800083,rainfall_mm,2026-07-24 11:00:00+00:00,0.0,0.009601691751206043,0.0,True
101990961244800083,rainfall_mm,2026-07-24 12:00:00+00:00,0.0,0.024887821901681987,0.0,True
101990961244800083,rainfall_mm,2026-07-24 13:00:00+00:00,0.0,0.09546356139058992,0.0,True
101990961244800083,rainfall_mm,2026-07-24 14:00:00+00:00,0.0,0.06906822995310856,0.0,True
101990961244800083,rainfall_mm,2026-07-24 15:00:00+00:00,0.0,0.04776813093265522,0.0,True
101990961244800083,rainfall_mm,2026-07-24 16:00:00+00:00,0.0,0.029337672180533448,0.0,True
101990961244800083,rainfall_mm,2026-07-24 17:00:00+00:00,0.0,0.00980445122463523,0.0,True
101990961244800083,rainfall_mm,2026-07-24 18:00:00+00:00,0.0,0.006988405260137363,0.0,True
101990961244800083,rainfall_mm,2026-07-24 19:00:00+00:00,0.0,0.010777929401635999,0.0,True
101990961244800083,rainfall_mm,2026-07-24 20:00:00+00:00,0.0,0.06775088635374488,0.0,True
101990961244800083,rainfall_mm,2026-07-24 21:00:00+00:00,0.0,0.003736628703102579,0.0,True
101990961244800083,rainfall_mm,2026-07-24 22:00:00+00:00,,0.013027625874057555,0.0,False
101990961244800083,rainfall_mm,2026-07-24 23:00:00+00:00,,0.08885967599849798,,False
101990961244800083,rainfall_mm,2026-07-25 00:00:00+00:00,,0.0892503500528376,,False
101990961244800083,rainfall_mm,2026-07-25 01:00:00+00:00,,0.034987582430280495,,False
101990961244800083,rainfall_mm,2026-07-25 02:00:00+00:00,,0.018753278915934857,,False
101990961244800083,rainfall_mm,2026-07-25 03:00:00+00:00,,0.024143974381046613,,False
101990961244800083,rainfall_mm,2026-07-25 04:00:00+00:00,0.0,0.10908047834179917,,False
101990961244800083,rainfall_mm,2026-07-25 05:00:00+00:00,0.0,-0.013630935757612078,0.0,True
101990961244800083,rainfall_mm,2026-07-25 06:00:00+00:00,0.0,6.44704061914614e-05,0.0,True
101990961244800083,rainfall_mm,2026-07-25 07:00:00+00:00,0.0,0.00027508645604776554,0.0,True
101990961244800083,rainfall_mm,2026-07-25 08:00:00+00:00,0.0,0.0006509427935681184,0.0,True
101990961244800083,rainfall_mm,2026-07-25 09:00:00+00:00,0.0,0.00215433102783422,0.0,True
101990961244800083,rainfall_mm,2026-07-25 10:00:00+00:00,0.0,-0.0004264663719328246,0.0,True
101990961244800083,rainfall_mm,2026-07-25 11:00:00+00:00,0.0,0.009460646640236393,0.0,True
101990961244800083,rainfall_mm,2026-07-25 12:00:00+00:00,0.0,0.024523924118781043,0.0,True
101990961244800083,rainfall_mm,2026-07-25 13:00:00+00:00,0.0,0.09405670315004822,0.0,True
101990961244800083,rainfall_mm,2026-07-25 14:00:00+00:00,0.5079999999999245,0.06805288755636553,0.0,True
101990961244800083,rainfall_mm,2026-07-25 15:00:00+00:00,0.0,0.12482936472282974,0.5079999999999245,True
101990961244800083,rainfall_mm,2026-07-25 16:00:00+00:00,0.0,0.028912058106131514,0.0,True
101990961244800083,rainfall_mm,2026-07-25 17:00:00+00:00,0.0,0.009661348272407938,0.0,True
101990961244800083,rainfall_mm,2026-07-25 18:00:00+00:00,0.0,0.006882791171806033,0.0,True
101990961244800083,rainfall_mm,2026-07-25 19:00:00+00:00,0.0,0.010614345723601941,0.0,True
101990961244800083,rainfall_mm,2026-07-25 20:00:00+00:00,0.0,0.06668713579041183,0.0,True
101990961244800083,rainfall_mm,2026-07-25 21:00:00+00:00,0.0,0.0036660237180261073,0.0,True
101990961244800083,rainfall_mm,2026-07-25 22:00:00+00:00,,0.013027600749752073,0.0,False
101990961244800083,rainfall_mm,2026-07-25 23:00:00+00:00,,0.08885950007521823,,False
101990961244800083,rainfall_mm,2026-07-26 00:00:00+00:00,,0.08924919584432155,,False
101990961244800083,rainfall_mm,2026-07-26 01:00:00+00:00,,0.03498001823832153,,False
101990961244800083,rainfall_mm,2026-07-26 02:00:00+00:00,,0.01870386753073628,,False
101990961244800083,rainfall_mm,2026-07-26 03:00:00+00:00,,0.02382123035337141,,False
101990961244800083,rainfall_mm,2026-07-26 04:00:00+00:00,,0.10696626536909339,,False
101990961244800083,rainfall_mm,2026-07-26 05:00:00+00:00,0.0,0.0029608852498295367,,False
101990961244800083,rainfall_mm,2026-07-26 06:00:00+00:00,0.0,6.379185252430718e-05,0.0,True
101990961244800083,rainfall_mm,2026-07-26 07:00:00+00:00,0.0,0.00027099343909400695,0.0,True
101990961244800083,rainfall_mm,2026-07-26 08:00:00+00:00,0.0,0.0006412830417253422,0.0,True
101990961244800083,rainfall_mm,2026-07-26 09:00:00+00:00,0.0,0.002122379669757993,0.0,True
101990961244800083,rainfall_mm,2026-07-26 10:00:00+00:00,0.0,-0.000419759031147014,0.0,True
101990961244800083,rainfall_mm,2026-07-26 11:00:00+00:00,0.0,0.009321989178532917,0.0,True
101990961244800083,rainfall_mm,2026-07-26 12:00:00+00:00,0.0,0.024165749626657622,0.0,True
101990961244800083,rainfall_mm,2026-07-26 13:00:00+00:00,0.0,0.09266518581240264,0.0,True
101990961244800083,rainfall_mm,2026-07-26 14:00:00+00:00,0.0,0.07451990748169657,0.0,True
101990961244800083,rainfall_mm,2026-07-26 15:00:00+00:00,0.0,0.04524879516621934,0.0,True
101990961244800083,rainfall_mm,2026-07-26 16:00:00+00:00,0.0,0.028492993746699613,0.0,True
101990961244800083,rainfall_mm,2026-07-26 17:00:00+00:00,0.0,0.009520725790180125,0.0,True
101990961244800083,rainfall_mm,2026-07-26 18:00:00+00:00,0.0,0.006779156145715147,0.0,True
101990961244800083,rainfall_mm,2026-07-26 19:00:00+00:00,0.0,0.01045385604205217,0.0,True
101990961244800083,rainfall_mm,2026-07-26 20:00:00+00:00,0.0,0.06564499166409403,0.0,True
101990961244800083,rainfall_mm,2026-07-26 21:00:00+00:00,0.0,0.0035973384078312053,0.0,True
101990961244800083,rainfall_mm,2026-07-26 22:00:00+00:00,,0.013027601573370195,0.0,False
101990961244800083,rainfall_mm,2026-07-26 23:00:00+00:00,,0.0888594994170834,,False
101990961244800083,rainfall_mm,2026-07-27 00:00:00+00:00,,0.08924919063184195,,False
101990961244800083,rainfall_mm,2026-07-27 01:00:00+00:00,,0.03497998404650847,,False
101990961244800083,rainfall_mm,2026-07-27 02:00:00+00:00,,0.01870364417513486,,False
101990961244800083,rainfall_mm,2026-07-27 03:00:00+00:00,,0.023819771440266986,,False
101990961244800083,rainfall_mm,2026-07-27 04:00:00+00:00,,0.10695673608447723,,False
101990961244800083,rainfall_mm,2026-07-27 05:00:00+00:00,,0.002914550552377101,,False
101990961244800083,rainfall_mm,2026-07-27 06:00:00+00:00,0.0,0.0005090457755220891,,False
101990961244800083,rainfall_mm,2026-07-27 07:00:00+00:00,0.0,0.0002669799820848404,0.0,True
101990961244800083,rainfall_mm,2026-07-27 08:00:00+00:00,0.0,0.0006317974636166978,0.0,True
101990961244800083,rainfall_mm,2026-07-27 09:00:00+00:00,0.0,0.002091004737147675,0.0,True
101990961244800083,rainfall_mm,2026-07-27 10:00:00+00:00,,-0.0004131736840054269,0.0,False
101990961244800083,rainfall_mm,2026-07-27 11:00:00+00:00,0.0,0.009122606099525444,,False
101990961244800083,rainfall_mm,2026-07-27 12:00:00+00:00,0.7620000000000573,0.023814377164480604,0.0,True
101990961244800083,rainfall_mm,2026-07-27 13:00:00+00:00,0.0,0.20796274516904956,0.7620000000000573,True
101990961244800083,rainfall_mm,2026-07-27 14:00:00+00:00,,0.07344325717139952,0.0,False
101990961244800083,rainfall_mm,2026-07-27 15:00:00+00:00,0.0,0.05583654205330593,,False
101990961244800083,rainfall_mm,2026-07-27 16:00:00+00:00,0.0,0.02808116207135797,0.0,True
101990961244800083,rainfall_mm,2026-07-27 17:00:00+00:00,0.0,0.009382523889223346,0.0,True
101990961244800083,rainfall_mm,2026-07-27 18:00:00+00:00,0.0,0.006677447488087638,0.0,True
101990961244800083,rainfall_mm,2026-07-27 19:00:00+00:00,,0.01029637688427766,0.0,False
101990961244800083,rainfall_mm,2026-07-27 20:00:00+00:00,,0.06620016197267799,,False
101990961244800083,rainfall_mm,2026-07-27 21:00:00+00:00,,0.01366565786936905,,False
101990961244800083,rainfall_mm,2026-07-27 22:00:00+00:00,,0.015119781248809869,,False
101990961244800083,rainfall_mm,2026-07-27 23:00:00+00:00,,0.08917980712783347,,False
101990961244800083,rainfall_mm,2026-07-28 00:00:00+00:00,,0.08929822887864658,,False
101990961244800083,rainfall_mm,2026-07-28 01:00:00+00:00,,0.03498749102585231,,False
101990961244800083,rainfall_mm,2026-07-28 02:00:00+00:00,,0.018704789168300495,,False
101990961244800083,rainfall_mm,2026-07-28 03:00:00+00:00,,0.02381991860037973,,False
101990961244800083,rainfall_mm,2026-07-28 04:00:00+00:00,,0.10695657483868223,,False
101990961244800083,rainfall_mm,2026-07-28 05:00:00+00:00,,0.0029133251215943973,,False
101990961244800083,rainfall_mm,2026-07-28 06:00:00+00:00,,0.0005013613969745986,,False
101990961244800083,rainfall_mm,2026-07-28 07:00:00+00:00,,0.00033977768592496004,,False
101990961244800083,rainfall_mm,2026-07-28 08:00:00+00:00,,0.0006745037024212095,,False
101990961244800083,rainfall_mm,2026-07-28 09:00:00+00:00,,0.0021634804120471596,,False
101990961244800083,rainfall_mm,2026-07-28 10:00:00+00:00,,-0.00010163066696738617,,False
101990961244800083,rainfall_mm,2026-07-28 11:00:00+00:00,,0.009033764452000274,,False
101990961244800083,rainfall_mm,2026-07-28 12:00:00+00:00,,0.035911535250886306,,False
101990961244800083,rainfall_mm,2026-07-28 13:00:00+00:00,,0.09376208884467219,,False
101990961244800083,rainfall_mm,2026-07-28 14:00:00+00:00,,0.08767639910182616,,False
101990961244800083,rainfall_mm,2026-07-28 15:00:00+00:00,,0.05722844887263291,,False
101990961244800083,rainfall_mm,2026-07-28 16:00:00+00:00,,0.03643739192262795,,False
101990961244800083,rainfall_mm,2026-07-28 17:00:00+00:00,,0.014824935911479539,,False
101990961244800083,rainfall_mm,2026-07-28 18:00:00+00:00,,0.008847276305951167,,False
101990961244800083,rainfall_mm,2026-07-28 19:00:00+00:00,,0.01165063832744211,,False
101990961244800083,rainfall_mm,2026-07-28 20:00:00+00:00,,0.06640601814568402,,False
101990961244800083,rainfall_mm,2026-07-28 21:00:00+00:00,,0.013697093210593116,,False
101990961244800083,rainfall_mm,2026-07-28 22:00:00+00:00,,0.015124593924691001,,False
101990961244800083,rainfall_mm,2026-07-28 23:00:00+00:00,,0.0891805439370284,,False
101990961244800083,rainfall_mm,2026-07-29 00:00:00+00:00,,0.08929834168223569,,False
101990961244800083,rainfall_mm,2026-07-29 01:00:00+00:00,,0.03498750829487212,,False
101990961244800083,rainfall_mm,2026-07-29 02:00:00+00:00,,0.01870479180599951,,False
101990961244800083,rainfall_mm,2026-07-29 03:00:00+00:00,,0.023819918964055654,,False
101990961244800083,rainfall_mm,2026-07-29 04:00:00+00:00,,0.10695657463211233,,False
101990961244800083,rainfall_mm,2026-07-29 05:00:00+00:00,,0.002913323377032284,,False
101990961244800083,rainfall_mm,2026-07-29 06:00:00+00:00,,0.0005013499316665495,,False
101990961244800083,rainfall_mm,2026-07-29 07:00:00+00:00,,0.000339769915000209,,False
101990961244800083,rainfall_mm,2026-07-29 08:00:00+00:00,,0.0006744882756950306,,False
101990961244800083,rainfall_mm,2026-07-29 09:00:00+00:00,,0.002163430930494085,,False
101990961244800083,rainfall_mm,2026-07-29 10:00:00+00:00,0.2540000000000191,-0.00010166897753855285,,False
101990961244800083,rainfall_mm,2026-07-29 11:00:00+00:00,0.0,0.047919097716962504,0.2540000000000191,True
101990961244800083,rainfall_mm,2026-07-29 12:00:00+00:00,0.0,0.03454556973876158,0.0,True
101990961244800083,rainfall_mm,2026-07-29 13:00:00+00:00,0.0,0.08825972502886634,0.0,True
101990961244800083,rainfall_mm,2026-07-29 14:00:00+00:00,0.0,0.07332310705658288,0.0,True
101990961244800083,rainfall_mm,2026-07-29 15:00:00+00:00,0.0,0.04380946493173608,0.0,True
101990961244800083,rainfall_mm,2026-07-29 16:00:00+00:00,0.0,0.02767558276677329,0.0,True
101990961244800083,rainfall_mm,2026-07-29 17:00:00+00:00,0.0,0.009246474545829653,0.0,True
101990961244800083,rainfall_mm,2026-07-29 18:00:00+00:00,,0.00657746348226524,0.0,False
101990961244800083,rainfall_mm,2026-07-29 19:00:00+00:00,,0.01130313539592676,,False
101990961244800083,rainfall_mm,2026-07-29 20:00:00+00:00,,0.06635281631787256,,False
101990961244800083,rainfall_mm,2026-07-29 21:00:00+00:00,,0.01368894813936475,,False
101990961244800083,rainfall_mm,2026-07-29 22:00:00+00:00,,0.015123346934284427,,False
101990961244800083,rainfall_mm,2026-07-29 23:00:00+00:00,,0.08918035302970245,,False
101990961244800083,rainfall_mm,2026-07-30 00:00:00+00:00,,0.08929831248048675,,False
101990961244800083,rainfall_mm,2026-07-30 01:00:00+00:00,,0.034987503992073316,,False
101990961244800083,rainfall_mm,2026-07-30 02:00:00+00:00,,0.018704792244063982,,False
101990961244800083,rainfall_mm,2026-07-30 03:00:00+00:00,,0.023819926195261933,,False
101990961244800083,rainfall_mm,2026-07-30 04:00:00+00:00,,0.10695662253377852,,False
101990961244800083,rainfall_mm,2026-07-30 05:00:00+00:00,,0.002913636362616867,,False
101990961244800083,rainfall_mm,2026-07-30 06:00:00+00:00,,0.0005033938646649964,,False
101990961244800083,rainfall_mm,2026-07-30 07:00:00+00:00,,0.00035312027011692184,,False
101990961244800083,rainfall_mm,2026-07-30 08:00:00+00:00,,0.0007616898185866241,,False
101990961244800083,rainfall_mm,2026-07-30 09:00:00+00:00,,0.002735594927615166,,False
101990961244800083,rainfall_mm,2026-07-30 10:00:00+00:00,,0.0037180656697349823,,False
101990961244800083,rainfall_mm,2026-07-30 11:00:00+00:00,,0.008897083156697018,,False
101990961244800083,rainfall_mm,2026-07-30 12:00:00+00:00,,0.035402530599984716,,False
101990961244800083,rainfall_mm,2026-07-30 13:00:00+00:00,,0.09238123801842665,,False
101990961244800083,rainfall_mm,2026-07-30 14:00:00+00:00,,0.08637430995422343,,False
101990961244800083,rainfall_mm,2026-07-30 15:00:00+00:00,,0.05639564819130104,,False
101990961244800083,rainfall_mm,2026-07-30 16:00:00+00:00,,0.03590710700593028,,False
101990961244800083,rainfall_mm,2026-07-30 17:00:00+00:00,,0.01460867033242879,,False
101990961244800083,rainfall_mm,2026-07-30 18:00:00+00:00,,0.008814016126012642,,False
101990961244800083,rainfall_mm,2026-07-30 19:00:00+00:00,,0.011645546279787452,,False
101990961244800083,rainfall_mm,2026-07-30 20:00:00+00:00,,0.06640523860880874,,False
101990961244800083,rainfall_mm,2026-07-30 21:00:00+00:00,,0.013696973867274117,,False
101990961244800083,rainfall_mm,2026-07-30 22:00:00+00:00,,0.015124575654116634,,False
101990961244800083,rainfall_mm,2026-07-30 23:00:00+00:00,,0.08918054114378887,,False
101990961244800083,rainfall_mm,2026-07-31 00:00:00+00:00,,0.08929834128034497,,False
101990961244800083,rainfall_mm,2026-07-31 01:00:00+00:00,,0.03498750840152134,,False
101990961244800083,rainfall_mm,2026-07-31 02:00:00+00:00,,0.018704792920827176,,False
101990961244800083,rainfall_mm,2026-07-31 03:00:00+00:00,,0.023819926309893193,,False
101990961244800083,rainfall_mm,2026-07-31 04:00:00+00:00,,0.10695662262331129,,False
101990961244800083,rainfall_mm,2026-07-31 05:00:00+00:00,,0.002913636846501262,,False
101990961244800083,rainfall_mm,2026-07-31 06:00:00+00:00,,0.0005033970098403013,,False
101990961244800083,rainfall_mm,2026-07-31 07:00:00+00:00,,0.00035314081134530604,,False
101990961244800083,rainfall_mm,2026-07-31 08:00:00+00:00,,0.0007618239890140635,,False
101990961244800083,rainfall_mm,2026-07-31 09:00:00+00:00,,0.002736471299305933,,False
101990961244800083,rainfall_mm,2026-07-31 10:00:00+00:00,,0.0037237899370157115,,False
101990961244800083,rainfall_mm,2026-07-31 11:00:00+00:00,,0.00889687966904964,,False
101990961244800083,rainfall_mm,2026-07-31 12:00:00+00:00,,0.03540172089892458,,False
101990961244800083,rainfall_mm,2026-07-31 13:00:00+00:00,,0.09237912514160421,,False
101990961244800083,rainfall_mm,2026-07-31 14:00:00+00:00,,0.08637233446351264,,False
101990961244800083,rainfall_mm,2026-07-31 15:00:00+00:00,,0.05639435835084743,,False
101990961244800083,rainfall_mm,2026-07-31 16:00:00+00:00,,0.03590628576456373,,False
101990961244800083,rainfall_mm,2026-07-31 17:00:00+00:00,,0.0146083362134928,,False
101990961244800083,rainfall_mm,2026-07-31 18:00:00+00:00,,0.0088139649731991,,False
101990961244800083,rainfall_mm,2026-07-31 19:00:00+00:00,,0.011645538448413508,,False
101990961244800083,rainfall_mm,2026-07-31 20:00:00+00:00,,0.06640523740984404,,False
101990961244800083,rainfall_mm,2026-07-31 21:00:00+00:00,,0.013696973683715476,,False
101990961244800083,rainfall_mm,2026-07-31 22:00:00+00:00,,0.015124575626014243,,False
101990961244800083,rainfall_mm,2026-07-31 23:00:00+00:00,,0.08918054113948647,,False
101990961244800083,rainfall_mm,2026-08-01 00:00:00+00:00,,0.08929834127968628,,False
101990961244800083,rainfall_mm,2026-08-01 01:00:00+00:00,,0.03498750840142049,,False
101990961244800083,rainfall_mm,2026-08-01 02:00:00+00:00,,0.0187047929208117,,False
101990961244800083,rainfall_mm,2026-08-01 03:00:00+00:00,,0.02381992630989057,,False
101990961244800083,rainfall_mm,2026-08-01 04:00:00+00:00,,0.10695662262330924,,False
101990961244800083,rainfall_mm,2026-08-01 05:00:00+00:00,,0.002913636846490195,,False
101990961244800083,rainfall_mm,2026-08-01 06:00:00+00:00,,0.000503397009768367,,False
101990961244800083,rainfall_mm,2026-08-01 07:00:00+00:00,,0.00035314081087550194,,False
101990961244800083,rainfall_mm,2026-08-01 08:00:00+00:00,,0.0007618239859454145,,False
101990961244800083,rainfall_mm,2026-08-01 09:00:00+00:00,0.0,0.002736471279262194,,False
101990961244800083,rainfall_mm,2026-08-01 10:00:00+00:00,,0.003304992400852174,0.0,False
101990961244800083,rainfall_mm,2026-08-01 11:00:00+00:00,0.0,0.008832769582340014,,False
101990961244800083,rainfall_mm,2026-08-01 12:00:00+00:00,,0.03403970442592928,0.0,False
101990961244800083,rainfall_mm,2026-08-01 13:00:00+00:00,0.0,0.09217061266660011,,False
101990961244800083,rainfall_mm,2026-08-01 14:00:00+00:00,0.0,0.0722309185914651,0.0,True
101990961244800083,rainfall_mm,2026-08-01 15:00:00+00:00,0.0,0.043176024870276206,0.0,True
101990961244800083,rainfall_mm,2026-08-01 16:00:00+00:00,0.0,0.02727279120916595,0.0,True
101990961244800083,rainfall_mm,2026-08-01 17:00:00+00:00,0.0,0.009111387521754945,0.0,True
101990961244800083,rainfall_mm,2026-08-01 18:00:00+00:00,0.0,0.006577463485905846,0.0,True
101990961244800083,rainfall_mm,2026-08-01 19:00:00+00:00,0.0,0.010296141408702686,0.0,True
101990961244800083,rainfall_mm,2026-08-01 20:00:00+00:00,,0.06462233415837676,0.0,False
101990961244800083,rainfall_mm,2026-08-01 21:00:00+00:00,,0.013424015522977761,,False
101990961244800083,rainfall_mm,2026-08-01 22:00:00+00:00,,0.015082786381236866,,False
101990961244800083,rainfall_mm,2026-08-01 23:00:00+00:00,,0.08917414330533759,,False
101990961244800083,rainfall_mm,2026-08-02 00:00:00+00:00,,0.08929736178463829,,False
101990961244800083,rainfall_mm,2026-08-02 01:00:00+00:00,,0.03498735843081443,,False
101990961244800083,rainfall_mm,2026-08-02 02:00:00+00:00,,0.018704769880676413,,False
101990961244800083,rainfall_mm,2026-08-02 03:00:00+00:00,,0.02381992226000651,,False
101990961244800083,rainfall_mm,2026-08-02 04:00:00+00:00,,0.10695661859046464,,False
101990961244800083,rainfall_mm,2026-08-02 05:00:00+00:00,0.0,0.0029136139368444005,,False
101990961244800083,rainfall_mm,2026-08-02 06:00:00+00:00,0.0,5.755644081448252e-05,0.0,True
101990961244800083,rainfall_mm,2026-08-02 07:00:00+00:00,0.0,0.00027513005821243797,0.0,True
101990961244800083,rainfall_mm,2026-08-02 08:00:00+00:00,0.0,0.0007015210206366481,0.0,True
101990961244800083,rainfall_mm,2026-08-02 09:00:00+00:00,0.0,0.0025789460559913617,0.0,True
101990961244800083,rainfall_mm,2026-08-02 10:00:00+00:00,0.0,0.0032854524174560176,0.0,True
101990961244800083,rainfall_mm,2026-08-02 11:00:00+00:00,0.0,0.00819793258370742,0.0,True
101990961244800083,rainfall_mm,2026-08-02 12:00:00+00:00,0.0,0.03383450077328938,0.0,True
101990961244800083,rainfall_mm,2026-08-02 13:00:00+00:00,0.0,0.08560910741343764,0.0,True
101990961244800083,rainfall_mm,2026-08-02 14:00:00+00:00,0.0,0.0711356882374039,0.0,True
101990961244800083,rainfall_mm,2026-08-02 15:00:00+00:00,,0.04253964863711186,0.0,False
101990961244800083,rainfall_mm,2026-08-02 16:00:00+00:00,,0.03338068581141229,,False
101990961244800083,rainfall_mm,2026-08-02 17:00:00+00:00,0.0,0.014086058949253258,,False
101990961244800083,rainfall_mm,2026-08-02 18:00:00+00:00,,0.0064751583866213425,0.0,False
101990961244800083,rainfall_mm,2026-08-02 19:00:00+00:00,,0.01112445042452966,,False
101990961244800083,rainfall_mm,2026-08-02 20:00:00+00:00,,0.06632546103554728,,False
101990961244800083,rainfall_mm,2026-08-02 21:00:00+00:00,,0.01368476017851055,,False
101990961244800083,rainfall_mm,2026-08-02 22:00:00+00:00,,0.015122705674374922,,False
101990961244800083,rainfall_mm,2026-08-02 23:00:00+00:00,,0.08918025424842774,,False
101990961244800083,rainfall_mm,2026-08-03 00:00:00+00:00,,0.08929829339296694,,False
101990961244800083,rainfall_mm,2026-08-03 01:00:00+00:00,,0.03498747517063802,,False
101990961244800083,rainfall_mm,2026-08-03 02:00:00+00:00,,0.018704618663822146,,False
101990961244800083,rainfall_mm,2026-08-03 03:00:00+00:00,,0.023818794653978896,,False
101990961244800083,rainfall_mm,2026-08-03 04:00:00+00:00,,0.10694923191378239,,False
101990961244800083,rainfall_mm,2026-08-03 05:00:00+00:00,0.0,0.002865359305021117,,False
101990961244800083,rainfall_mm,2026-08-03 06:00:00+00:00,,5.701409185439274e-05,0.0,False
101990961244800083,rainfall_mm,2026-08-03 07:00:00+00:00,0.0,0.00027959396839929415,,False
101990961244800083,rainfall_mm,2026-08-03 08:00:00+00:00,0.0,0.0006907488428518424,0.0,True
101990961244800083,rainfall_mm,2026-08-03 09:00:00+00:00,0.0,0.0025396665417129153,0.0,True
101990961244800083,rainfall_mm,2026-08-03 10:00:00+00:00,,0.003235483412212323,0.0,False
101990961244800083,rainfall_mm,2026-08-03 11:00:00+00:00,0.0,0.00857085712623717,,False
101990961244800083,rainfall_mm,2026-08-03 12:00:00+00:00,0.0,0.033326697214096423,0.0,True
101990961244800083,rainfall_mm,2026-08-03 13:00:00+00:00,0.0,0.08432764035154974,0.0,True
101990961244800083,rainfall_mm,2026-08-03 14:00:00+00:00,,0.07005684146672184,0.0,False
101990961244800083,rainfall_mm,2026-08-03 15:00:00+00:00,0.0,0.053259680720673205,,False
101990961244800083,rainfall_mm,2026-08-03 16:00:00+00:00,0.0,0.02683675018983816,0.0,True
101990961244800083,rainfall_mm,2026-08-03 17:00:00+00:00,0.0,0.008772325328628571,0.0,True
101990961244800083,rainfall_mm,2026-08-03 18:00:00+00:00,0.0,0.0064750102916231985,0.0,True
101990961244800083,rainfall_mm,2026-08-03 19:00:00+00:00,0.0,0.010132887345701743,0.0,True
101990961244800083,rainfall_mm,2026-08-03 20:00:00+00:00,,0.06462233508731464,0.0,False
101990961244800083,rainfall_mm,2026-08-03 21:00:00+00:00,,0.013424015716955277,,False
101990961244800083,rainfall_mm,2026-08-03 22:00:00+00:00,,0.015082786227160363,,False
101990961244800083,rainfall_mm,2026-08-03 23:00:00+00:00,,0.08917414208330725,,False
101990961244800083,rainfall_mm,2026-08-04 00:00:00+00:00,,0.0892973537564639,,False
101990961244800083,rainfall_mm,2026-08-04 01:00:00+00:00,,0.03498730597569537,,False
101990961244800083,rainfall_mm,2026-08-04 02:00:00+00:00,,0.018704427252812378,,False
101990961244800083,rainfall_mm,2026-08-04 03:00:00+00:00,,0.023817684289697643,,False
101990961244800083,rainfall_mm,2026-08-04 04:00:00+00:00,,0.10694200068974412,,False
101990961244800083,rainfall_mm,2026-08-04 05:00:00+00:00,,0.00281812671546078,,False
101990961244800083,rainfall_mm,2026-08-04 06:00:00+00:00,,0.00048781339877972243,,False
101990961244800083,rainfall_mm,2026-08-04 07:00:00+00:00,,0.00034131570361860275,,False
101990961244800083,rainfall_mm,2026-08-04 08:00:00+00:00,,0.0007324155925497142,,False
101990961244800083,rainfall_mm,2026-08-04 09:00:00+00:00,,0.0026131281843816334,,False
101990961244800083,rainfall_mm,2026-08-04 10:00:00+00:00,,0.003616495221335274,,False
101990961244800083,rainfall_mm,2026-08-04 11:00:00+00:00,,0.008504659281756238,,False
101990961244800083,rainfall_mm,2026-08-04 12:00:00+00:00,,0.034129739719679114,,False
101990961244800083,rainfall_mm,2026-08-04 13:00:00+00:00,,0.08829279486887277,,False
101990961244800083,rainfall_mm,2026-08-04 14:00:00+00:00,,0.0834556002882835,,False
101990961244800083,rainfall_mm,2026-08-04 15:00:00+00:00,,0.05453237150998182,,False
101990961244800083,rainfall_mm,2026-08-04 16:00:00+00:00,,0.03478429700639892,,False
101990961244800083,rainfall_mm,2026-08-04 17:00:00+00:00,,0.01396745325766778,,False
101990961244800083,rainfall_mm,2026-08-04 18:00:00+00:00,,0.008512038753417902,,False
101990961244800083,rainfall_mm,2026-08-04 19:00:00+00:00,,0.011274704065383006,,False
101990961244800083,rainfall_mm,2026-08-04 20:00:00+00:00,,0.0663484654312988,,False
101990961244800083,rainfall_mm,2026-08-04 21:00:00+00:00,,0.013688282162170613,,False
101990961244800083,rainfall_mm,2026-08-04 22:00:00+00:00,,0.015123244790501754,,False
101990961244800083,rainfall_mm,2026-08-04 23:00:00+00:00,,0.08918033619220044,,False
101990961244800083,rainfall_mm,2026-08-05 00:00:00+00:00,,0.08929830205449132,,False
101990961244800083,rainfall_mm,2026-08-05 01:00:00+00:00,,0.03498745112328526,,False
101990961244800083,rainfall_mm,2026-08-05 02:00:00+00:00,,0.01870444924869425,,False
101990961244800083,rainfall_mm,2026-08-05 03:00:00+00:00,,0.023817686181891378,,False
101990961244800083,rainfall_mm,2026-08-05 04:00:00+00:00,,0.10694199134294625,,False
101990961244800083,rainfall_mm,2026-08-05 05:00:00+00:00,,0.0028180623410649667,,False
101990961244800083,rainfall_mm,2026-08-05 06:00:00+00:00,,0.0004878026014546878,,False
101990961244800083,rainfall_mm,2026-08-05 07:00:00+00:00,,0.00034130789916229183,,False
101990961244800083,rainfall_mm,2026-08-05 08:00:00+00:00,,0.0007323988415565187,,False
101990961244800083,rainfall_mm,2026-08-05 09:00:00+00:00,,0.0026130684188486603,,False
101990961244800083,rainfall_mm,2026-08-05 10:00:00+00:00,,0.0036164571845724116,,False
101990961244800083,rainfall_mm,2026-08-05 11:00:00+00:00,,0.008504464769344737,,False
101990961244800083,rainfall_mm,2026-08-05 12:00:00+00:00,0.0,0.03412895912897106,,False
101990961244800083,rainfall_mm,2026-08-05 13:00:00+00:00,,0.08306698337815362,0.0,False
101990961244800083,rainfall_mm,2026-08-05 14:00:00+00:00,,0.08265539638213472,,False
101990961244800083,rainfall_mm,2026-08-05 15:00:00+00:00,0.0,0.05440869588697243,,False
101990961244800083,rainfall_mm,2026-08-05 16:00:00+00:00,0.0,0.026435363480572436,0.0,True
101990961244800083,rainfall_mm,2026-08-05 17:00:00+00:00,,0.00864316345106108,0.0,False
101990961244800083,rainfall_mm,2026-08-05 18:00:00+00:00,,0.0076967568891745134,,False
101990961244800083,rainfall_mm,2026-08-05 19:00:00+00:00,,0.011149658292099334,,False
101990961244800083,rainfall_mm,2026-08-05 20:00:00+00:00,,0.0663293212238564,,False
101990961244800083,rainfall_mm,2026-08-05 21:00:00+00:00,,0.013685351229593714,,False
101990961244800083,rainfall_mm,2026-08-05 22:00:00+00:00,,0.015122796071701743,,False
101990961244800083,rainfall_mm,2026-08-05 23:00:00+00:00,,0.08918026749440808,,False
101990961244800083,rainfall_mm,2026-08-06 00:00:00+00:00,,0.08929829153694059,,False
101990961244800083,rainfall_mm,2026-08-06 01:00:00+00:00,,0.034987449512535664,,False
101990961244800083,rainfall_mm,2026-08-06 02:00:00+00:00,,0.01870444899858068,,False
101990961244800083,rainfall_mm,2026-08-06 03:00:00+00:00,,0.02381768612066232,,False
101990961244800083,rainfall_mm,2026-08-06 04:00:00+00:00,,0.10694199118375106,,False
101990961244800083,rainfall_mm,2026-08-06 05:00:00+00:00,,0.0028180613380935976,,False
101990961244800083,rainfall_mm,2026-08-06 06:00:00+00:00,,0.00048779604651856074,,False
101990961244800083,rainfall_mm,2026-08-06 07:00:00+00:00,,0.0003412650834915044,,False
101990961244800083,rainfall_mm,2026-08-06 08:00:00+00:00,,0.0007321191784177405,,False
101990961244800083,rainfall_mm,2026-08-06 09:00:00+00:00,,0.0026112417024920097,,False
101990961244800083,rainfall_mm,2026-08-06 10:00:00+00:00,,0.0036045274285245545,,False
101990961244800083,rainfall_mm,2026-08-06 11:00:00+00:00,,0.008426333585843078,,False
101990961244800083,rainfall_mm,2026-08-06 12:00:00+00:00,,0.033611738015410605,,False
101990961244800083,rainfall_mm,2026-08-06 13:00:00+00:00,,0.08819439538879596,,False
101990961244800083,rainfall_mm,2026-08-06 14:00:00+00:00,,0.08331990808121859,,False
101990961244800083,rainfall_mm,2026-08-06 15:00:00+00:00,,0.05370914331635221,,False
101990961244800083,rainfall_mm,2026-08-06 16:00:00+00:00,,0.03425947218540844,,False
101990961244800083,rainfall_mm,2026-08-06 17:00:00+00:00,,0.01388820706517758,,False
101990961244800083,rainfall_mm,2026-08-06 18:00:00+00:00,,0.008499760579821242,,False
101990961244800083,rainfall_mm,2026-08-06 19:00:00+00:00,,0.011272596250162836,,False
101990961244800083,rainfall_mm,2026-08-06 20:00:00+00:00,,0.06634814273248409,,False
101990961244800083,rainfall_mm,2026-08-06 21:00:00+00:00,,0.013688232757745004,,False
101990961244800083,rainfall_mm,2026-08-06 22:00:00+00:00,,0.015123237226799927,,False
101990961244800083,rainfall_mm,2026-08-06 23:00:00+00:00,,0.08918033503420307,,False
101990961244800083,rainfall_mm,2026-08-07 00:00:00+00:00,,0.08929830187712225,,False
101990961244800083,rainfall_mm,2026-08-07 01:00:00+00:00,,0.03498745109559204,,False
101990961244800083,rainfall_mm,2026-08-07 02:00:00+00:00,,0.01870444924093753,,False
101990961244800083,rainfall_mm,2026-08-07 03:00:00+00:00,,0.023817686157731888,,False
101990961244800083,rainfall_mm,2026-08-07 04:00:00+00:00,,0.10694199118919973,,False
101990961244800083,rainfall_mm,2026-08-07 05:00:00+00:00,,0.00281806133744775,,False
101990961244800083,rainfall_mm,2026-08-07 06:00:00+00:00,,0.0004877960367526893,,False
101990961244800083,rainfall_mm,2026-08-07 07:00:00+00:00,,0.00034126501885369426,,False
101990961244800083,rainfall_mm,2026-08-07 08:00:00+00:00,,0.0007321187560877593,,False
101990961244800083,rainfall_mm,2026-08-07 09:00:00+00:00,,0.002611238943905504,,False
101990961244800083,rainfall_mm,2026-08-07 10:00:00+00:00,,0.0036045094100408755,,False
101990961244800083,rainfall_mm,2026-08-07 11:00:00+00:00,,0.008426215893067064,,False
101990961244800083,rainfall_mm,2026-08-07 12:00:00+00:00,,0.033610969272062516,,False
101990961244800083,rainfall_mm,2026-08-07 13:00:00+00:00,,0.08819424964141545,,False
101990961244800083,rainfall_mm,2026-08-07 14:00:00+00:00,,0.08331970252113677,,False
101990961244800083,rainfall_mm,2026-08-07 15:00:00+00:00,,0.05370791491969396,,False
101990961244800083,rainfall_mm,2026-08-07 16:00:00+00:00,,0.03425868862755316,,False
101990961244800083,rainfall_mm,2026-08-07 17:00:00+00:00,,0.013888087104335717,,False
101990961244800083,rainfall_mm,2026-08-07 18:00:00+00:00,,0.008499742214101939,,False
101990961244800083,rainfall_mm,2026-08-07 19:00:00+00:00,,0.011272593438414826,,False
101990961244800083,rainfall_mm,2026-08-07 20:00:00+00:00,,0.06634814230201216,,False
101990961244800083,rainfall_mm,2026-08-07 21:00:00+00:00,,0.013688232691840777,,False
101990961244800083,rainfall_mm,2026-08-07 22:00:00+00:00,,0.015123237216710148,,False
101990961244800083,rainfall_mm,2026-08-07 23:00:00+00:00,,0.08918033503265835,,False
101990961244800083,rainfall_mm,2026-08-08 00:00:00+00:00,,0.08929830187688576,,False
101990961244800083,rainfall_mm,2026-08-08 01:00:00+00:00,,0.03498745109555583,,False
101990961244800083,rainfall_mm,2026-08-08 02:00:00+00:00,,0.018704449240931984,,False
101990961244800083,rainfall_mm,2026-08-08 03:00:00+00:00,,0.02381768615773104,,False
101990961244800083,rainfall_mm,2026-08-08 04:00:00+00:00,,0.1069419911891996,,False
101990961244800083,rainfall_mm,2026-08-08 05:00:00+00:00,,0.002818061337447765,,False
101990961244800083,rainfall_mm,2026-08-08 06:00:00+00:00,,0.00048779603675291265,,False
101990961244800083,rainfall_mm,2026-08-08 07:00:00+00:00,,0.0003412650188551726,,False
101990961244800083,rainfall_mm,2026-08-08 08:00:00+00:00,,0.0007321187560974185,,False
101990961244800083,rainfall_mm,2026-08-08 09:00:00+00:00,,0.0026112389439685965,,False
101990961244800083,rainfall_mm,2026-08-08 10:00:00+00:00,,0.003604509410452981,,False
101990961244800083,rainfall_mm,2026-08-08 11:00:00+00:00,,0.008426215895758848,,False
101990961244800083,rainfall_mm,2026-08-08 12:00:00+00:00,,0.03361096928964466,,False
101990961244800083,rainfall_mm,2026-08-08 13:00:00+00:00,,0.08819424964474888,,False
101990961244800083,rainfall_mm,2026-08-08 14:00:00+00:00,,0.08331970252583819,,False
101990961244800083,rainfall_mm,2026-08-08 15:00:00+00:00,,0.05370791494778896,,False
101990961244800083,rainfall_mm,2026-08-08 16:00:00+00:00,,0.03425868864547413,,False
101990961244800083,rainfall_mm,2026-08-08 17:00:00+00:00,,0.013888087107079375,,False
101990961244800083,rainfall_mm,2026-08-08 18:00:00+00:00,,0.008499742214521986,,False
101990961244800083,rainfall_mm,2026-08-08 19:00:00+00:00,,0.011272593438479134,,False
101990961244800083,rainfall_mm,2026-08-08 20:00:00+00:00,,0.066348142302022,,False
101990961244800083,rainfall_mm,2026-08-08 21:00:00+00:00,,0.013688232691842285,,False
101990961244800083,rainfall_mm,2026-08-08 22:00:00+00:00,,0.015123237216710378,,False
101990961244800083,rainfall_mm,2026-08-08 23:00:00+00:00,,0.08918033503265839,,False
101990961244800083,rainfall_mm,2026-08-09 00:00:00+00:00,,0.08929830187688576,,False
101990961244800083,rainfall_mm,2026-08-09 01:00:00+00:00,,0.03498745109555583,,False
101990961244800083,rainfall_mm,2026-08-09 02:00:00+00:00,,0.018704449240931984,,False
101990961244800083,rainfall_mm,2026-08-09 03:00:00+00:00,,0.02381768615773104,,False
101990961244800083,rainfall_mm,2026-08-09 04:00:00+00:00,,0.1069419911891996,,False
101990961244800083,rainfall_mm,2026-08-09 05:00:00+00:00,,0.002818061337447765,,False
101990961244800083,rainfall_mm,2026-08-09 06:00:00+00:00,,0.00048779603675291265,,False
101990961244800083,rainfall_mm,2026-08-09 07:00:00+00:00,,0.00034126501885517257,,False
101990961244800083,rainfall_mm,2026-08-09 08:00:00+00:00,,0.0007321187560974183,,False
101990961244800083,rainfall_mm,2026-08-09 09:00:00+00:00,,0.0026112389439685952,,False
101990961244800083,rainfall_mm,2026-08-09 10:00:00+00:00,,0.0036045094104529716,,False
101990961244800083,rainfall_mm,2026-08-09 11:00:00+00:00,,0.008426215895758787,,False
101990961244800083,rainfall_mm,2026-08-09 12:00:00+00:00,,0.03361096928964426,,False
101990961244800083,rainfall_mm,2026-08-09 13:00:00+00:00,,0.08819424964474881,,False
101990961244800083,rainfall_mm,2026-08-09 14:00:00+00:00,,0.08331970252583808,,False
101990961244800083,rainfall_mm,2026-08-09 15:00:00+00:00,,0.053707914947788316,,False
101990961244800083,rainfall_mm,2026-08-09 16:00:00+00:00,,0.03425868864547372,,False
101990961244800083,rainfall_mm,2026-08-09 17:00:00+00:00,,0.013888087107079313,,False
101990961244800083,rainfall_mm,2026-08-09 18:00:00+00:00,,0.008499742214521976,,False
101990961244800083,rainfall_mm,2026-08-09 19:00:00+00:00,,0.011272593438479132,,False
101990961244800083,rainfall_mm,2026-08-09 20:00:00+00:00,,0.066348142302022,,False
101990961244800083,rainfall_mm,2026-08-09 21:00:00+00:00,,0.013688232691842285,,False
101990961244800083,rainfall_mm,2026-08-09 22:00:00+00:00,,0.015123237216710378,,False
101990961244800083,rainfall_mm,2026-08-09 23:00:00+00:00,,0.08918033503265839,,False
101990961244800083,rainfall_mm,2026-08-10 00:00:00+00:00,,0.08929830187688576,,False
101990961244800083,rainfall_mm,2026-08-10 01:00:00+00:00,,0.03498745109555583,,False
101990961244800083,rainfall_mm,2026-08-10 02:00:00+00:00,,0.018704449240931984,,False
101990961244800083,rainfall_mm,2026-08-10 03:00:00+00:00,,0.02381768615773104,,False
101990961244800083,rainfall_mm,2026-08-10 04:00:00+00:00,,0.1069419911891996,,False
101990961244800083,rainfall_mm,2026-08-10 05:00:00+00:00,,0.002818061337447765,,False
101990961244800083,rainfall_mm,2026-08-10 06:00:00+00:00,,0.00048779603675291265,,False
101990961244800083,rainfall_mm,2026-08-10 07:00:00+00:00,,0.00034126501885517257,,False
101990961244800083,rainfall_mm,2026-08-10 08:00:00+00:00,,0.0007321187560974183,,False
101990961244800083,rainfall_mm,2026-08-10 09:00:00+00:00,,0.0026112389439685952,,False
101990961244800083,rainfall_mm,2026-08-10 10:00:00+00:00,,0.0036045094104529716,,False
101990961244800083,rainfall_mm,2026-08-10 11:00:00+00:00,,0.008426215895758787,,False
101990961244800083,rainfall_mm,2026-08-10 12:00:00+00:00,,0.03361096928964426,,False
101990961244800083,rainfall_mm,2026-08-10 13:00:00+00:00,,0.08819424964474881,,False
101990961244800083,rainfall_mm,2026-08-10 14:00:00+00:00,,0.08331970252583808,,False
101990961244800083,rainfall_mm,2026-08-10 15:00:00+00:00,,0.053707914947788316,,False
101990961244800083,rainfall_mm,2026-08-10 16:00:00+00:00,,0.03425868864547372,,False
101990961244800083,rainfall_mm,2026-08-10 17:00:00+00:00,,0.013888087107079313,,False
101990961244800083,rainfall_mm,2026-08-10 18:00:00+00:00,,0.008499742214521976,,False
101990961244800083,rainfall_mm,2026-08-10 19:00:00+00:00,,0.011272593438479132,,False
101990961244800083,rainfall_mm,2026-08-10 20:00:00+00:00,,0.066348142302022,,False
101990961244800083,rainfall_mm,2026-08-10 21:00:00+00:00,,0.013688232691842285,,False
101990961244800083,rainfall_mm,2026-08-10 22:00:00+00:00,,0.015123237216710378,,False
101990961244800083,rainfall_mm,2026-08-10 23:00:00+00:00,,0.08918033503265839,,False
101990961244800083,rainfall_mm,2026-08-11 00:00:00+00:00,,0.08929830187688576,,False
101990961244800083,rainfall_mm,2026-08-11 01:00:00+00:00,,0.03498745109555583,,False
101990961244800083,rainfall_mm,2026-08-11 02:00:00+00:00,,0.018704449240931984,,False
101990961244800083,rainfall_mm,2026-08-11 03:00:00+00:00,,0.02381768615773104,,False
101990961244800083,rainfall_mm,2026-08-11 04:00:00+00:00,,0.1069419911891996,,False
101990961244800083,rainfall_mm,2026-08-11 05:00:00+00:00,,0.002818061337447765,,False
101990961244800083,rainfall_mm,2026-08-11 06:00:00+00:00,,0.00048779603675291265,,False
101990961244800083,rainfall_mm,2026-08-11 07:00:00+00:00,,0.00034126501885517257,,False
101990961244800083,rainfall_mm,2026-08-11 08:00:00+00:00,,0.0007321187560974183,,False
101990961244800083,rainfall_mm,2026-08-11 09:00:00+00:00,,0.0026112389439685952,,False
101990961244800083,rainfall_mm,2026-08-11 10:00:00+00:00,,0.0036045094104529716,,False
101990961244800083,rainfall_mm,2026-08-11 11:00:00+00:00,,0.008426215895758787,,False
101990961244800083,rainfall_mm,2026-08-11 12:00:00+00:00,,0.03361096928964426,,False
101990961244800083,rainfall_mm,2026-08-11 13:00:00+00:00,,0.08819424964474881,,False
101990961244800083,rainfall_mm,2026-08-11 14:00:00+00:00,,0.08331970252583808,,False
101990961244800083,rainfall_mm,2026-08-11 15:00:00+00:00,,0.053707914947788316,,False
101990961244800083,rainfall_mm,2026-08-11 16:00:00+00:00,,0.03425868864547372,,False
101990961244800083,rainfall_mm,2026-08-11 17:00:00+00:00,,0.013888087107079313,,False
101990961244800083,rainfall_mm,2026-08-11 18:00:00+00:00,,0.008499742214521976,,False
101990961244800083,rainfall_mm,2026-08-11 19:00:00+00:00,,0.011272593438479132,,False
101990961244800083,rainfall_mm,2026-08-11 20:00:00+00:00,,0.066348142302022,,False
101990961244800083,rainfall_mm,2026-08-11 21:00:00+00:00,,0.013688232691842285,,False
101990961244800083,rainfall_mm,2026-08-11 22:00:00+00:00,,0.015123237216710378,,False
101990961244800083,rainfall_mm,2026-08-11 23:00:00+00:00,,0.08918033503265839,,False
101990961244800083,rainfall_mm,2026-08-12 00:00:00+00:00,,0.08929830187688576,,False
101990961244800083,rainfall_mm,2026-08-12 01:00:00+00:00,,0.03498745109555583,,False
101990961244800083,rainfall_mm,2026-08-12 02:00:00+00:00,,0.018704449240931984,,False
101990961244800083,rainfall_mm,2026-08-12 03:00:00+00:00,,0.02381768615773104,,False
101990961244800083,rainfall_mm,2026-08-12 04:00:00+00:00,,0.1069419911891996,,False
101990961244800083,rainfall_mm,2026-08-12 05:00:00+00:00,,0.002818061337447765,,False
101990961244800083,rainfall_mm,2026-08-12 06:00:00+00:00,,0.00048779603675291265,,False
101990961244800083,rainfall_mm,2026-08-12 07:00:00+00:00,,0.00034126501885517257,,False
101990961244800083,rainfall_mm,2026-08-12 08:00:00+00:00,,0.0007321187560974183,,False
101990961244800083,rainfall_mm,2026-08-12 09:00:00+00:00,,0.0026112389439685952,,False
101990961244800083,rainfall_mm,2026-08-12 10:00:00+00:00,,0.0036045094104529716,,False
101990961244800083,rainfall_mm,2026-08-12 11:00:00+00:00,,0.008426215895758787,,False
101990961244800083,rainfall_mm,2026-08-12 12:00:00+00:00,,0.03361096928964426,,False
101990961244800083,rainfall_mm,2026-08-12 13:00:00+00:00,0.0,0.08819424964474881,,False
101990961244800083,rainfall_mm,2026-08-12 14:00:00+00:00,,0.06981886080172174,0.0,False
101990961244800083,rainfall_mm,2026-08-12 15:00:00+00:00,,0.051641627362732055,,False
101990961244800083,rainfall_mm,2026-08-12 16:00:00+00:00,0.0,0.03394234440315524,,False
101990961244800083,rainfall_mm,2026-08-12 17:00:00+00:00,0.0,0.00864447329577269,0.0,True
101990961244800083,rainfall_mm,2026-08-12 18:00:00+00:00,,0.006373509150282563,0.0,False
101990961244800083,rainfall_mm,2026-08-12 19:00:00+00:00,,0.010947072220738792,,False
101990961244800083,rainfall_mm,2026-08-12 20:00:00+00:00,,0.06629830578795977,,False
101990961244800083,rainfall_mm,2026-08-12 21:00:00+00:00,,0.013680602840196818,,False
101990961244800083,rainfall_mm,2026-08-12 22:00:00+00:00,,0.015122069104591662,,False
101990961244800083,rainfall_mm,2026-08-12 23:00:00+00:00,,0.08918015619746932,,False
101990961244800083,rainfall_mm,2026-08-13 00:00:00+00:00,,0.08929827449760945,,False
101990961244800083,rainfall_mm,2026-08-13 01:00:00+00:00,,0.03498744690362706,,False
101990961244800083,rainfall_mm,2026-08-13 02:00:00+00:00,,0.018704448597676542,,False
101990961244800083,rainfall_mm,2026-08-13 03:00:00+00:00,,0.02381768604957575,,False
101990961244800083,rainfall_mm,2026-08-13 04:00:00+00:00,,0.10694199110945012,,False
101990961244800083,rainfall_mm,2026-08-13 05:00:00+00:00,,0.0028180609124819,,False
101990961244800083,rainfall_mm,2026-08-13 06:00:00+00:00,,0.0004877932756574775,,False
101990961244800083,rainfall_mm,2026-08-13 07:00:00+00:00,,0.00034124698635408496,,False
101990961244800083,rainfall_mm,2026-08-13 08:00:00+00:00,,0.0007320009721326267,,False
101990961244800083,rainfall_mm,2026-08-13 09:00:00+00:00,0.0,0.0026104695797362723,,False
101990961244800083,rainfall_mm,2026-08-13 10:00:00+00:00,0.0,0.003199961485887229,0.0,True
101990961244800083,rainfall_mm,2026-08-13 11:00:00+00:00,0.0,0.0078427419448682,0.0,True
101990961244800083,rainfall_mm,2026-08-13 12:00:00+00:00,0.0,0.032111992070246294,0.0,True
101990961244800083,rainfall_mm,2026-08-13 13:00:00+00:00,0.0,0.08165414842410149,0.0,True
101990961244800083,rainfall_mm,2026-08-13 14:00:00+00:00,0.0,0.06980800671401602,0.0,True
101990961244800083,rainfall_mm,2026-08-13 15:00:00+00:00,0.0,0.04088116900080317,0.0,True
101990961244800083,rainfall_mm,2026-08-13 16:00:00+00:00,0.0,0.025507147636519026,0.0,True
101990961244800083,rainfall_mm,2026-08-13 17:00:00+00:00,0.0,0.008506266633414746,0.0,True
101990961244800083,rainfall_mm,2026-08-13 18:00:00+00:00,0.0,0.006373509150451414,0.0,True
101990961244800083,rainfall_mm,2026-08-13 19:00:00+00:00,0.0,0.009971303155154248,0.0,True
101990961244800083,rainfall_mm,2026-08-13 20:00:00+00:00,0.0,0.0646223359915378,0.0,True
101990961244800083,rainfall_mm,2026-08-13 21:00:00+00:00,0.0,0.0035304939714525738,0.0,True
101990961244800083,rainfall_mm,2026-08-13 22:00:00+00:00,,0.013027602293277495,0.0,False
101990961244800083,rainfall_mm,2026-08-13 23:00:00+00:00,,0.08885949831332614,,False
101990961244800083,rainfall_mm,2026-08-14 00:00:00+00:00,,0.08924918253720453,,False
101990961244800083,rainfall_mm,2026-08-14 01:00:00+00:00,,0.03497993102880074,,False
101990961244800083,rainfall_mm,2026-08-14 02:00:00+00:00,,0.01870329785289689,,False
101990961244800083,rainfall_mm,2026-08-14 03:00:00+00:00,,0.02381750933610828,,False
101990961244800083,rainfall_mm,2026-08-14 04:00:00+00:00,0.0,0.10694196054644083,,False
101990961244800083,rainfall_mm,2026-08-14 05:00:00+00:00,0.0,-0.01348444471433959,0.0,True
101990961244800083,rainfall_mm,2026-08-14 06:00:00+00:00,0.0,5.654668021206607e-05,0.0,True
101990961244800083,rainfall_mm,2026-08-14 07:00:00+00:00,0.0,0.0002655920234166645,0.0,True
101990961244800083,rainfall_mm,2026-08-14 08:00:00+00:00,0.0,0.0006733021242276581,0.0,True
101990961244800083,rainfall_mm,2026-08-14 09:00:00+00:00,0.0,0.0024561403425972057,0.0,True
101990961244800083,rainfall_mm,2026-08-14 10:00:00+00:00,0.0,0.0031465959729075604,0.0,True
101990961244800083,rainfall_mm,2026-08-14 11:00:00+00:00,0.0,0.007716566109774843,0.0,True
101990961244800083,rainfall_mm,2026-08-14 12:00:00+00:00,0.0,0.031595152305538166,0.0,True
101990961244800083,rainfall_mm,2026-08-14 13:00:00+00:00,0.0,0.08033812974408565,0.0,True
101990961244800083,rainfall_mm,2026-08-14 14:00:00+00:00,0.0,0.06864296203196128,0.0,True
101990961244800083,rainfall_mm,2026-08-14 15:00:00+00:00,0.0,0.04022816255562317,0.0,True
101990961244800083,rainfall_mm,2026-08-14 16:00:00+00:00,0.0,0.02510180220879548,0.0,True
101990961244800083,rainfall_mm,2026-08-14 17:00:00+00:00,0.0,0.008370780415968318,0.0,True
101990961244800083,rainfall_mm,2026-08-14 18:00:00+00:00,0.0,0.0062645200185589694,0.0,True
101990961244800083,rainfall_mm,2026-08-14 19:00:00+00:00,0.0,0.0097981882252532,0.0,True
101990961244800083,rainfall_mm,2026-08-14 20:00:00+00:00,0.0,0.0634377155864977,0.0,True
101990961244800083,rainfall_mm,2026-08-14 21:00:00+00:00,0.0,0.0034555888400609946,0.0,True
101990961244800083,rainfall_mm,2026-08-14 22:00:00+00:00,,0.013027573586857777,0.0,False
101990961244800083,rainfall_mm,2026-08-14 23:00:00+00:00,,0.08885929923726942,,False
101990961244800083,rainfall_mm,2026-08-15 00:00:00+00:00,,0.08924787727344384,,False
101990961244800083,rainfall_mm,2026-08-15 01:00:00+00:00,,0.03497138121279541,,False
101990961244800083,rainfall_mm,2026-08-15 02:00:00+00:00,,0.01864744874221143,,False
101990961244800083,rainfall_mm,2026-08-15 03:00:00+00:00,,0.023452715488554494,,False
101990961244800083,rainfall_mm,2026-08-15 04:00:00+00:00,0.0,0.10455334064972299,,False
101990961244800083,rainfall_mm,2026-08-15 05:00:00+00:00,0.0,-0.013173877560503951,0.0,True
101990961244800083,rainfall_mm,2026-08-15 06:00:00+00:00,0.0,5.589786404703308e-05,0.0,True
101990961244800083,rainfall_mm,2026-08-15 07:00:00+00:00,0.0,0.0002610801565021936,0.0,True
101990961244800083,rainfall_mm,2026-08-15 08:00:00+00:00,0.0,0.0006620183301799185,0.0,True
101990961244800083,rainfall_mm,2026-08-15 09:00:00+00:00,0.0,0.002415586121329822,0.0,True
101990961244800083,rainfall_mm,2026-08-15 10:00:00+00:00,0.0,0.003094387338584833,0.0,True
101990961244800083,rainfall_mm,2026-08-15 11:00:00+00:00,0.0,0.007592951461143406,0.0,True
101990961244800083,rainfall_mm,2026-08-15 12:00:00+00:00,0.0,0.031088921483083176,0.0,True
101990961244800083,rainfall_mm,2026-08-15 13:00:00+00:00,0.0,0.0790503436654066,0.0,True
101990961244800083,rainfall_mm,2026-08-15 14:00:00+00:00,0.0,0.06750305997109367,0.0,True
101990961244800083,rainfall_mm,2026-08-15 15:00:00+00:00,0.0,0.039588082988417705,0.0,True
101990961244800083,rainfall_mm,2026-08-15 16:00:00+00:00,0.0,0.0247050451885575,0.0,True
101990961244800083,rainfall_mm,2026-08-15 17:00:00+00:00,0.0,0.008238127379436737,0.0,True
101990961244800083,rainfall_mm,2026-08-15 18:00:00+00:00,0.0,0.006157998118676694,0.0,True
101990961244800083,rainfall_mm,2026-08-15 19:00:00+00:00,0.0,0.009629109482497265,0.0,True
101990961244800083,rainfall_mm,2026-08-15 20:00:00+00:00,0.0,0.06228364503853123,0.0,True
101990961244800083,rainfall_mm,2026-08-15 21:00:00+00:00,0.0,0.0033831405520309762,0.0,True
101990961244800083,rainfall_mm,2026-08-15 22:00:00+00:00,,0.013027545888004675,0.0,False
101990961244800083,rainfall_mm,2026-08-15 23:00:00+00:00,,0.08885910719712414,,False
101990961244800083,rainfall_mm,2026-08-16 00:00:00+00:00,,0.0892466181754987,,False
101990961244800083,rainfall_mm,2026-08-16 01:00:00+00:00,,0.03496313399913531,,False
101990961244800083,rainfall_mm,2026-08-16 02:00:00+00:00,,0.018593576320983785,,False
101990961244800083,rainfall_mm,2026-08-16 03:00:00+00:00,,0.023100832930260946,,False
101990961244800083,rainfall_mm,2026-08-16 04:00:00+00:00,,0.1022493119555455,,False
101990961244800083,rainfall_mm,2026-08-16 05:00:00+00:00,0.0,0.002717625968033261,,False
101990961244800083,rainfall_mm,2026-08-16 06:00:00+00:00,0.0,5.525140440375707e-05,0.0,True
101990961244800083,rainfall_mm,2026-08-16 07:00:00+00:00,0.0,0.0002566704561886699,0.0,True
101990961244800083,rainfall_mm,2026-08-16 08:00:00+00:00,0.0,0.0006509884785311709,0.0,True
101990961244800083,rainfall_mm,2026-08-16 09:00:00+00:00,0.0,0.0023759424355828044,0.0,True
101990961244800083,rainfall_mm,2026-08-16 10:00:00+00:00,0.0,0.003043361717706982,0.0,True
101990961244800083,rainfall_mm,2026-08-16 11:00:00+00:00,0.0,0.0074719508442544925,0.0,True
101990961244800083,rainfall_mm,2026-08-16 12:00:00+00:00,0.0,0.030593401112698093,0.0,True
101990961244800083,rainfall_mm,2026-08-16 13:00:00+00:00,0.0,0.0777898272254343,0.0,True
101990961244800083,rainfall_mm,2026-08-16 14:00:00+00:00,0.0,0.06638900840091477,0.0,True
101990961244800083,rainfall_mm,2026-08-16 15:00:00+00:00,0.0,0.03896135021920285,0.0,True
101990961244800083,rainfall_mm,2026-08-16 16:00:00+00:00,0.0,0.02431645639322735,0.0,True
101990961244800083,rainfall_mm,2026-08-16 17:00:00+00:00,0.0,0.008108220141396666,0.0,True
101990961244800083,rainfall_mm,2026-08-16 18:00:00+00:00,0.0,0.00605399921741036,0.0,True
101990961244800083,rainfall_mm,2026-08-16 19:00:00+00:00,0.0,0.009464143133379841,0.0,True
101990961244800083,rainfall_mm,2026-08-16 20:00:00+00:00,0.0,0.06116032986195907,0.0,True
101990961244800083,rainfall_mm,2026-08-16 21:00:00+00:00,0.0,0.003313100844914451,0.0,True
101990961244800083,rainfall_mm,2026-08-16 22:00:00+00:00,,0.013027546564161416,0.0,False
101990961244800083,rainfall_mm,2026-08-16 23:00:00+00:00,,0.08885910650076802,,False
101990961244800083,rainfall_mm,2026-08-17 00:00:00+00:00,,0.0892466128533687,,False
101990961244800083,rainfall_mm,2026-08-17 01:00:00+00:00,,0.03496309911336417,,False
101990961244800083,rainfall_mm,2026-08-17 02:00:00+00:00,,0.018593348436005755,,False
101990961244800083,rainfall_mm,2026-08-17 03:00:00+00:00,,0.023099344432785825,,False
101990961244800083,rainfall_mm,2026-08-17 04:00:00+00:00,0.0,0.1022395894298603,,False
101990961244800083,rainfall_mm,2026-08-17 05:00:00+00:00,0.0,-0.012916709025700744,0.0,True
101990961244800083,rainfall_mm,2026-08-17 06:00:00+00:00,0.0,5.4603948382967555e-05,0.0,True
101990961244800083,rainfall_mm,2026-08-17 07:00:00+00:00,0.0,0.00025236399668971456,0.0,True
101990961244800083,rainfall_mm,2026-08-17 08:00:00+00:00,0.0,0.0006402103438699685,0.0,True
101990961244800083,rainfall_mm,2026-08-17 09:00:00+00:00,0.0,0.002337177622031048,0.0,True
101990961244800083,rainfall_mm,2026-08-17 10:00:00+00:00,0.0,0.0029934787922993116,0.0,True
101990961244800083,rainfall_mm,2026-08-17 11:00:00+00:00,0.0,0.007353482535885805,0.0,True
101990961244800083,rainfall_mm,2026-08-17 12:00:00+00:00,0.0,0.03010825604138556,0.0,True
101990961244800083,rainfall_mm,2026-08-17 13:00:00+00:00,0.0,0.07655572621081652,0.0,True
101990961244800083,rainfall_mm,2026-08-17 14:00:00+00:00,0.0,0.06529992691221627,0.0,True
101990961244800083,rainfall_mm,2026-08-17 15:00:00+00:00,0.0,0.03834755480589801,0.0,True
101990961244800083,rainfall_mm,2026-08-17 16:00:00+00:00,0.0,0.023935788927765086,0.0,True
101990961244800083,rainfall_mm,2026-08-17 17:00:00+00:00,0.0,0.007980975103087647,0.0,True
101990961244800083,rainfall_mm,2026-08-17 18:00:00+00:00,0.0,0.0059524330183008374,0.0,True
101990961244800083,rainfall_mm,2026-08-17 19:00:00+00:00,0.0,0.009303137525980595,0.0,True
101990961244800083,rainfall_mm,2026-08-17 20:00:00+00:00,0.0,0.060066517334482844,0.0,True
101990961244800083,rainfall_mm,2026-08-17 21:00:00+00:00,0.0,0.0032453478390948743,0.0,True
101990961244800083,rainfall_mm,2026-08-17 22:00:00+00:00,,0.013027519633731508,0.0,False
101990961244800083,rainfall_mm,2026-08-17 23:00:00+00:00,,0.08885892009238697,,False
101990961244800083,rainfall_mm,2026-08-18 00:00:00+00:00,,0.08924539076621592,,False
101990961244800083,rainfall_mm,2026-08-18 01:00:00+00:00,,0.034955094652937904,,False
101990961244800083,rainfall_mm,2026-08-18 02:00:00+00:00,,0.018541061775489778,,False
101990961244800083,rainfall_mm,2026-08-18 03:00:00+00:00,,0.02275781970381279,,False
101990961244800083,rainfall_mm,2026-08-18 04:00:00+00:00,0.0,0.1000034599390535,,False
101990961244800083,rainfall_mm,2026-08-18 05:00:00+00:00,0.0,-0.01262537979943187,0.0,True
101990961244800083,rainfall_mm,2026-08-18 06:00:00+00:00,0.0,5.395868683753404e-05,0.0,True
101990961244800083,rainfall_mm,2026-08-18 07:00:00+00:00,0.0,0.0002481571179788523,0.0,True
101990961244800083,rainfall_mm,2026-08-18 08:00:00+00:00,0.0,0.0006296752869656908,0.0,True
101990961244800083,rainfall_mm,2026-08-18 09:00:00+00:00,0.0,0.0022992625623092836,0.0,True
101990961244800083,rainfall_mm,2026-08-18 10:00:00+00:00,0.0,0.0029447001588726127,0.0,True
101990961244800083,rainfall_mm,2026-08-18 11:00:00+00:00,0.0,0.007237468392000516,0.0,True
101990961244800083,rainfall_mm,2026-08-18 12:00:00+00:00,0.0,0.029633165813749807,0.0,True
101990961244800083,rainfall_mm,2026-08-18 13:00:00+00:00,0.0,0.07534722390086743,0.0,True
101990961244800083,rainfall_mm,2026-08-18 14:00:00+00:00,0.0,0.06423497678265613,0.0,True
101990961244800083,rainfall_mm,2026-08-18 15:00:00+00:00,0.0,0.03774630489921319,0.0,True
101990961244800083,rainfall_mm,2026-08-18 16:00:00+00:00,0.0,0.023562806389094096,0.0,True
101990961244800083,rainfall_mm,2026-08-18 17:00:00+00:00,0.0,0.007856312243499412,0.0,True
101990961244800083,rainfall_mm,2026-08-18 18:00:00+00:00,0.0,0.005853213689346435,0.0,True
101990961244800083,rainfall_mm,2026-08-18 19:00:00+00:00,0.0,0.009145948707843405,0.0,True
101990961244800083,rainfall_mm,2026-08-18 20:00:00+00:00,0.0,0.05900102423768104,0.0,True
101990961244800083,rainfall_mm,2026-08-18 21:00:00+00:00,,0.0031797665260749467,0.0,False
101990961244800083,rainfall_mm,2026-08-18 22:00:00+00:00,,0.013514307555284127,,False
101990961244800083,rainfall_mm,2026-08-18 23:00:00+00:00,,0.08893327012885295,,False
101990961244800083,rainfall_mm,2026-08-19 00:00:00+00:00,,0.08925562096734904,,False
101990961244800083,rainfall_mm,2026-08-19 01:00:00+00:00,,0.034949111814767425,,False
101990961244800083,rainfall_mm,2026-08-19 02:00:00+00:00,,0.01849083712055524,,False
101990961244800083,rainfall_mm,2026-08-19 03:00:00+00:00,,0.022428057575797543,,False
101990961244800083,rainfall_mm,2026-08-19 04:00:00+00:00,,0.09784413070559565,,False
101990961244800083,rainfall_mm,2026-08-19 05:00:00+00:00,0.0,0.0025764323999930574,,False
101990961244800083,rainfall_mm,2026-08-19 06:00:00+00:00,0.0,5.331826448615964e-05,0.0,True
101990961244800083,rainfall_mm,2026-08-19 07:00:00+00:00,0.0,0.00024404634107781203,0.0,True
101990961244800083,rainfall_mm,2026-08-19 08:00:00+00:00,0.0,0.0006193750806525167,0.0,True
101990961244800083,rainfall_mm,2026-08-19 09:00:00+00:00,,0.002262169482035358,0.0,False
101990961244800083,rainfall_mm,2026-08-19 10:00:00+00:00,0.0,0.003243226883704523,,False
101990961244800083,rainfall_mm,2026-08-19 11:00:00+00:00,0.0,0.0071238592626889545,0.0,True
101990961244800083,rainfall_mm,2026-08-19 12:00:00+00:00,0.0,0.029167823847511667,0.0,True
101990961244800083,rainfall_mm,2026-08-19 13:00:00+00:00,,0.07416353900154445,0.0,False
101990961244800083,rainfall_mm,2026-08-19 14:00:00+00:00,0.0,0.07454659250221853,,False
101990961244800083,rainfall_mm,2026-08-19 15:00:00+00:00,,0.03715787207537256,0.0,False
101990961244800083,rainfall_mm,2026-08-19 16:00:00+00:00,,0.028884681084411067,,False
101990961244800083,rainfall_mm,2026-08-19 17:00:00+00:00,0.0,0.012155468509921887,,False
101990961244800083,rainfall_mm,2026-08-19 18:00:00+00:00,0.0,0.005756259588914221,0.0,True
101990961244800083,rainfall_mm,2026-08-19 19:00:00+00:00,0.0,0.008992439922918368,0.0,True
101990961244800083,rainfall_mm,2026-08-19 20:00:00+00:00,0.0,0.05796273197547232,0.0,True
101990961244800083,rainfall_mm,2026-08-19 21:00:00+00:00,,0.0031796965962150683,0.0,False
101990961244800083,rainfall_mm,2026-08-19 22:00:00+00:00,,0.013514296723011642,,False
101990961244800083,rainfall_mm,2026-08-19 23:00:00+00:00,,0.08893326772588964,,False
101990961244800083,rainfall_mm,2026-08-20 00:00:00+00:00,,0.08925561573064346,,False
101990961244800083,rainfall_mm,2026-08-20 01:00:00+00:00,,0.03494907920710838,,False
101990961244800083,rainfall_mm,2026-08-20 02:00:00+00:00,,0.018490624379052845,,False
101990961244800083,rainfall_mm,2026-08-20 03:00:00+00:00,,0.022426668032495645,,False
101990961244800083,rainfall_mm,2026-08-20 04:00:00+00:00,,0.09783505453155644,,False
101990961244800083,rainfall_mm,2026-08-20 05:00:00+00:00,,0.0025317045196619073,,False
101990961244800083,rainfall_mm,2026-08-20 06:00:00+00:00,,0.0004400238543170999,,False
101990961244800083,rainfall_mm,2026-08-20 07:00:00+00:00,,0.0003073632546402316,,False
101990961244800083,rainfall_mm,2026-08-20 08:00:00+00:00,,0.0006562156061705075,,False
101990961244800083,rainfall_mm,2026-08-20 09:00:00+00:00,0.0,0.002354931416090965,,False
101990961244800083,rainfall_mm,2026-08-20 10:00:00+00:00,0.0,0.0028458127475013495,0.0,True
101990961244800083,rainfall_mm,2026-08-20 11:00:00+00:00,0.0,0.007012185270274607,0.0,True
101990961244800083,rainfall_mm,2026-08-20 12:00:00+00:00,0.0,0.02870805600931581,0.0,True
101990961244800083,rainfall_mm,2026-08-20 13:00:00+00:00,0.0,0.07399021257144485,0.0,True
101990961244800083,rainfall_mm,2026-08-20 14:00:00+00:00,0.0,0.0620161432199894,0.0,True
101990961244800083,rainfall_mm,2026-08-20 15:00:00+00:00,0.0,0.03715976746931288,0.0,True
101990961244800083,rainfall_mm,2026-08-20 16:00:00+00:00,0.0,0.023169319328085462,0.0,True
101990961244800083,rainfall_mm,2026-08-20 17:00:00+00:00,0.0,0.007550306743969192,0.0,True
101990961244800083,rainfall_mm,2026-08-20 18:00:00+00:00,0.0,0.005661493011205821,0.0,True
101990961244800083,rainfall_mm,2026-08-20 19:00:00+00:00,0.0,0.008842481223623135,0.0,True
101990961244800083,rainfall_mm,2026-08-20 20:00:00+00:00,,0.05695058266962807,0.0,False
101990961244800083,rainfall_mm,2026-08-20 21:00:00+00:00,,0.011898695242366218,,False
101990961244800083,rainfall_mm,2026-08-20 22:00:00+00:00,,0.014849154652823505,,False
101990961244800083,rainfall_mm,2026-08-20 23:00:00+00:00,,0.08913763129526908,,False
101990961244800083,rainfall_mm,2026-08-21 00:00:00+00:00,,0.08928690330005222,,False
101990961244800083,rainfall_mm,2026-08-21 01:00:00+00:00,,0.03495386921759288,,False
101990961244800083,rainfall_mm,2026-08-21 02:00:00+00:00,,0.018491357444655025,,False
101990961244800083,rainfall_mm,2026-08-21 03:00:00+00:00,,0.022426778476021106,,False
101990961244800083,rainfall_mm,2026-08-21 04:00:00+00:00,,0.09783505976743206,,False
101990961244800083,rainfall_mm,2026-08-21 05:00:00+00:00,,0.0025316287440554724,,False
101990961244800083,rainfall_mm,2026-08-21 06:00:00+00:00,,0.0004398798931017807,,False
101990961244800083,rainfall_mm,2026-08-21 07:00:00+00:00,,0.0003064790190771069,,False
101990961244800083,rainfall_mm,2026-08-21 08:00:00+00:00,0.0,0.0006504704830283373,,False
101990961244800083,rainfall_mm,2026-08-21 09:00:00+00:00,,0.0022173869122916632,0.0,False
101990961244800083,rainfall_mm,2026-08-21 10:00:00+00:00,0.0,0.003139575490497543,,False
101990961244800083,rainfall_mm,2026-08-21 11:00:00+00:00,,0.006903136276180828,0.0,False
101990961244800083,rainfall_mm,2026-08-21 12:00:00+00:00,0.0,0.029318146122529254,,False
101990961244800083,rainfall_mm,2026-08-21 13:00:00+00:00,0.0,0.07282490383585755,0.0,True
101990961244800083,rainfall_mm,2026-08-21 14:00:00+00:00,0.0,0.061023722250931604,0.0,True
101990961244800083,rainfall_mm,2026-08-21 15:00:00+00:00,0.0,0.03657685495483757,0.0,True
101990961244800083,rainfall_mm,2026-08-21 16:00:00+00:00,0.0,0.022808447940047938,0.0,True
101990961244800083,rainfall_mm,2026-08-21 17:00:00+00:00,0.0,0.007434817580734897,0.0,True
101990961244800083,rainfall_mm,2026-08-21 18:00:00+00:00,,0.005568839579214809,0.0,False
101990961244800083,rainfall_mm,2026-08-21 19:00:00+00:00,,0.0095485214206132,,False
101990961244800083,rainfall_mm,2026-08-21 20:00:00+00:00,,0.058411136034332296,,False
101990961244800083,rainfall_mm,2026-08-21 21:00:00+00:00,,0.012122302484468038,,False
101990961244800083,rainfall_mm,2026-08-21 22:00:00+00:00,,0.01488338838904,,False
101990961244800083,rainfall_mm,2026-08-21 23:00:00+00:00,,0.08914287239827967,,False
101990961244800083,rainfall_mm,2026-08-22 00:00:00+00:00,,0.08928770569728482,,False
101990961244800083,rainfall_mm,2026-08-22 01:00:00+00:00,,0.034953992042073036,,False
101990961244800083,rainfall_mm,2026-08-22 02:00:00+00:00,,0.018491376114069834,,False
101990961244800083,rainfall_mm,2026-08-22 03:00:00+00:00,,0.02242678045429858,,False
101990961244800083,rainfall_mm,2026-08-22 04:00:00+00:00,,0.09783505432256044,,False
101990961244800083,rainfall_mm,2026-08-22 05:00:00+00:00,,0.002531590367497541,,False
101990961244800083,rainfall_mm,2026-08-22 06:00:00+00:00,0.0,0.00043962799357415513,,False
101990961244800083,rainfall_mm,2026-08-22 07:00:00+00:00,,0.00023755361270807557,0.0,False
101990961244800083,rainfall_mm,2026-08-22 08:00:00+00:00,,0.0006294251400196933,,False
101990961244800083,rainfall_mm,2026-08-22 09:00:00+00:00,0.0,0.0023063668616005745,,False
101990961244800083,rainfall_mm,2026-08-22 10:00:00+00:00,0.0,0.002751065943461442,0.0,True
101990961244800083,rainfall_mm,2026-08-22 11:00:00+00:00,0.0,0.006835759015973424,0.0,True
101990961244800083,rainfall_mm,2026-08-22 12:00:00+00:00,0.0,0.027818031009720273,0.0,True
101990961244800083,rainfall_mm,2026-08-22 13:00:00+00:00,0.0,0.0716820080435579,0.0,True
101990961244800083,rainfall_mm,2026-08-22 14:00:00+00:00,0.0,0.0600524575846688,0.0,True
101990961244800083,rainfall_mm,2026-08-22 15:00:00+00:00,,0.03600494071293086,0.0,False
101990961244800083,rainfall_mm,2026-08-22 16:00:00+00:00,0.0,0.027965254941771923,,False
101990961244800083,rainfall_mm,2026-08-22 17:00:00+00:00,0.0,0.0073216649172985725,0.0,True
101990961244800083,rainfall_mm,2026-08-22 18:00:00+00:00,0.0,0.00556871221286328,0.0,True
101990961244800083,rainfall_mm,2026-08-22 19:00:00+00:00,0.0,0.008695746460159807,0.0,True
101990961244800083,rainfall_mm,2026-08-22 20:00:00+00:00,,0.05694928077141803,0.0,False
101990961244800083,rainfall_mm,2026-08-22 21:00:00+00:00,,0.011898495976772788,,False
101990961244800083,rainfall_mm,2026-08-22 22:00:00+00:00,,0.014849124143246807,,False
101990961244800083,rainfall_mm,2026-08-22 23:00:00+00:00,,0.08913762660955236,,False
101990961244800083,rainfall_mm,2026-08-23 00:00:00+00:00,,0.08928690248618514,,False
101990961244800083,rainfall_mm,2026-08-23 01:00:00+00:00,,0.034953868462710785,,False
101990961244800083,rainfall_mm,2026-08-23 02:00:00+00:00,,0.018491353212227467,,False
101990961244800083,rainfall_mm,2026-08-23 03:00:00+00:00,,0.02242675093764195,,False
101990961244800083,rainfall_mm,2026-08-23 04:00:00+00:00,,0.09783487990914873,,False
101990961244800083,rainfall_mm,2026-08-23 05:00:00+00:00,,0.0025304539534934806,,False
101990961244800083,rainfall_mm,2026-08-23 06:00:00+00:00,,0.00043206646013689814,,False
101990961244800083,rainfall_mm,2026-08-23 07:00:00+00:00,,0.0003028694068467404,,False
101990961244800083,rainfall_mm,2026-08-23 08:00:00+00:00,,0.0006339899346301142,,False
101990961244800083,rainfall_mm,2026-08-23 09:00:00+00:00,0.0,0.0022706034675084737,,False
101990961244800083,rainfall_mm,2026-08-23 10:00:00+00:00,,0.0027075751148505525,0.0,False
101990961244800083,rainfall_mm,2026-08-23 11:00:00+00:00,,0.007144070304286194,,False
101990961244800083,rainfall_mm,2026-08-23 12:00:00+00:00,0.0,0.028482471608153728,,False
101990961244800083,rainfall_mm,2026-08-23 13:00:00+00:00,0.0,0.07056213930939892,0.0,True
101990961244800083,rainfall_mm,2026-08-23 14:00:00+00:00,,0.05909838885984533,0.0,False
101990961244800083,rainfall_mm,2026-08-23 15:00:00+00:00,,0.04498756466318319,,False
101990961244800083,rainfall_mm,2026-08-23 16:00:00+00:00,0.0,0.02891639613609681,,False
101990961244800083,rainfall_mm,2026-08-23 17:00:00+00:00,0.0,0.007210751765157515,0.0,True
101990961244800083,rainfall_mm,2026-08-23 18:00:00+00:00,,0.005477292781963484,0.0,False
101990961244800083,rainfall_mm,2026-08-23 19:00:00+00:00,,0.009389817484279575,,False
101990961244800083,rainfall_mm,2026-08-23 20:00:00+00:00,,0.05838683947405217,,False
101990961244800083,rainfall_mm,2026-08-23 21:00:00+00:00,,0.012118582790873689,,False
101990961244800083,rainfall_mm,2026-08-23 22:00:00+00:00,,0.014882818910353125,,False
101990961244800083,rainfall_mm,2026-08-23 23:00:00+00:00,,0.08914278519789497,,False
101990961244800083,rainfall_mm,2026-08-24 00:00:00+00:00,,0.08928769225205115,,False
101990961244800083,rainfall_mm,2026-08-24 01:00:00+00:00,,0.03495398936271622,,False
101990961244800083,rainfall_mm,2026-08-24 02:00:00+00:00,,0.0184913716481304,,False
101990961244800083,rainfall_mm,2026-08-24 03:00:00+00:00,,0.022426753279395757,,False
101990961244800083,rainfall_mm,2026-08-24 04:00:00+00:00,,0.09783487712758397,,False
101990961244800083,rainfall_mm,2026-08-24 05:00:00+00:00,0.0,0.0025304330173242986,,False
101990961244800083,rainfall_mm,2026-08-24 06:00:00+00:00,0.0,4.4887405240613654e-05,0.0,True
101990961244800083,rainfall_mm,2026-08-24 07:00:00+00:00,0.0,0.0002359153922580592,0.0,True
101990961244800083,rainfall_mm,2026-08-24 08:00:00+00:00,0.0,0.0005823107610879645,0.0,True
101990961244800083,rainfall_mm,2026-08-24 09:00:00+00:00,,0.0021376912398012042,0.0,False
101990961244800083,rainfall_mm,2026-08-24 10:00:00+00:00,0.0,0.0030248498226234186,,False
101990961244800083,rainfall_mm,2026-08-24 11:00:00+00:00,0.0,0.00666474529505481,0.0,True
101990961244800083,rainfall_mm,2026-08-24 12:00:00+00:00,0.0,0.026962206156070926,0.0,True
101990961244800083,rainfall_mm,2026-08-24 13:00:00+00:00,,0.06946207806912244,0.0,False
101990961244800083,rainfall_mm,2026-08-24 14:00:00+00:00,0.0,0.0697215730323018,,False
101990961244800083,rainfall_mm,2026-08-24 15:00:00+00:00,0.0,0.03587983260697393,0.0,True
101990961244800083,rainfall_mm,2026-08-24 16:00:00+00:00,0.0,0.021596991416404546,0.0,True
101990961244800083,rainfall_mm,2026-08-24 17:00:00+00:00,0.0,0.007101813343924471,0.0,True
101990961244800083,rainfall_mm,2026-08-24 18:00:00+00:00,,0.005477167509346125,0.0,False
101990961244800083,rainfall_mm,2026-08-24 19:00:00+00:00,,0.009389602727541259,,False
101990961244800083,rainfall_mm,2026-08-24 20:00:00+00:00,,0.05838680659844301,,False
101990961244800083,rainfall_mm,2026-08-24 21:00:00+00:00,,0.012118577744714467,,False
101990961244800083,rainfall_mm,2026-08-24 22:00:00+00:00,,0.014882818050853588,,False
101990961244800083,rainfall_mm,2026-08-24 23:00:00+00:00,,0.08914278449837043,,False
101990961244800083,rainfall_mm,2026-08-25 00:00:00+00:00,,0.08928768843028925,,False
101990961244800083,rainfall_mm,2026-08-25 01:00:00+00:00,,0.0349539645104819,,False
101990961244800083,rainfall_mm,2026-08-25 02:00:00+00:00,,0.01849120933575108,,False
101990961244800083,rainfall_mm,2026-08-25 03:00:00+00:00,,0.02242569309319731,,False
101990961244800083,rainfall_mm,2026-08-25 04:00:00+00:00,,0.09782795223597314,,False
101990961244800083,rainfall_mm,2026-08-25 05:00:00+00:00,,0.002485198937601846,,False
101990961244800083,rainfall_mm,2026-08-25 06:00:00+00:00,,0.00042460872021930253,,False
101990961244800083,rainfall_mm,2026-08-25 07:00:00+00:00,,0.00029690981108330494,,False
101990961244800083,rainfall_mm,2026-08-25 08:00:00+00:00,,0.0006180431001932941,,False
101990961244800083,rainfall_mm,2026-08-25 09:00:00+00:00,,0.002225289804163348,,False
101990961244800083,rainfall_mm,2026-08-25 10:00:00+00:00,,0.0029911450578868825,,False
101990961244800083,rainfall_mm,2026-08-25 11:00:00+00:00,,0.007019135427331117,,False
101990961244800083,rainfall_mm,2026-08-25 12:00:00+00:00,,0.027620883905889692,,False
101990961244800083,rainfall_mm,2026-08-25 13:00:00+00:00,,0.07353073450623422,,False
101990961244800083,rainfall_mm,2026-08-25 14:00:00+00:00,,0.06925752081638746,,False
101990961244800083,rainfall_mm,2026-08-25 15:00:00+00:00,,0.045908982252567766,,False
101990961244800083,rainfall_mm,2026-08-25 16:00:00+00:00,,0.028292755538481384,,False
101990961244800083,rainfall_mm,2026-08-25 17:00:00+00:00,,0.011324979538277179,,False
101990961244800083,rainfall_mm,2026-08-25 18:00:00+00:00,,0.007210994911377516,,False
101990961244800083,rainfall_mm,2026-08-25 19:00:00+00:00,,0.009655047578506371,,False
101990961244800083,rainfall_mm,2026-08-25 20:00:00+00:00,,0.05842744557302008,,False
101990961244800083,rainfall_mm,2026-08-25 21:00:00+00:00,,0.012124799474931981,,False
101990961244800083,rainfall_mm,2026-08-25 22:00:00+00:00,,0.014883770582824671,,False
101990961244800083,rainfall_mm,2026-08-25 23:00:00+00:00,,0.08914293032803218,,False
101990961244800083,rainfall_mm,2026-08-26 00:00:00+00:00,,0.08928771075179454,,False
101990961244800083,rainfall_mm,2026-08-26 01:00:00+00:00,,0.034953967897356476,,False
101990961244800083,rainfall_mm,2026-08-26 02:00:00+00:00,,0.018491209655088665,,False
101990961244800083,rainfall_mm,2026-08-26 03:00:00+00:00,,0.022425691841055487,,False
101990961244800083,rainfall_mm,2026-08-26 04:00:00+00:00,,0.0978279435462204,,False
101990961244800083,rainfall_mm,2026-08-26 05:00:00+00:00,,0.002485142099808049,,False
101990961244800083,rainfall_mm,2026-08-26 06:00:00+00:00,,0.00042459900916342306,,False
101990961244800083,rainfall_mm,2026-08-26 07:00:00+00:00,,0.000296903020420985,,False
101990961244800083,rainfall_mm,2026-08-26 08:00:00+00:00,0.0,0.0006180289647655041,,False
101990961244800083,rainfall_mm,2026-08-26 09:00:00+00:00,0.0,0.0021307758938386265,0.0,True
101990961244800083,rainfall_mm,2026-08-26 10:00:00+00:00,0.0,0.002650711339382261,0.0,True
101990961244800083,rainfall_mm,2026-08-26 11:00:00+00:00,,0.006561295686571092,0.0,False
101990961244800083,rainfall_mm,2026-08-26 12:00:00+00:00,0.0,0.02755020687153433,,False
101990961244800083,rainfall_mm,2026-08-26 13:00:00+00:00,0.0,0.06930326846325219,0.0,True
101990961244800083,rainfall_mm,2026-08-26 14:00:00+00:00,0.0,0.05800434931219198,0.0,True
101990961244800083,rainfall_mm,2026-08-26 15:00:00+00:00,0.0,0.03531089677475123,0.0,True
101990961244800083,rainfall_mm,2026-08-26 16:00:00+00:00,0.0,0.021267947565529348,0.0,True
101990961244800083,rainfall_mm,2026-08-26 17:00:00+00:00,0.0,0.006994754566538556,0.0,True
101990961244800083,rainfall_mm,2026-08-26 18:00:00+00:00,0.0,0.005477167512310097,0.0,True
101990961244800083,rainfall_mm,2026-08-26 19:00:00+00:00,0.0,0.008551061434178938,0.0,True
101990961244800083,rainfall_mm,2026-08-26 20:00:00+00:00,,0.05694928135857175,0.0,False
101990961244800083,rainfall_mm,2026-08-26 21:00:00+00:00,,0.01189849610417326,,False
101990961244800083,rainfall_mm,2026-08-26 22:00:00+00:00,,0.014849124075368815,,False
101990961244800083,rainfall_mm,2026-08-26 23:00:00+00:00,,0.08913762602979698,,False
101990961244800083,rainfall_mm,2026-08-27 00:00:00+00:00,,0.0892868986734396,,False
101990961244800083,rainfall_mm,2026-08-27 01:00:00+00:00,,0.03495384355098055,,False
101990961244800083,rainfall_mm,2026-08-27 02:00:00+00:00,,0.018491190493108874,,False
101990961244800083,rainfall_mm,2026-08-27 03:00:00+00:00,,0.022425688091937068,,False
101990961244800083,rainfall_mm,2026-08-27 04:00:00+00:00,,0.09782793764580176,,False
101990961244800083,rainfall_mm,2026-08-27 05:00:00+00:00,,0.0024851064050666924,,False
101990961244800083,rainfall_mm,2026-08-27 06:00:00+00:00,,0.0004243656340285192,,False
101990961244800083,rainfall_mm,2026-08-27 07:00:00+00:00,,0.00029536772099084693,,False
101990961244800083,rainfall_mm,2026-08-27 08:00:00+00:00,,0.0006079990538824955,,False
101990961244800083,rainfall_mm,2026-08-27 09:00:00+00:00,,0.0021890810518820788,,False
101990961244800083,rainfall_mm,2026-08-27 10:00:00+00:00,,0.002943212093526088,,False
101990961244800083,rainfall_mm,2026-08-27 11:00:00+00:00,,0.006948809996609105,,False
101990961244800083,rainfall_mm,2026-08-27 12:00:00+00:00,,0.02719559144612814,,False
101990961244800083,rainfall_mm,2026-08-27 13:00:00+00:00,,0.07237322388693423,,False
101990961244800083,rainfall_mm,2026-08-27 14:00:00+00:00,,0.06815376775694568,,False
101990961244800083,rainfall_mm,2026-08-27 15:00:00+00:00,,0.045177247598847586,,False
101990961244800083,rainfall_mm,2026-08-27 16:00:00+00:00,,0.02785515720148704,,False
101990961244800083,rainfall_mm,2026-08-27 17:00:00+00:00,0.0,0.011151958427552112,,False
101990961244800083,rainfall_mm,2026-08-27 18:00:00+00:00,,0.005385008470129518,0.0,False
101990961244800083,rainfall_mm,2026-08-27 19:00:00+00:00,,0.009229964390754346,,False
101990961244800083,rainfall_mm,2026-08-27 20:00:00+00:00,,0.05836236693286303,,False
101990961244800083,rainfall_mm,2026-08-27 21:00:00+00:00,,0.01211483614060961,,False
101990961244800083,rainfall_mm,2026-08-27 22:00:00+00:00,,0.014882245219777214,,False
101990961244800083,rainfall_mm,2026-08-27 23:00:00+00:00,,0.08914269679813398,,False
101990961244800083,rainfall_mm,2026-08-28 00:00:00+00:00,,0.08928767499599288,,False
101990961244800083,rainfall_mm,2026-08-28 01:00:00+00:00,,0.03495396240408802,,False
101990961244800083,rainfall_mm,2026-08-28 02:00:00+00:00,,0.01849120868906166,,False
101990961244800083,rainfall_mm,2026-08-28 03:00:00+00:00,,0.022425690876551413,,False
101990961244800083,rainfall_mm,2026-08-28 04:00:00+00:00,,0.09782793806465574,,False
101990961244800083,rainfall_mm,2026-08-28 05:00:00+00:00,,0.002485106420434844,,False
101990961244800083,rainfall_mm,2026-08-28 06:00:00+00:00,,0.0004243653179087962,,False
101990961244800083,rainfall_mm,2026-08-28 07:00:00+00:00,,0.00029536559240097893,,False
101990961244800083,rainfall_mm,2026-08-28 08:00:00+00:00,,0.0006079851406389425,,False
101990961244800083,rainfall_mm,2026-08-28 09:00:00+00:00,,0.0021890309341297404,,False
101990961244800083,rainfall_mm,2026-08-28 10:00:00+00:00,,0.0029431444472841025,,False
101990961244800083,rainfall_mm,2026-08-28 11:00:00+00:00,,0.0069487047178288155,,False
101990961244800083,rainfall_mm,2026-08-28 12:00:00+00:00,,0.02719495531651481,,False
101990961244800083,rainfall_mm,2026-08-28 13:00:00+00:00,,0.07237147631143429,,False
101990961244800083,rainfall_mm,2026-08-28 14:00:00+00:00,,0.06815160604731411,,False
101990961244800083,rainfall_mm,2026-08-28 15:00:00+00:00,,0.04517227750074972,,False
101990961244800083,rainfall_mm,2026-08-28 16:00:00+00:00,,0.02782880726992204,,False
101990961244800083,rainfall_mm,2026-08-28 17:00:00+00:00,,0.010981398951791939,,False
101990961244800083,rainfall_mm,2026-08-28 18:00:00+00:00,,0.0070661113376557175,,False
101990961244800083,rainfall_mm,2026-08-28 19:00:00+00:00,,0.00948714499131216,,False
101990961244800083,rainfall_mm,2026-08-28 20:00:00+00:00,,0.05840174067038494,,False
101990961244800083,rainfall_mm,2026-08-28 21:00:00+00:00,,0.012120864166063637,,False
101990961244800083,rainfall_mm,2026-08-28 22:00:00+00:00,,0.014883168096119705,,False
101990961244800083,rainfall_mm,2026-08-28 23:00:00+00:00,,0.08914283808830438,,False
101990961244800083,rainfall_mm,2026-08-29 00:00:00+00:00,,0.08928769662718151,,False
101990961244800083,rainfall_mm,2026-08-29 01:00:00+00:00,,0.03495396571577149,,False
101990961244800083,rainfall_mm,2026-08-29 02:00:00+00:00,,0.018491209196072517,,False
101990961244800083,rainfall_mm,2026-08-29 03:00:00+00:00,,0.022425690954173592,,False
101990961244800083,rainfall_mm,2026-08-29 04:00:00+00:00,,0.09782793807653968,,False
101990961244800083,rainfall_mm,2026-08-29 05:00:00+00:00,0.0,0.00248510642225532,,False
101990961244800083,rainfall_mm,2026-08-29 06:00:00+00:00,,4.424422601977568e-05,0.0,False
101990961244800083,rainfall_mm,2026-08-29 07:00:00+00:00,,0.00023717705035447884,,False
101990961244800083,rainfall_mm,2026-08-29 08:00:00+00:00,0.0,0.0005990818440153152,,False
101990961244800083,rainfall_mm,2026-08-29 09:00:00+00:00,0.0,0.002096060921726066,0.0,True
101990961244800083,rainfall_mm,2026-08-29 10:00:00+00:00,0.0,0.002608312880547344,0.0,True
101990961244800083,rainfall_mm,2026-08-29 11:00:00+00:00,0.0,0.0064983557062783985,0.0,True
101990961244800083,rainfall_mm,2026-08-29 12:00:00+00:00,0.0,0.02613202675670486,0.0,True
101990961244800083,rainfall_mm,2026-08-29 13:00:00+00:00,0.0,0.06820937743259955,0.0,True
101990961244800083,rainfall_mm,2026-08-29 14:00:00+00:00,0.0,0.0570771753727557,0.0,True
101990961244800083,rainfall_mm,2026-08-29 15:00:00+00:00,0.0,0.034744027791237246,0.0,True
101990961244800083,rainfall_mm,2026-08-29 16:00:00+00:00,0.0,0.02091707256156538,0.0,True
101990961244800083,rainfall_mm,2026-08-29 17:00:00+00:00,0.0,0.006723008108726937,0.0,True
101990961244800083,rainfall_mm,2026-08-29 18:00:00+00:00,0.0,0.005384885310978115,0.0,True
101990961244800083,rainfall_mm,2026-08-29 19:00:00+00:00,0.0,0.00840534018095428,0.0,True
101990961244800083,rainfall_mm,2026-08-29 20:00:00+00:00,0.0,0.0569492819204509,0.0,True
101990961244800083,rainfall_mm,2026-08-29 21:00:00+00:00,,0.0031796994302249037,0.0,False
101990961244800083,rainfall_mm,2026-08-29 22:00:00+00:00,,0.013514296966994625,,False
101990961244800083,rainfall_mm,2026-08-29 23:00:00+00:00,,0.0889332666038819,,False
101990961244800083,rainfall_mm,2026-08-30 00:00:00+00:00,,0.08925560797604341,,False
101990961244800083,rainfall_mm,2026-08-30 01:00:00+00:00,,0.03494902848319662,,False
101990961244800083,rainfall_mm,2026-08-30 02:00:00+00:00,,0.01849029305051731,,False
101990961244800083,rainfall_mm,2026-08-30 03:00:00+00:00,,0.022424503865612205,,False
101990961244800083,rainfall_mm,2026-08-30 04:00:00+00:00,,0.09782091869097076,,False
101990961244800083,rainfall_mm,2026-08-30 05:00:00+00:00,,0.0024393676018300693,,False
101990961244800083,rainfall_mm,2026-08-30 06:00:00+00:00,,0.0004174810705277412,,False
101990961244800083,rainfall_mm,2026-08-30 07:00:00+00:00,0.0,0.0002928438900194006,,False
101990961244800083,rainfall_mm,2026-08-30 08:00:00+00:00,,0.0005531772939544785,0.0,False
101990961244800083,rainfall_mm,2026-08-30 09:00:00+00:00,,0.0021460390182585732,,False
101990961244800083,rainfall_mm,2026-08-30 10:00:00+00:00,0.0,0.002894466486205581,,False
101990961244800083,rainfall_mm,2026-08-30 11:00:00+00:00,,0.006394983097184617,0.0,False
101990961244800083,rainfall_mm,2026-08-30 12:00:00+00:00,0.0,0.02670162164166752,,False
101990961244800083,rainfall_mm,2026-08-30 13:00:00+00:00,0.0,0.06711651538352278,0.0,True
101990961244800083,rainfall_mm,2026-08-30 14:00:00+00:00,0.0,0.056152093424465296,0.0,True
101990961244800083,rainfall_mm,2026-08-30 15:00:00+00:00,0.0,0.03418196150753964,0.0,True
101990961244800083,rainfall_mm,2026-08-30 16:00:00+00:00,0.0,0.020591729692655943,0.0,True
101990961244800083,rainfall_mm,2026-08-30 17:00:00+00:00,0.0,0.006621757688415383,0.0,True
101990961244800083,rainfall_mm,2026-08-30 18:00:00+00:00,,0.005293057111030866,0.0,False
101990961244800083,rainfall_mm,2026-08-30 19:00:00+00:00,,0.0090707963950952,,False
101990961244800083,rainfall_mm,2026-08-30 20:00:00+00:00,,0.05726608431114226,,False
101990961244800083,rainfall_mm,2026-08-30 21:00:00+00:00,,0.01194700057062497,,False
101990961244800083,rainfall_mm,2026-08-30 22:00:00+00:00,,0.014856549893704284,,False
101990961244800083,rainfall_mm,2026-08-30 23:00:00+00:00,,0.08913876232847255,,False
101990961244800083,rainfall_mm,2026-08-31 00:00:00+00:00,,0.08928706886785871,,False
101990961244800083,rainfall_mm,2026-08-31 01:00:00+00:00,,0.03495384497758731,,False
101990961244800083,rainfall_mm,2026-08-31 02:00:00+00:00,,0.018491029835390943,,False
101990961244800083,rainfall_mm,2026-08-31 03:00:00+00:00,,0.022424612688106825,,False
101990961244800083,rainfall_mm,2026-08-31 04:00:00+00:00,,0.09782090937118075,,False
101990961244800083,rainfall_mm,2026-08-31 05:00:00+00:00,,0.002439196477823241,,False
101990961244800083,rainfall_mm,2026-08-31 06:00:00+00:00,,0.0004166865243347244,,False
101990961244800083,rainfall_mm,2026-08-31 07:00:00+00:00,,0.00028762628607436935,,False
101990961244800083,rainfall_mm,2026-08-31 08:00:00+00:00,,0.0005961601743180812,,False
101990961244800083,rainfall_mm,2026-08-31 09:00:00+00:00,,0.0021457936558020333,,False
101990961244800083,rainfall_mm,2026-08-31 10:00:00+00:00,,0.0028484530683913034,,False
101990961244800083,rainfall_mm,2026-08-31 11:00:00+00:00,,0.0067689677425105885,,False
101990961244800083,rainfall_mm,2026-08-31 12:00:00+00:00,,0.02635182959800217,,False
101990961244800083,rainfall_mm,2026-08-31 13:00:00+00:00,,0.07007840085121811,,False
101990961244800083,rainfall_mm,2026-08-31 14:00:00+00:00,,0.06596964328148548,,False
101990961244800083,rainfall_mm,2026-08-31 15:00:00+00:00,,0.04372596285181304,,False
101990961244800083,rainfall_mm,2026-08-31 16:00:00+00:00,,0.026963046384039922,,False
101990961244800083,rainfall_mm,2026-08-31 17:00:00+00:00,,0.010648051604383417,,False
101990961244800083,rainfall_mm,2026-08-31 18:00:00+00:00,,0.006923127396512924,,False
101990961244800083,rainfall_mm,2026-08-31 19:00:00+00:00,,0.009320167347269849,,False
101990961244800083,rainfall_mm,2026-08-31 20:00:00+00:00,,0.057302984423392926,,False
101990961244800083,rainfall_mm,2026-08-31 21:00:00+00:00,,0.011952649889940362,,False
101990961244800083,rainfall_mm,2026-08-31 22:00:00+00:00,,0.014857414791038467,,False
101990961244800083,rainfall_mm,2026-08-31 23:00:00+00:00,,0.08913889474219291,,False
101990961244800083,rainfall_mm,2026-09-01 00:00:00+00:00,,0.08928708914007143,,False
101990961244800083,rainfall_mm,2026-09-01 01:00:00+00:00,,0.03495384808113276,,False
101990961244800083,rainfall_mm,2026-09-01 02:00:00+00:00,,0.018491030310000496,,False
101990961244800083,rainfall_mm,2026-09-01 03:00:00+00:00,,0.022424612757268255,,False
101990961244800083,rainfall_mm,2026-09-01 04:00:00+00:00,,0.0978209093589069,,False
101990961244800083,rainfall_mm,2026-09-01 05:00:00+00:00,,0.0024391963266126374,,False
101990961244800083,rainfall_mm,2026-09-01 06:00:00+00:00,,0.00041668551765223366,,False
101990961244800083,rainfall_mm,2026-09-01 07:00:00+00:00,,0.00028761970773548434,,False
101990961244800083,rainfall_mm,2026-09-01 08:00:00+00:00,,0.0005961576767776105,,False
101990961244800083,rainfall_mm,2026-09-01 09:00:00+00:00,,0.002145783537502598,,False
101990961244800083,rainfall_mm,2026-09-01 10:00:00+00:00,,0.002848387920634211,,False
101990961244800083,rainfall_mm,2026-09-01 11:00:00+00:00,0.0,0.00676886783951272,,False
101990961244800083,rainfall_mm,2026-09-01 12:00:00+00:00,0.0,0.025316044797380133,0.0,True
101990961244800083,rainfall_mm,2026-09-01 13:00:00+00:00,0.0,0.0660437456152628,0.0,True
101990961244800083,rainfall_mm,2026-09-01 14:00:00+00:00,0.0,0.055244505780672915,0.0,True
101990961244800083,rainfall_mm,2026-09-01 15:00:00+00:00,0.0,0.033630478368531294,0.0,True
101990961244800083,rainfall_mm,2026-09-01 16:00:00+00:00,0.0,0.020271936706962836,0.0,True
101990961244800083,rainfall_mm,2026-09-01 17:00:00+00:00,0.0,0.006522088922675363,0.0,True
101990961244800083,rainfall_mm,2026-09-01 18:00:00+00:00,,0.005292936054912078,0.0,False
101990961244800083,rainfall_mm,2026-09-01 19:00:00+00:00,,0.00907058893969384,,False
101990961244800083,rainfall_mm,2026-09-01 20:00:00+00:00,,0.05726477459699716,,False
101990961244800083,rainfall_mm,2026-09-01 21:00:00+00:00,,0.011946800056499082,,False
101990961244800083,rainfall_mm,2026-09-01 22:00:00+00:00,,0.014856519195466213,,False
101990961244800083,rainfall_mm,2026-09-01 23:00:00+00:00,,0.0891387576286263,,False
101990961244800083,rainfall_mm,2026-09-02 00:00:00+00:00,,0.08928706814819876,,False
101990961244800083,rainfall_mm,2026-09-02 01:00:00+00:00,,0.034953844866594475,,False
101990961244800083,rainfall_mm,2026-09-02 02:00:00+00:00,,0.01849102981307736,,False
101990961244800083,rainfall_mm,2026-09-02 03:00:00+00:00,,0.022424612649936067,,False
101990961244800083,rainfall_mm,2026-09-02 04:00:00+00:00,,0.09782090913832747,,False
101990961244800083,rainfall_mm,2026-09-02 05:00:00+00:00,,0.00243919495939537,,False
101990961244800083,rainfall_mm,2026-09-02 06:00:00+00:00,,0.00041667659865330704,,False
101990961244800083,rainfall_mm,2026-09-02 07:00:00+00:00,0.0,0.0002875614524460526,,False
101990961244800083,rainfall_mm,2026-09-02 08:00:00+00:00,0.0,0.0005517907591789697,0.0,True
101990961244800083,rainfall_mm,2026-09-02 09:00:00+00:00,0.0,0.0020521927930497045,0.0,True
101990961244800083,rainfall_mm,2026-09-02 10:00:00+00:00,0.0,0.002504317192852758,0.0,True
101990961244800083,rainfall_mm,2026-09-02 11:00:00+00:00,0.0,0.0062268676152005395,0.0,True
101990961244800083,rainfall_mm,2026-09-02 12:00:00+00:00,0.0,0.02491958778623248,0.0,True
101990961244800083,rainfall_mm,2026-09-02 13:00:00+00:00,0.0,0.06498537429276943,0.0,True
101990961244800083,rainfall_mm,2026-09-02 14:00:00+00:00,0.0,0.0543496087345371,0.0,True
101990961244800083,rainfall_mm,2026-09-02 15:00:00+00:00,0.0,0.03308665777187992,0.0,True
101990961244800083,rainfall_mm,2026-09-02 16:00:00+00:00,0.0,0.019955974646426036,0.0,True
101990961244800083,rainfall_mm,2026-09-02 17:00:00+00:00,0.0,0.006423458530340861,0.0,True
101990961244800083,rainfall_mm,2026-09-02 18:00:00+00:00,,0.005292936054993613,0.0,False
101990961244800083,rainfall_mm,2026-09-02 19:00:00+00:00,,0.009070588940221154,,False
101990961244800083,rainfall_mm,2026-09-02 20:00:00+00:00,,0.057264774601198117,,False
101990961244800083,rainfall_mm,2026-09-02 21:00:00+00:00,,0.0119468000570998,,False
101990961244800083,rainfall_mm,2026-09-02 22:00:00+00:00,,0.014856519195335873,,False
101990961244800083,rainfall_mm,2026-09-02 23:00:00+00:00,,0.0891387576271539,,False
101990961244800083,rainfall_mm,2026-09-03 00:00:00+00:00,,0.08928706813848648,,False
101990961244800083,rainfall_mm,2026-09-03 01:00:00+00:00,,0.03495384480314167,,False
101990961244800083,rainfall_mm,2026-09-03 02:00:00+00:00,,0.01849102939861542,,False
101990961244800083,rainfall_mm,2026-09-03 03:00:00+00:00,,0.0224246099427614,,False
101990961244800083,rainfall_mm,2026-09-03 04:00:00+00:00,0.0,0.09782089145565684,,False
101990961244800083,rainfall_mm,2026-09-03 05:00:00+00:00,0.0,-0.012464233192523337,0.0,True
101990961244800083,rainfall_mm,2026-09-03 06:00:00+00:00,,4.282686149363114e-05,0.0,False
101990961244800083,rainfall_mm,2026-09-03 07:00:00+00:00,,0.00022541886056477449,,False
101990961244800083,rainfall_mm,2026-09-03 08:00:00+00:00,0.0,0.0005770187556678287,,False
101990961244800083,rainfall_mm,2026-09-03 09:00:00+00:00,0.0,0.0020176016131335786,0.0,True
101990961244800083,rainfall_mm,2026-09-03 10:00:00+00:00,0.0,0.002463775020557245,0.0,True
101990961244800083,rainfall_mm,2026-09-03 11:00:00+00:00,0.0,0.006127543544195078,0.0,True
101990961244800083,rainfall_mm,2026-09-03 12:00:00+00:00,0.0,0.0245305771902406,0.0,True
101990961244800083,rainfall_mm,2026-09-03 13:00:00+00:00,,0.06394794082882704,0.0,False
101990961244800083,rainfall_mm,2026-09-03 14:00:00+00:00,0.0,0.06325862221602625,,False
101990961244800083,rainfall_mm,2026-09-03 15:00:00+00:00,0.0,0.032554247997943084,0.0,True
101990961244800083,rainfall_mm,2026-09-03 16:00:00+00:00,0.0,0.019645950504471165,0.0,True
101990961244800083,rainfall_mm,2026-09-03 17:00:00+00:00,,0.006326531702980211,0.0,False
101990961244800083,rainfall_mm,2026-09-03 18:00:00+00:00,,0.006261512981735727,,False
101990961244800083,rainfall_mm,2026-09-03 19:00:00+00:00,,0.00921887568457418,,False
101990961244800083,rainfall_mm,2026-09-03 20:00:00+00:00,,0.057287476410287905,,False
101990961244800083,rainfall_mm,2026-09-03 21:00:00+00:00,,0.011950271849416752,,False
101990961244800083,rainfall_mm,2026-09-03 22:00:00+00:00,,0.014857021855002315,,False
101990961244800083,rainfall_mm,2026-09-03 23:00:00+00:00,,0.08913864479560343,,False
101990961244800083,rainfall_mm,2026-09-04 00:00:00+00:00,,0.08928580855025706,,False
101990961244800083,rainfall_mm,2026-09-04 01:00:00+00:00,,0.03494551791411362,,False
101990961244800083,rainfall_mm,2026-09-04 02:00:00+00:00,,0.018436624835392025,,False
101990961244800083,rainfall_mm,2026-09-04 03:00:00+00:00,,0.02206924965699996,,False
101990961244800083,rainfall_mm,2026-09-04 04:00:00+00:00,0.0,0.09549485239840029,,False
101990961244800083,rainfall_mm,2026-09-04 05:00:00+00:00,0.0,-0.01215894416684394,0.0,True
101990961244800083,rainfall_mm,2026-09-04 06:00:00+00:00,0.0,4.293025962257722e-05,0.0,True
101990961244800083,rainfall_mm,2026-09-04 07:00:00+00:00,0.0,0.00021748128231133474,0.0,True
101990961244800083,rainfall_mm,2026-09-04 08:00:00+00:00,,0.0005331122676873038,0.0,False
101990961244800083,rainfall_mm,2026-09-04 09:00:00+00:00,0.0,0.002065300582865739,,False
101990961244800083,rainfall_mm,2026-09-04 10:00:00+00:00,0.0,0.00242405039504685,0.0,True
101990961244800083,rainfall_mm,2026-09-04 11:00:00+00:00,0.0,0.00603010204944248,0.0,True
101990961244800083,rainfall_mm,2026-09-04 12:00:00+00:00,0.0,0.024146932549928782,0.0,True
101990961244800083,rainfall_mm,2026-09-04 13:00:00+00:00,0.0,0.0638012843656462,0.0,True
101990961244800083,rainfall_mm,2026-09-04 14:00:00+00:00,1.2699999999999818,0.05247892110598796,0.0,True
101990961244800083,rainfall_mm,2026-09-04 15:00:00+00:00,0.0,0.22636724046728285,1.2699999999999818,True
101990961244800083,rainfall_mm,2026-09-04 16:00:00+00:00,0.0,0.019348834720059768,0.0,True
101990961244800083,rainfall_mm,2026-09-04 17:00:00+00:00,0.0,0.006329683728881451,0.0,True
101990961244800083,rainfall_mm,2026-09-04 18:00:00+00:00,,0.005292936032200789,0.0,False
101990961244800083,rainfall_mm,2026-09-04 19:00:00+00:00,,0.009070588786484335,,False
101990961244800083,rainfall_mm,2026-09-04 20:00:00+00:00,,0.057264773523281784,,False
101990961244800083,rainfall_mm,2026-09-04 21:00:00+00:00,,0.011946792432611132,,False
101990961244800083,rainfall_mm,2026-09-04 22:00:00+00:00,,0.01485646141527252,,False
101990961244800083,rainfall_mm,2026-09-04 23:00:00+00:00,,0.08913837654223672,,False
101990961244800083,rainfall_mm,2026-09-05 00:00:00+00:00,,0.0892845732097828,,False
101990961244800083,rainfall_mm,2026-09-05 01:00:00+00:00,,0.03493750945111136,,False
101990961244800083,rainfall_mm,2026-09-05 02:00:00+00:00,,0.0183843246595546,,False
101990961244800083,rainfall_mm,2026-09-05 03:00:00+00:00,,0.021727638485886703,,False
101990961244800083,rainfall_mm,2026-09-05 04:00:00+00:00,,0.09325884885822779,,False
101990961244800083,rainfall_mm,2026-09-05 05:00:00+00:00,,0.0023481165132598334,,False
101990961244800083,rainfall_mm,2026-09-05 06:00:00+00:00,,0.0004016592428410053,,False
101990961244800083,rainfall_mm,2026-09-05 07:00:00+00:00,,0.000275137447478359,,False
101990961244800083,rainfall_mm,2026-09-05 08:00:00+00:00,,0.0005702443833888581,,False
101990961244800083,rainfall_mm,2026-09-05 09:00:00+00:00,,0.002037319691169235,,False
101990961244800083,rainfall_mm,2026-09-05 10:00:00+00:00,,0.002696778211758676,,False
101990961244800083,rainfall_mm,2026-09-05 11:00:00+00:00,,0.006347409712234659,,False
101990961244800083,rainfall_mm,2026-09-05 12:00:00+00:00,,0.024743994795058868,,False
101990961244800083,rainfall_mm,2026-09-05 13:00:00+00:00,,0.06643407713304002,,False
101990961244800083,rainfall_mm,2026-09-05 14:00:00+00:00,,0.08223319339991586,,False
101990961244800083,rainfall_mm,2026-09-05 15:00:00+00:00,,0.04088027997518317,,False
101990961244800083,rainfall_mm,2026-09-05 16:00:00+00:00,,0.02530642274369068,,False
101990961244800083,rainfall_mm,2026-09-05 17:00:00+00:00,,0.01010606639543212,,False
101990961244800083,rainfall_mm,2026-09-05 18:00:00+00:00,,0.006840150731777435,,False
101990961244800083,rainfall_mm,2026-09-05 19:00:00+00:00,,0.009307463672514985,,False
101990961244800083,rainfall_mm,2026-09-05 20:00:00+00:00,,0.057301038503634855,,False
101990961244800083,rainfall_mm,2026-09-05 21:00:00+00:00,,0.011952344510639108,,False
101990961244800083,rainfall_mm,2026-09-05 22:00:00+00:00,,0.014857311398375496,,False
101990961244800083,rainfall_mm,2026-09-05 23:00:00+00:00,,0.08913850649743058,,False
101990961244800083,rainfall_mm,2026-09-06 00:00:00+00:00,,0.08928459196127735,,False
101990961244800083,rainfall_mm,2026-09-06 01:00:00+00:00,,0.03493750484736818,,False
101990961244800083,rainfall_mm,2026-09-06 02:00:00+00:00,,0.018384275132599177,,False
101990961244800083,rainfall_mm,2026-09-06 03:00:00+00:00,,0.021727312007982388,,False
101990961244800083,rainfall_mm,2026-09-06 04:00:00+00:00,0.0,0.09325671592027064,,False
101990961244800083,rainfall_mm,2026-09-06 05:00:00+00:00,,-0.011865558803334635,0.0,False
101990961244800083,rainfall_mm,2026-09-06 06:00:00+00:00,0.0,-0.0017725773959820679,,False
101990961244800083,rainfall_mm,2026-09-06 07:00:00+00:00,,0.0002136051586862168,0.0,False
101990961244800083,rainfall_mm,2026-09-06 08:00:00+00:00,0.0,0.0005607955388797586,,False
101990961244800083,rainfall_mm,2026-09-06 09:00:00+00:00,0.0,0.0019500878913207328,0.0,True
101990961244800083,rainfall_mm,2026-09-06 10:00:00+00:00,0.0,0.002385134433946271,0.0,True
101990961244800083,rainfall_mm,2026-09-06 11:00:00+00:00,0.0,0.005934689360215141,0.0,True
101990961244800083,rainfall_mm,2026-09-06 12:00:00+00:00,0.0,0.023772567133589148,0.0,True
101990961244800083,rainfall_mm,2026-09-06 13:00:00+00:00,0.0,0.0626454531048072,0.0,True
101990961244800083,rainfall_mm,2026-09-06 14:00:00+00:00,,0.07209623084058774,0.0,False
101990961244800083,rainfall_mm,2026-09-06 15:00:00+00:00,0.0,0.039323492972899075,,False
101990961244800083,rainfall_mm,2026-09-06 16:00:00+00:00,0.0,0.019050604692242137,0.0,True
101990961244800083,rainfall_mm,2026-09-06 17:00:00+00:00,0.0,0.006233440097303226,0.0,True
101990961244800083,rainfall_mm,2026-09-06 18:00:00+00:00,,0.005292936021343836,0.0,False
101990961244800083,rainfall_mm,2026-09-06 19:00:00+00:00,,0.0090705887132646,,False
101990961244800083,rainfall_mm,2026-09-06 20:00:00+00:00,,0.057264773011070365,,False
101990961244800083,rainfall_mm,2026-09-06 21:00:00+00:00,,0.011946788807959435,,False
101990961244800083,rainfall_mm,2026-09-06 22:00:00+00:00,,0.014856434084958745,,False
101990961244800083,rainfall_mm,2026-09-06 23:00:00+00:00,,0.08913819634511641,,False
101990961244800083,rainfall_mm,2026-09-07 00:00:00+00:00,,0.08928339354656763,,False
101990961244800083,rainfall_mm,2026-09-07 01:00:00+00:00,,0.03492978630987877,,False
101990961244800083,rainfall_mm,2026-09-07 02:00:00+00:00,,0.018333876142486025,,False
101990961244800083,rainfall_mm,2026-09-07 03:00:00+00:00,,0.021398120063630552,,False
101990961244800083,rainfall_mm,2026-09-07 04:00:00+00:00,,0.09110213329559061,,False
101990961244800083,rainfall_mm,2026-09-07 05:00:00+00:00,,0.002086730860215944,,False
101990961244800083,rainfall_mm,2026-09-07 06:00:00+00:00,,0.00039609710990281324,,False
101990961244800083,rainfall_mm,2026-09-07 07:00:00+00:00,,0.00027286574638014054,,False
101990961244800083,rainfall_mm,2026-09-07 08:00:00+00:00,,0.0005606547955689074,,False
101990961244800083,rainfall_mm,2026-09-07 09:00:00+00:00,,0.0020032589538288405,,False
101990961244800083,rainfall_mm,2026-09-07 10:00:00+00:00,,0.002653150791682687,,False
101990961244800083,rainfall_mm,2026-09-07 11:00:00+00:00,,0.006246497388534529,,False
101990961244800083,rainfall_mm,2026-09-07 12:00:00+00:00,,0.024358408761453204,,False
101990961244800083,rainfall_mm,2026-09-07 13:00:00+00:00,,0.06536170067525826,,False
101990961244800083,rainfall_mm,2026-09-07 14:00:00+00:00,0.0,0.08201097807117291,,False
101990961244800083,rainfall_mm,2026-09-07 15:00:00+00:00,0.0,0.027675345939601578,0.0,True
101990961244800083,rainfall_mm,2026-09-07 16:00:00+00:00,0.0,0.01875553307875863,0.0,True
101990961244800083,rainfall_mm,2026-09-07 17:00:00+00:00,0.0,0.006138038670646576,0.0,True
101990961244800083,rainfall_mm,2026-09-07 18:00:00+00:00,,0.005292936021403314,0.0,False
101990961244800083,rainfall_mm,2026-09-07 19:00:00+00:00,,0.009070588713645805,,False
101990961244800083,rainfall_mm,2026-09-07 20:00:00+00:00,,0.05726477301424413,,False
101990961244800083,rainfall_mm,2026-09-07 21:00:00+00:00,,0.011946788804426324,,False
101990961244800083,rainfall_mm,2026-09-07 22:00:00+00:00,,0.014856434058216085,,False
101990961244800083,rainfall_mm,2026-09-07 23:00:00+00:00,,0.08913819616987789,,False
101990961244800083,rainfall_mm,2026-09-08 00:00:00+00:00,,0.08928339240186216,,False
101990961244800083,rainfall_mm,2026-09-08 01:00:00+00:00,,0.03492977883290106,,False
101990961244800083,rainfall_mm,2026-09-08 02:00:00+00:00,,0.018333827304508752,,False
101990961244800083,rainfall_mm,2026-09-08 03:00:00+00:00,,0.021397801064695535,,False
101990961244800083,rainfall_mm,2026-09-08 04:00:00+00:00,,0.09110004966465156,,False
101990961244800083,rainfall_mm,2026-09-08 05:00:00+00:00,,0.002086417755160066,,False
101990961244800083,rainfall_mm,2026-09-08 06:00:00+00:00,0.0,0.0003960876717851086,,False
101990961244800083,rainfall_mm,2026-09-08 07:00:00+00:00,,0.00021227774656380627,0.0,False
101990961244800083,rainfall_mm,2026-09-08 08:00:00+00:00,,0.0005513602960473789,,False
101990961244800083,rainfall_mm,2026-09-08 09:00:00+00:00,,0.0020016900597491327,,False
101990961244800083,rainfall_mm,2026-09-08 10:00:00+00:00,,0.0026521834787900573,,False
101990961244800083,rainfall_mm,2026-09-08 11:00:00+00:00,,0.006241816788216171,,False
101990961244800083,rainfall_mm,2026-09-08 12:00:00+00:00,,0.024328426245127426,,False
101990961244800083,rainfall_mm,2026-09-08 13:00:00+00:00,,0.06516680060529786,,False
101990961244800083,rainfall_mm,2026-09-08 14:00:00+00:00,,0.08067860609683171,,False
101990961244800083,rainfall_mm,2026-09-08 15:00:00+00:00,,0.039582314162250415,,False
101990961244800083,rainfall_mm,2026-09-08 16:00:00+00:00,,0.024523120402531712,,False
101990961244800083,rainfall_mm,2026-09-08 17:00:00+00:00,,0.00979713145206857,,False
101990961244800083,rainfall_mm,2026-09-08 18:00:00+00:00,,0.00679285351683066,,False
101990961244800083,rainfall_mm,2026-09-08 19:00:00+00:00,,0.009300222510439287,,False
101990961244800083,rainfall_mm,2026-09-08 20:00:00+00:00,,0.05729992940165936,,False
101990961244800083,rainfall_mm,2026-09-08 21:00:00+00:00,,0.011952171163301684,,False
101990961244800083,rainfall_mm,2026-09-08 22:00:00+00:00,,0.014857258082454096,,False
101990961244800083,rainfall_mm,2026-09-08 23:00:00+00:00,,0.08913832231238139,,False
101990961244800083,rainfall_mm,2026-09-09 00:00:00+00:00,,0.08928341162485984,,False
101990961244800083,rainfall_mm,2026-09-09 01:00:00+00:00,,0.03492978119379331,,False
101990961244800083,rainfall_mm,2026-09-09 02:00:00+00:00,,0.018333823863787325,,False
101990961244800083,rainfall_mm,2026-09-09 03:00:00+00:00,,0.021397775703000874,,False
101990961244800083,rainfall_mm,2026-09-09 04:00:00+00:00,,0.09109988356513246,,False
101990961244800083,rainfall_mm,2026-09-09 05:00:00+00:00,,0.0020853337010527813,,False
101990961244800083,rainfall_mm,2026-09-09 06:00:00+00:00,,0.00038865012202040077,,False
101990961244800083,rainfall_mm,2026-09-09 07:00:00+00:00,,0.0002717791512443035,,False
101990961244800083,rainfall_mm,2026-09-09 08:00:00+00:00,,0.000560469796491352,,False
101990961244800083,rainfall_mm,2026-09-09 09:00:00+00:00,,0.002003084552014921,,False
101990961244800083,rainfall_mm,2026-09-09 10:00:00+00:00,,0.0026523959834880914,,False
101990961244800083,rainfall_mm,2026-09-09 11:00:00+00:00,,0.0062418428589380605,,False
101990961244800083,rainfall_mm,2026-09-09 12:00:00+00:00,,0.024328388012307495,,False
101990961244800083,rainfall_mm,2026-09-09 13:00:00+00:00,,0.06516651890512479,,False
101990961244800083,rainfall_mm,2026-09-09 14:00:00+00:00,,0.0806767609914373,,False
101990961244800083,rainfall_mm,2026-09-09 15:00:00+00:00,,0.0395814088821637,,False
101990961244800083,rainfall_mm,2026-09-09 16:00:00+00:00,,0.024522559530217876,,False
101990961244800083,rainfall_mm,2026-09-09 17:00:00+00:00,,0.009796907379588809,,False
101990961244800083,rainfall_mm,2026-09-09 18:00:00+00:00,,0.00679281921186759,,False
101990961244800083,rainfall_mm,2026-09-09 19:00:00+00:00,,0.009300217258431122,,False
101990961244800083,rainfall_mm,2026-09-09 20:00:00+00:00,,0.05729992859758935,,False
101990961244800083,rainfall_mm,2026-09-09 21:00:00+00:00,,0.01195217104020008,,False
101990961244800083,rainfall_mm,2026-09-09 22:00:00+00:00,,0.014857258063604913,,False
101990961244800083,rainfall_mm,2026-09-09 23:00:00+00:00,,0.08913832230947852,,False
101990961244800083,rainfall_mm,2026-09-10 00:00:00+00:00,,0.08928341162430363,,False
101990961244800083,rainfall_mm,2026-09-10 01:00:00+00:00,,0.034929781192978036,,False
101990961244800083,rainfall_mm,2026-09-10 02:00:00+00:00,,0.01833382385889354,,False
101990961244800083,rainfall_mm,2026-09-10 03:00:00+00:00,,0.02139777567110178,,False
101990961244800083,rainfall_mm,2026-09-10 04:00:00+00:00,,0.09109988335678469,,False
101990961244800083,rainfall_mm,2026-09-10 05:00:00+00:00,,0.0020853323401794333,,False
101990961244800083,rainfall_mm,2026-09-10 06:00:00+00:00,,0.00038864123309606427,,False
101990961244800083,rainfall_mm,2026-09-10 07:00:00+00:00,,0.000271777790371235,,False
101990961244800083,rainfall_mm,2026-09-10 08:00:00+00:00,,0.0005604695881454502,,False
101990961244800083,rainfall_mm,2026-09-10 09:00:00+00:00,,0.0020030845201211033,,False
101990961244800083,rainfall_mm,2026-09-10 10:00:00+00:00,,0.0026523959786278377,,False
101990961244800083,rainfall_mm,2026-09-10 11:00:00+00:00,,0.00624184285834179,,False
101990961244800083,rainfall_mm,2026-09-10 12:00:00+00:00,,0.024328388013181927,,False
101990961244800083,rainfall_mm,2026-09-10 13:00:00+00:00,,0.06516651891156763,,False
101990961244800083,rainfall_mm,2026-09-10 14:00:00+00:00,,0.0806767610336372,,False
101990961244800083,rainfall_mm,2026-09-10 15:00:00+00:00,,0.03958140890286861,,False
101990961244800083,rainfall_mm,2026-09-10 16:00:00+00:00,,0.024522559543045743,,False
101990961244800083,rainfall_mm,2026-09-10 17:00:00+00:00,,0.009796907384713633,,False
101990961244800083,rainfall_mm,2026-09-10 18:00:00+00:00,,0.006792819212652188,,False
101990961244800083,rainfall_mm,2026-09-10 19:00:00+00:00,,0.009300217258551242,,False
101990961244800083,rainfall_mm,2026-09-10 20:00:00+00:00,,0.05729992859760774,,False
101990961244800083,rainfall_mm,2026-09-10 21:00:00+00:00,,0.011952171040202896,,False
101990961244800083,rainfall_mm,2026-09-10 22:00:00+00:00,,0.014857258063605345,,False
101990961244800083,rainfall_mm,2026-09-10 23:00:00+00:00,,0.08913832230947859,,False
101990961244800083,rainfall_mm,2026-09-11 00:00:00+00:00,,0.08928341162430364,,False
101990961244800083,rainfall_mm,2026-09-11 01:00:00+00:00,,0.03492978119297806,,False
101990961244800083,rainfall_mm,2026-09-11 02:00:00+00:00,,0.01833382385889365,,False
101990961244800083,rainfall_mm,2026-09-11 03:00:00+00:00,,0.021397775671102508,,False
101990961244800083,rainfall_mm,2026-09-11 04:00:00+00:00,,0.09109988335678945,,False
101990961244800083,rainfall_mm,2026-09-11 05:00:00+00:00,,0.002085332340210558,,False
101990961244800083,rainfall_mm,2026-09-11 06:00:00+00:00,,0.0003886412332993653,,False
101990961244800083,rainfall_mm,2026-09-11 07:00:00+00:00,,0.0002717777904023599,,False
101990961244800083,rainfall_mm,2026-09-11 08:00:00+00:00,,0.0005604695881502153,,False
101990961244800083,rainfall_mm,2026-09-11 09:00:00+00:00,,0.002003084520121833,,False
101990961244800083,rainfall_mm,2026-09-11 10:00:00+00:00,,0.0026523959786279487,,False
101990961244800083,rainfall_mm,2026-09-11 11:00:00+00:00,,0.006241842858341804,,False
101990961244800083,rainfall_mm,2026-09-11 12:00:00+00:00,,0.024328388013181906,,False
101990961244800083,rainfall_mm,2026-09-11 13:00:00+00:00,,0.06516651891156748,,False
101990961244800083,rainfall_mm,2026-09-11 14:00:00+00:00,,0.08067676103363623,,False
101990961244800083,rainfall_mm,2026-09-11 15:00:00+00:00,,0.03958140890286814,,False
101990961244800083,rainfall_mm,2026-09-11 16:00:00+00:00,,0.024522559543045448,,False
101990961244800083,rainfall_mm,2026-09-11 17:00:00+00:00,,0.009796907384713515,,False
101990961244800083,rainfall_mm,2026-09-11 18:00:00+00:00,,0.00679281921265217,,False
101990961244800083,rainfall_mm,2026-09-11 19:00:00+00:00,,0.009300217258551239,,False
101990961244800083,rainfall_mm,2026-09-11 20:00:00+00:00,,0.05729992859760774,,False
101990961244800083,rainfall_mm,2026-09-11 21:00:00+00:00,,0.011952171040202896,,False
101990961244800083,rainfall_mm,2026-09-11 22:00:00+00:00,,0.014857258063605345,,False
101990961244800083,rainfall_mm,2026-09-11 23:00:00+00:00,,0.08913832230947859,,False
101990961244800083,rainfall_mm,2026-09-12 00:00:00+00:00,,0.08928341162430364,,False
101990961244800083,rainfall_mm,2026-09-12 01:00:00+00:00,,0.03492978119297806,,False
101990961244800083,rainfall_mm,2026-09-12 02:00:00+00:00,,0.01833382385889365,,False
101990961244800083,rainfall_mm,2026-09-12 03:00:00+00:00,,0.021397775671102508,,False
101990961244800083,rainfall_mm,2026-09-12 04:00:00+00:00,,0.09109988335678945,,False
101990961244800083,rainfall_mm,2026-09-12 05:00:00+00:00,,0.0020853323402105573,,False
101990961244800083,rainfall_mm,2026-09-12 06:00:00+00:00,,0.00038864123329936063,,False
101990961244800083,rainfall_mm,2026-09-12 07:00:00+00:00,,0.0002717777904023592,,False
101990961244800083,rainfall_mm,2026-09-12 08:00:00+00:00,,0.0005604695881502152,,False
101990961244800083,rainfall_mm,2026-09-12 09:00:00+00:00,,0.002003084520121833,,False
101990961244800083,rainfall_mm,2026-09-12 10:00:00+00:00,,0.0026523959786279487,,False
101990961244800083,rainfall_mm,2026-09-12 11:00:00+00:00,,0.006241842858341804,,False
101990961244800083,rainfall_mm,2026-09-12 12:00:00+00:00,,0.024328388013181906,,False
101990961244800083,rainfall_mm,2026-09-12 13:00:00+00:00,,0.06516651891156748,,False
101990961244800083,rainfall_mm,2026-09-12 14:00:00+00:00,,0.08067676103363623,,False
101990961244800083,rainfall_mm,2026-09-12 15:00:00+00:00,,0.03958140890286814,,False
101990961244800083,rainfall_mm,2026-09-12 16:00:00+00:00,,0.024522559543045448,,False
101990961244800083,rainfall_mm,2026-09-12 17:00:00+00:00,,0.009796907384713515,,False
101990961244800083,rainfall_mm,2026-09-12 18:00:00+00:00,,0.00679281921265217,,False
101990961244800083,rainfall_mm,2026-09-12 19:00:00+00:00,,0.009300217258551239,,False
101990961244800083,rainfall_mm,2026-09-12 20:00:00+00:00,,0.05729992859760774,,False
101990961244800083,rainfall_mm,2026-09-12 21:00:00+00:00,,0.011952171040202896,,False
101990961244800083,rainfall_mm,2026-09-12 22:00:00+00:00,,0.014857258063605345,,False
101990961244800083,rainfall_mm,2026-09-12 23:00:00+00:00,,0.08913832230947859,,False
101990961244800083,rainfall_mm,2026-09-13 00:00:00+00:00,,0.08928341162430364,,False
101990961244800083,rainfall_mm,2026-09-13 01:00:00+00:00,,0.03492978119297806,,False
101990961244800083,rainfall_mm,2026-09-13 02:00:00+00:00,,0.01833382385889365,,False
101990961244800083,rainfall_mm,2026-09-13 03:00:00+00:00,,0.021397775671102508,,False
101990961244800083,rainfall_mm,2026-09-13 04:00:00+00:00,,0.09109988335678945,,False
101990961244800083,rainfall_mm,2026-09-13 05:00:00+00:00,,0.0020853323402105573,,False
101990961244800083,rainfall_mm,2026-09-13 06:00:00+00:00,,0.00038864123329936063,,False
101990961244800083,rainfall_mm,2026-09-13 07:00:00+00:00,,0.0002717777904023592,,False
101990961244800083,rainfall_mm,2026-09-13 08:00:00+00:00,,0.0005604695881502152,,False
101990961244800083,rainfall_mm,2026-09-13 09:00:00+00:00,,0.002003084520121833,,False
101990961244800083,rainfall_mm,2026-09-13 10:00:00+00:00,,0.0026523959786279487,,False
101990961244800083,rainfall_mm,2026-09-13 11:00:00+00:00,,0.006241842858341804,,False
101990961244800083,rainfall_mm,2026-09-13 12:00:00+00:00,,0.024328388013181906,,False
101990961244800083,rainfall_mm,2026-09-13 13:00:00+00:00,,0.06516651891156748,,False
101990961244800083,rainfall_mm,2026-09-13 14:00:00+00:00,,0.08067676103363623,,False
101990961244800083,rainfall_mm,2026-09-13 15:00:00+00:00,,0.03958140890286814,,False
101990961244800083,rainfall_mm,2026-09-13 16:00:00+00:00,,0.024522559543045448,,False
101990961244800083,rainfall_mm,2026-09-13 17:00:00+00:00,,0.009796907384713515,,False
101990961244800083,rainfall_mm,2026-09-13 18:00:00+00:00,,0.00679281921265217,,False
101990961244800083,rainfall_mm,2026-09-13 19:00:00+00:00,,0.009300217258551239,,False
101990961244800083,rainfall_mm,2026-09-13 20:00:00+00:00,,0.05729992859760774,,False
101990961244800083,rainfall_mm,2026-09-13 21:00:00+00:00,,0.011952171040202896,,False
101990961244800083,rainfall_mm,2026-09-13 22:00:00+00:00,,0.014857258063605345,,False
101990961244800083,rainfall_mm,2026-09-13 23:00:00+00:00,,0.08913832230947859,,False
101990961244800083,rainfall_mm,2026-09-14 00:00:00+00:00,,0.08928341162430364,,False
101990961244800083,rainfall_mm,2026-09-14 01:00:00+00:00,,0.03492978119297806,,False
101990961244800083,rainfall_mm,2026-09-14 02:00:00+00:00,,0.01833382385889365,,False
101990961244800083,rainfall_mm,2026-09-14 03:00:00+00:00,,0.021397775671102508,,False
101990961244800083,rainfall_mm,2026-09-14 04:00:00+00:00,,0.09109988335678945,,False
101990961244800083,rainfall_mm,2026-09-14 05:00:00+00:00,,0.0020853323402105573,,False
101990961244800083,rainfall_mm,2026-09-14 06:00:00+00:00,,0.00038864123329936063,,False
101990961244800083,rainfall_mm,2026-09-14 07:00:00+00:00,,0.0002717777904023592,,False
101990961244800083,rainfall_mm,2026-09-14 08:00:00+00:00,,0.0005604695881502152,,False
101990961244800083,rainfall_mm,2026-09-14 09:00:00+00:00,,0.002003084520121833,,False
101990961244800083,rainfall_mm,2026-09-14 10:00:00+00:00,,0.0026523959786279487,,False
101990961244800083,rainfall_mm,2026-09-14 11:00:00+00:00,,0.006241842858341804,,False
101990961244800083,rainfall_mm,2026-09-14 12:00:00+00:00,,0.024328388013181906,,False
101990961244800083,rainfall_mm,2026-09-14 13:00:00+00:00,,0.06516651891156748,,False
101990961244800083,rainfall_mm,2026-09-14 14:00:00+00:00,,0.08067676103363623,,False
101990961244800083,rainfall_mm,2026-09-14 15:00:00+00:00,0.0,0.03958140890286814,,False
101990961244800083,rainfall_mm,2026-09-14 16:00:00+00:00,,0.01846584680481512,0.0,False
101990961244800083,rainfall_mm,2026-09-14 17:00:00+00:00,0.0,0.008870038289999209,,False
