device_id,variable,timestamp,actual,predicted,naive,used_for_metrics
101990961244800083,barometric_pressure_hpa,2026-07-16 15:00:00+00:00,874.8666666666667,874.9377758955163,874.4,True
101990961244800083,barometric_pressure_hpa,2026-07-16 16:00:00+00:00,874.875,875.4881694969276,874.8666666666667,True
101990961244800083,barometric_pressure_hpa,2026-07-16 17:00:00+00:00,875.2666666666668,875.2004492160285,874.875,True
101990961244800083,barometric_pressure_hpa,2026-07-16 18:00:00+00:00,875.65,875.9483160267258,875.2666666666668,True
101990961244800083,barometric_pressure_hpa,2026-07-16 19:00:00+00:00,875.9833333333332,876.1007650542531,875.65,True
101990961244800083,barometric_pressure_hpa,2026-07-16 20:00:00+00:00,876.125,876.1757257575314,875.9833333333332,True
101990961244800083,barometric_pressure_hpa,2026-07-16 21:00:00+00:00,876.4,876.0923922866841,876.125,True
101990961244800083,barometric_pressure_hpa,2026-07-16 22:00:00+00:00,,876.0013281377765,876.4,False
101990961244800083,barometric_pressure_hpa,2026-07-16 23:00:00+00:00,,875.5870724166715,,False
101990961244800083,barometric_pressure_hpa,2026-07-17 00:00:00+00:00,,875.3638491567557,,False
101990961244800083,barometric_pressure_hpa,2026-07-17 01:00:00+00:00,,875.4408680927645,,False
101990961244800083,barometric_pressure_hpa,2026-07-17 02:00:00+00:00,,875.7830080273868,,False
101990961244800083,barometric_pressure_hpa,2026-07-17 03:00:00+00:00,,876.2035970929006,,False
101990961244800083,barometric_pressure_hpa,2026-07-17 04:00:00+00:00,876.7,876.8167426057814,,False
101990961244800083,barometric_pressure_hpa,2026-07-17 05:00:00+00:00,876.9333333333334,877.0037152031503,876.7,True
101990961244800083,barometric_pressure_hpa,2026-07-17 06:00:00+00:00,877.2,877.2176290725579,876.9333333333334,True
101990961244800083,barometric_pressure_hpa,2026-07-17 07:00:00+00:00,877.1200000000001,877.2194292202008,877.2,True
101990961244800083,barometric_pressure_hpa,2026-07-17 08:00:00+00:00,876.65,876.7337003610133,877.1200000000001,True
101990961244800083,barometric_pressure_hpa,2026-07-17 09:00:00+00:00,875.9799999999999,876.0550375328991,876.65,True
101990961244800083,barometric_pressure_hpa,2026-07-17 10:00:00+00:00,875.1666666666666,875.2143170443086,875.9799999999999,True
101990961244800083,barometric_pressure_hpa,2026-07-17 11:00:00+00:00,874.5,874.277983876195,875.1666666666666,True
101990961244800083,barometric_pressure_hpa,2026-07-17 12:00:00+00:00,873.5200000000001,873.6972467282552,874.5,True
101990961244800083,barometric_pressure_hpa,2026-07-17 13:00:00+00:00,872.8333333333334,873.1800350565335,873.5200000000001,True
101990961244800083,barometric_pressure_hpa,2026-07-17 14:00:00+00:00,873.1,873.0244457913002,872.8333333333334,True
101990961244800083,barometric_pressure_hpa,2026-07-17 15:00:00+00:00,873.74,873.6681198625342,873.1,True
101990961244800083,barometric_pressure_hpa,2026-07-17 16:00:00+00:00,874.1833333333334,874.3325559755979,873.74,True
101990961244800083,barometric_pressure_hpa,2026-07-17 17:00:00+00:00,875.1166666666667,874.5251477942476,874.1833333333334,True
101990961244800083,barometric_pressure_hpa,2026-07-17 18:00:00+00:00,876.2,875.7634753477577,875.1166666666667,True
101990961244800083,barometric_pressure_hpa,2026-07-17 19:00:00+00:00,876.275,876.6073257869638,876.2,True
101990961244800083,barometric_pressure_hpa,2026-07-17 20:00:00+00:00,876.325,876.4476684563049,876.275,True
101990961244800083,barometric_pressure_hpa,2026-07-17 21:00:00+00:00,,876.3223393397604,876.325,False
101990961244800083,barometric_pressure_hpa,2026-07-17 22:00:00+00:00,,875.9227480090973,,False
101990961244800083,barometric_pressure_hpa,2026-07-17 23:00:00+00:00,,875.5075170924456,,False
101990961244800083,barometric_pressure_hpa,2026-07-18 00:00:00+00:00,,875.2832617468475,,False
101990961244800083,barometric_pressure_hpa,2026-07-18 01:00:00+00:00,,875.3591910392822,,False
101990961244800083,barometric_pressure_hpa,2026-07-18 02:00:00+00:00,,875.7001826300893,,False
101990961244800083,barometric_pressure_hpa,2026-07-18 03:00:00+00:00,,876.1195638262466,,False
101990961244800083,barometric_pressure_hpa,2026-07-18 04:00:00+00:00,,876.7314419765173,,False
101990961244800083,barometric_pressure_hpa,2026-07-18 05:00:00+00:00,,877.0233946191934,,False
101990961244800083,barometric_pressure_hpa,2026-07-18 06:00:00+00:00,878.4,877.311769243582,,False
101990961244800083,barometric_pressure_hpa,2026-07-18 07:00:00+00:00,878.225,878.3834366605315,878.4,True
101990961244800083,barometric_pressure_hpa,2026-07-18 08:00:00+00:00,878.25,877.7972187750844,878.225,True
101990961244800083,barometric_pressure_hpa,2026-07-18 09:00:00+00:00,878.14,877.6001447219434,878.25,True
101990961244800083,barometric_pressure_hpa,2026-07-18 10:00:00+00:00,877.35,877.3100524808516,878.14,True
101990961244800083,barometric_pressure_hpa,2026-07-18 11:00:00+00:00,876.075,876.4330605259405,877.35,True
101990961244800083,barometric_pressure_hpa,2026-07-18 12:00:00+00:00,875.25,875.2133930878007,876.075,True
101990961244800083,barometric_pressure_hpa,2026-07-18 13:00:00+00:00,875.5428571428572,874.8346621001424,875.25,True
101990961244800083,barometric_pressure_hpa,2026-07-18 14:00:00+00:00,875.9125,875.6660307212742,875.5428571428572,True
101990961244800083,barometric_pressure_hpa,2026-07-18 15:00:00+00:00,877.28,876.4166233648082,875.9125,True
101990961244800083,barometric_pressure_hpa,2026-07-18 16:00:00+00:00,876.8166666666666,877.7872705568702,877.28,True
101990961244800083,barometric_pressure_hpa,2026-07-18 17:00:00+00:00,876.0,877.1482440832453,876.8166666666666,True
101990961244800083,barometric_pressure_hpa,2026-07-18 18:00:00+00:00,876.55,876.6810683046183,876.0,True
101990961244800083,barometric_pressure_hpa,2026-07-18 19:00:00+00:00,876.8285714285713,876.9165797557703,876.55,True
101990961244800083,barometric_pressure_hpa,2026-07-18 20:00:00+00:00,876.5333333333333,876.9750967244091,876.8285714285713,True
101990961244800083,barometric_pressure_hpa,2026-07-18 21:00:00+00:00,,876.5246237258492,876.5333333333333,False
101990961244800083,barometric_pressure_hpa,2026-07-18 22:00:00+00:00,,876.1319681857818,,False
101990961244800083,barometric_pressure_hpa,2026-07-18 23:00:00+00:00,,875.7238235883214,,False
101990961244800083,barometric_pressure_hpa,2026-07-19 00:00:00+00:00,,875.5068100814746,,False
101990961244800083,barometric_pressure_hpa,2026-07-19 01:00:00+00:00,,875.5901419437191,,False
101990961244800083,barometric_pressure_hpa,2026-07-19 02:00:00+00:00,,875.9387020857621,,False
101990961244800083,barometric_pressure_hpa,2026-07-19 03:00:00+00:00,,876.365823254001,,False
101990961244800083,barometric_pressure_hpa,2026-07-19 04:00:00+00:00,876.8,876.985618534668,,False
101990961244800083,barometric_pressure_hpa,2026-07-19 05:00:00+00:00,877.1333333333333,877.1076777067498,876.8,True
101990961244800083,barometric_pressure_hpa,2026-07-19 06:00:00+00:00,877.2999999999998,877.4345403881063,877.1333333333333,True
101990961244800083,barometric_pressure_hpa,2026-07-19 07:00:00+00:00,877.2833333333333,877.2999047531254,877.2999999999998,True
101990961244800083,barometric_pressure_hpa,2026-07-19 08:00:00+00:00,876.7666666666668,876.9314786271042,877.2833333333333,True
101990961244800083,barometric_pressure_hpa,2026-07-19 09:00:00+00:00,876.125,876.2159615247156,876.7666666666668,True
101990961244800083,barometric_pressure_hpa,2026-07-19 10:00:00+00:00,875.18,875.3544384685828,876.125,True
101990961244800083,barometric_pressure_hpa,2026-07-19 11:00:00+00:00,874.35,874.2743311917088,875.18,True
101990961244800083,barometric_pressure_hpa,2026-07-19 12:00:00+00:00,873.575,873.5449244579906,874.35,True
101990961244800083,barometric_pressure_hpa,2026-07-19 13:00:00+00:00,873.26,873.2925485752278,873.575,True
101990961244800083,barometric_pressure_hpa,2026-07-19 14:00:00+00:00,873.4,873.4664231973496,873.26,True
101990961244800083,barometric_pressure_hpa,2026-07-19 15:00:00+00:00,873.96,874.0589945689616,873.4,True
101990961244800083,barometric_pressure_hpa,2026-07-19 16:00:00+00:00,874.4,874.4598673699358,873.96,True
101990961244800083,barometric_pressure_hpa,2026-07-19 17:00:00+00:00,874.6500000000001,874.6512660879263,874.4,True
101990961244800083,barometric_pressure_hpa,2026-07-19 18:00:00+00:00,874.875,875.3363949718425,874.6500000000001,True
101990961244800083,barometric_pressure_hpa,2026-07-19 19:00:00+00:00,874.9,875.2898236489666,874.875,True
101990961244800083,barometric_pressure_hpa,2026-07-19 20:00:00+00:00,874.9,875.0555899570487,874.9,True
101990961244800083,barometric_pressure_hpa,2026-07-19 21:00:00+00:00,874.7999999999998,874.9274722416807,874.9,True
101990961244800083,barometric_pressure_hpa,2026-07-19 22:00:00+00:00,,874.4464474952176,874.7999999999998,False
101990961244800083,barometric_pressure_hpa,2026-07-19 23:00:00+00:00,,874.0761941153772,,False
101990961244800083,barometric_pressure_hpa,2026-07-20 00:00:00+00:00,,873.8958875222335,,False
101990961244800083,barometric_pressure_hpa,2026-07-20 01:00:00+00:00,,874.0147682850541,,False
101990961244800083,barometric_pressure_hpa,2026-07-20 02:00:00+00:00,,874.3977451270122,,False
101990961244800083,barometric_pressure_hpa,2026-07-20 03:00:00+00:00,,874.8581755293426,,False
101990961244800083,barometric_pressure_hpa,2026-07-20 04:00:00+00:00,,875.5101958556909,,False
101990961244800083,barometric_pressure_hpa,2026-07-20 05:00:00+00:00,876.0666666666666,875.8503586588496,,False
101990961244800083,barometric_pressure_hpa,2026-07-20 06:00:00+00:00,876.3,876.37578238233,876.0666666666666,True
101990961244800083,barometric_pressure_hpa,2026-07-20 07:00:00+00:00,876.3666666666667,876.3310779780977,876.3,True
101990961244800083,barometric_pressure_hpa,2026-07-20 08:00:00+00:00,875.775,876.0041482418623,876.3666666666667,True
101990961244800083,barometric_pressure_hpa,2026-07-20 09:00:00+00:00,875.1285714285714,875.2199931134521,875.775,True
101990961244800083,barometric_pressure_hpa,2026-07-20 10:00:00+00:00,874.24,874.3645458807302,875.1285714285714,True
101990961244800083,barometric_pressure_hpa,2026-07-20 11:00:00+00:00,873.5333333333333,873.3808517931732,874.24,True
101990961244800083,barometric_pressure_hpa,2026-07-20 12:00:00+00:00,872.6500000000001,872.7519302816412,873.5333333333333,True
101990961244800083,barometric_pressure_hpa,2026-07-20 13:00:00+00:00,872.6500000000001,872.3615236600704,872.6500000000001,True
101990961244800083,barometric_pressure_hpa,2026-07-20 14:00:00+00:00,872.7166666666667,872.855806882824,872.6500000000001,True
101990961244800083,barometric_pressure_hpa,2026-07-20 15:00:00+00:00,873.5666666666666,873.3494505546214,872.7166666666667,True
101990961244800083,barometric_pressure_hpa,2026-07-20 16:00:00+00:00,873.6666666666666,874.1089675356768,873.5666666666666,True
101990961244800083,barometric_pressure_hpa,2026-07-20 17:00:00+00:00,875.1,873.9811730462746,873.6666666666666,True
101990961244800083,barometric_pressure_hpa,2026-07-20 18:00:00+00:00,874.4666666666667,875.730176891346,875.1,True
101990961244800083,barometric_pressure_hpa,2026-07-20 19:00:00+00:00,874.5333333333333,874.8551907083887,874.4666666666667,True
101990961244800083,barometric_pressure_hpa,2026-07-20 20:00:00+00:00,875.0799999999999,874.6996906287404,874.5333333333333,True
101990961244800083,barometric_pressure_hpa,2026-07-20 21:00:00+00:00,874.8,875.0878409763591,875.0799999999999,True
101990961244800083,barometric_pressure_hpa,2026-07-20 22:00:00+00:00,,874.4504150779904,874.8,False
101990961244800083,barometric_pressure_hpa,2026-07-20 23:00:00+00:00,,874.0841325996545,,False
101990961244800083,barometric_pressure_hpa,2026-07-21 00:00:00+00:00,,873.9078027916366,,False
101990961244800083,barometric_pressure_hpa,2026-07-21 01:00:00+00:00,,874.0306690690607,,False
101990961244800083,barometric_pressure_hpa,2026-07-21 02:00:00+00:00,,874.4176428533094,,False
101990961244800083,barometric_pressure_hpa,2026-07-21 03:00:00+00:00,,874.8820844981691,,False
101990961244800083,barometric_pressure_hpa,2026-07-21 04:00:00+00:00,,875.5381336664844,,False
101990961244800083,barometric_pressure_hpa,2026-07-21 05:00:00+00:00,875.1375,875.8798799553233,,False
101990961244800083,barometric_pressure_hpa,2026-07-21 06:00:00+00:00,875.5600000000001,875.4684263255195,875.1375,True
101990961244800083,barometric_pressure_hpa,2026-07-21 07:00:00+00:00,875.6,875.6154426551435,875.5600000000001,True
101990961244800083,barometric_pressure_hpa,2026-07-21 08:00:00+00:00,875.22,875.2393867545546,875.6,True
101990961244800083,barometric_pressure_hpa,2026-07-21 09:00:00+00:00,874.7125,874.6727517485756,875.22,True
101990961244800083,barometric_pressure_hpa,2026-07-21 10:00:00+00:00,873.8399999999999,873.9531735435954,874.7125,True
101990961244800083,barometric_pressure_hpa,2026-07-21 11:00:00+00:00,872.975,873.0051294879022,873.8399999999999,True
101990961244800083,barometric_pressure_hpa,2026-07-21 12:00:00+00:00,872.3399999999999,872.1964721807359,872.975,True
101990961244800083,barometric_pressure_hpa,2026-07-21 13:00:00+00:00,873.225,872.0901597641698,872.3399999999999,True
101990961244800083,barometric_pressure_hpa,2026-07-21 14:00:00+00:00,873.5571428571428,873.4031049102808,873.225,True
101990961244800083,barometric_pressure_hpa,2026-07-21 15:00:00+00:00,873.5199999999999,874.1928970593244,873.5571428571428,True
101990961244800083,barometric_pressure_hpa,2026-07-21 16:00:00+00:00,874.3,874.0211515731368,873.5199999999999,True
101990961244800083,barometric_pressure_hpa,2026-07-21 17:00:00+00:00,874.55,874.7172560300731,874.3,True
101990961244800083,barometric_pressure_hpa,2026-07-21 18:00:00+00:00,875.4,875.0798644481735,874.55,True
101990961244800083,barometric_pressure_hpa,2026-07-21 19:00:00+00:00,875.6,875.7453600885013,875.4,True
101990961244800083,barometric_pressure_hpa,2026-07-21 20:00:00+00:00,875.78,875.785220283531,875.6,True
101990961244800083,barometric_pressure_hpa,2026-07-21 21:00:00+00:00,875.7,875.7419334772799,875.78,True
101990961244800083,barometric_pressure_hpa,2026-07-21 22:00:00+00:00,,875.3157974857143,875.7,False
101990961244800083,barometric_pressure_hpa,2026-07-21 23:00:00+00:00,,874.9155191646471,,False
101990961244800083,barometric_pressure_hpa,2026-07-22 00:00:00+00:00,,874.705790948306,,False
101990961244800083,barometric_pressure_hpa,2026-07-22 01:00:00+00:00,,874.7958322823089,,False
101990961244800083,barometric_pressure_hpa,2026-07-22 02:00:00+00:00,,875.1505310360351,,False
101990961244800083,barometric_pressure_hpa,2026-07-22 03:00:00+00:00,,875.583224367625,,False
101990961244800083,barometric_pressure_hpa,2026-07-22 04:00:00+00:00,876.2,876.2080290254268,,False
101990961244800083,barometric_pressure_hpa,2026-07-22 05:00:00+00:00,876.76,876.5112357837774,876.2,True
101990961244800083,barometric_pressure_hpa,2026-07-22 06:00:00+00:00,877.225,877.0609657257111,876.76,True
101990961244800083,barometric_pressure_hpa,2026-07-22 07:00:00+00:00,877.525,877.2333618101568,877.225,True
101990961244800083,barometric_pressure_hpa,2026-07-22 08:00:00+00:00,877.15,877.1205991590803,877.525,True
101990961244800083,barometric_pressure_hpa,2026-07-22 09:00:00+00:00,876.475,876.5595247438969,877.15,True
101990961244800083,barometric_pressure_hpa,2026-07-22 10:00:00+00:00,875.65,875.6623002426144,876.475,True
101990961244800083,barometric_pressure_hpa,2026-07-22 11:00:00+00:00,874.6428571428571,874.7579779766055,875.65,True
101990961244800083,barometric_pressure_hpa,2026-07-22 12:00:00+00:00,873.65,873.8391636588573,874.6428571428571,True
101990961244800083,barometric_pressure_hpa,2026-07-22 13:00:00+00:00,873.6750000000001,873.4732441542349,873.65,True
101990961244800083,barometric_pressure_hpa,2026-07-22 14:00:00+00:00,874.7833333333333,873.8629160553207,873.6750000000001,True
101990961244800083,barometric_pressure_hpa,2026-07-22 15:00:00+00:00,874.74,875.3076163965368,874.7833333333333,True
101990961244800083,barometric_pressure_hpa,2026-07-22 16:00:00+00:00,874.8666666666667,875.2555906449966,874.74,True
101990961244800083,barometric_pressure_hpa,2026-07-22 17:00:00+00:00,875.2428571428571,875.2076581621474,874.8666666666667,True
101990961244800083,barometric_pressure_hpa,2026-07-22 18:00:00+00:00,876.0500000000001,875.8383065567633,875.2428571428571,True
101990961244800083,barometric_pressure_hpa,2026-07-22 19:00:00+00:00,876.6,876.376122629814,876.0500000000001,True
101990961244800083,barometric_pressure_hpa,2026-07-22 20:00:00+00:00,876.14,876.7435925298769,876.6,True
101990961244800083,barometric_pressure_hpa,2026-07-22 21:00:00+00:00,,876.0989840047581,876.14,False
101990961244800083,barometric_pressure_hpa,2026-07-22 22:00:00+00:00,,875.7066591607525,,False
101990961244800083,barometric_pressure_hpa,2026-07-22 23:00:00+00:00,,875.2985362008865,,False
101990961244800083,barometric_pressure_hpa,2026-07-23 00:00:00+00:00,,875.081237387647,,False
101990961244800083,barometric_pressure_hpa,2026-07-23 01:00:00+00:00,,875.1639764478807,,False
101990961244800083,barometric_pressure_hpa,2026-07-23 02:00:00+00:00,,875.5116375082854,,False
101990961244800083,barometric_pressure_hpa,2026-07-23 03:00:00+00:00,,875.9375526691019,,False
101990961244800083,barometric_pressure_hpa,2026-07-23 04:00:00+00:00,,876.5558300343381,,False
101990961244800083,barometric_pressure_hpa,2026-07-23 05:00:00+00:00,876.5799999999999,876.8946249276061,,False
101990961244800083,barometric_pressure_hpa,2026-07-23 06:00:00+00:00,876.7999999999998,876.8999653933564,876.5799999999999,True
101990961244800083,barometric_pressure_hpa,2026-07-23 07:00:00+00:00,876.8799999999999,876.8508640819969,876.7999999999998,True
101990961244800083,barometric_pressure_hpa,2026-07-23 08:00:00+00:00,876.9399999999999,876.4969296312116,876.8799999999999,True
101990961244800083,barometric_pressure_hpa,2026-07-23 09:00:00+00:00,876.4399999999999,876.3448173367991,876.9399999999999,True
101990961244800083,barometric_pressure_hpa,2026-07-23 10:00:00+00:00,875.76,875.6315939941069,876.4399999999999,True
101990961244800083,barometric_pressure_hpa,2026-07-23 11:00:00+00:00,874.86,874.8539186597246,875.76,True
101990961244800083,barometric_pressure_hpa,2026-07-23 12:00:00+00:00,874.0833333333334,874.0253027512465,874.86,True
101990961244800083,barometric_pressure_hpa,2026-07-23 13:00:00+00:00,873.6600000000001,873.871282390395,874.0833333333334,True
101990961244800083,barometric_pressure_hpa,2026-07-23 14:00:00+00:00,873.85,873.9389905176646,873.6600000000001,True
101990961244800083,barometric_pressure_hpa,2026-07-23 15:00:00+00:00,874.75,874.365541647537,873.85,True
101990961244800083,barometric_pressure_hpa,2026-07-23 16:00:00+00:00,874.5,875.2144571183353,874.75,True
101990961244800083,barometric_pressure_hpa,2026-07-23 17:00:00+00:00,875.1200000000001,874.859034982997,874.5,True
101990961244800083,barometric_pressure_hpa,2026-07-23 18:00:00+00:00,875.9714285714286,875.7306105836202,875.1200000000001,True
101990961244800083,barometric_pressure_hpa,2026-07-23 19:00:00+00:00,876.1333333333333,876.3294273943894,875.9714285714286,True
101990961244800083,barometric_pressure_hpa,2026-07-23 20:00:00+00:00,875.9,876.2253485072699,876.1333333333333,True
101990961244800083,barometric_pressure_hpa,2026-07-23 21:00:00+00:00,,875.8638486244375,875.9,False
101990961244800083,barometric_pressure_hpa,2026-07-23 22:00:00+00:00,,875.4741955572637,,False
101990961244800083,barometric_pressure_hpa,2026-07-23 23:00:00+00:00,,875.0685773628846,,False
101990961244800083,barometric_pressure_hpa,2026-07-24 00:00:00+00:00,,874.8536180685355,,False
101990961244800083,barometric_pressure_hpa,2026-07-24 01:00:00+00:00,,874.9385330725484,,False
101990961244800083,barometric_pressure_hpa,2026-07-24 02:00:00+00:00,,875.288208053496,,False
101990961244800083,barometric_pressure_hpa,2026-07-24 03:00:00+00:00,,875.7159765589976,,False
101990961244800083,barometric_pressure_hpa,2026-07-24 04:00:00+00:00,876.0,876.3359480549798,,False
101990961244800083,barometric_pressure_hpa,2026-07-24 05:00:00+00:00,876.25,876.3414813409815,876.0,True
101990961244800083,barometric_pressure_hpa,2026-07-24 06:00:00+00:00,876.8166666666666,876.5615689865828,876.25,True
101990961244800083,barometric_pressure_hpa,2026-07-24 07:00:00+00:00,877.0,876.8587409652974,876.8166666666666,True
101990961244800083,barometric_pressure_hpa,2026-07-24 08:00:00+00:00,876.8000000000001,876.6590752927632,877.0,True
101990961244800083,barometric_pressure_hpa,2026-07-24 09:00:00+00:00,876.1,876.2217400979019,876.8000000000001,True
101990961244800083,barometric_pressure_hpa,2026-07-24 10:00:00+00:00,875.18,875.314725112749,876.1,True
101990961244800083,barometric_pressure_hpa,2026-07-24 11:00:00+00:00,874.26,874.2944625726159,875.18,True
101990961244800083,barometric_pressure_hpa,2026-07-24 12:00:00+00:00,873.4399999999999,873.4544273079714,874.26,True
101990961244800083,barometric_pressure_hpa,2026-07-24 13:00:00+00:00,873.22,873.2129995581653,873.4399999999999,True
101990961244800083,barometric_pressure_hpa,2026-07-24 14:00:00+00:00,873.4200000000001,873.4650067951055,873.22,True
101990961244800083,barometric_pressure_hpa,2026-07-24 15:00:00+00:00,874.0,874.010521126134,873.4200000000001,True
101990961244800083,barometric_pressure_hpa,2026-07-24 16:00:00+00:00,875.1166666666667,874.4243903036604,874.0,True
101990961244800083,barometric_pressure_hpa,2026-07-24 17:00:00+00:00,875.0999999999999,875.485503740653,875.1166666666667,True
101990961244800083,barometric_pressure_hpa,2026-07-24 18:00:00+00:00,875.25,875.7276667905824,875.0999999999999,True
101990961244800083,barometric_pressure_hpa,2026-07-24 19:00:00+00:00,875.75,875.5980587885352,875.25,True
101990961244800083,barometric_pressure_hpa,2026-07-24 20:00:00+00:00,876.0,875.8416159168186,875.75,True
101990961244800083,barometric_pressure_hpa,2026-07-24 21:00:00+00:00,876.0,875.9582459537993,876.0,True
101990961244800083,barometric_pressure_hpa,2026-07-24 22:00:00+00:00,,875.6036337176607,876.0,False
101990961244800083,barometric_pressure_hpa,2026-07-24 23:00:00+00:00,,875.19139559098,,False
101990961244800083,barometric_pressure_hpa,2026-07-25 00:00:00+00:00,,874.9699047304108,,False
101990961244800083,barometric_pressure_hpa,2026-07-25 01:00:00+00:00,,875.0483719246265,,False
101990961244800083,barometric_pressure_hpa,2026-07-25 02:00:00+00:00,,875.3916780355386,,False
101990961244800083,barometric_pressure_hpa,2026-07-25 03:00:00+00:00,,875.8131520335414,,False
101990961244800083,barometric_pressure_hpa,2026-07-25 04:00:00+00:00,,876.4268993186992,,False
101990961244800083,barometric_pressure_hpa,2026-07-25 05:00:00+00:00,876.6285714285714,876.7461912601043,,False
101990961244800083,barometric_pressure_hpa,2026-07-25 06:00:00+00:00,877.0333333333333,876.9609141416182,876.6285714285714,True
101990961244800083,barometric_pressure_hpa,2026-07-25 07:00:00+00:00,876.9666666666667,877.0828470513603,877.0333333333333,True
101990961244800083,barometric_pressure_hpa,2026-07-25 08:00:00+00:00,876.68,876.6239790190962,876.9666666666667,True
101990961244800083,barometric_pressure_hpa,2026-07-25 09:00:00+00:00,875.9666666666667,876.0885956157085,876.68,True
101990961244800083,barometric_pressure_hpa,2026-07-25 10:00:00+00:00,875.22,875.1658359906857,875.9666666666667,True
101990961244800083,barometric_pressure_hpa,2026-07-25 11:00:00+00:00,874.3625,874.3297663589391,875.22,True
101990961244800083,barometric_pressure_hpa,2026-07-25 12:00:00+00:00,873.2166666666667,873.5507509686389,874.3625,True
101990961244800083,barometric_pressure_hpa,2026-07-25 13:00:00+00:00,872.8166666666666,873.0041591821168,873.2166666666667,True
101990961244800083,barometric_pressure_hpa,2026-07-25 14:00:00+00:00,872.78,873.0695494238339,872.8166666666666,True
101990961244800083,barometric_pressure_hpa,2026-07-25 15:00:00+00:00,873.22,873.3723256947796,872.78,True
101990961244800083,barometric_pressure_hpa,2026-07-25 16:00:00+00:00,873.76,873.7659934837658,873.22,True
101990961244800083,barometric_pressure_hpa,2026-07-25 17:00:00+00:00,874.3,874.1141845039803,873.76,True
101990961244800083,barometric_pressure_hpa,2026-07-25 18:00:00+00:00,875.075,874.8890050160354,874.3,True
101990961244800083,barometric_pressure_hpa,2026-07-25 19:00:00+00:00,875.4799999999999,875.4509123568675,875.075,True
101990961244800083,barometric_pressure_hpa,2026-07-25 20:00:00+00:00,875.8166666666666,875.6091505285592,875.4799999999999,True
101990961244800083,barometric_pressure_hpa,2026-07-25 21:00:00+00:00,875.8,875.7867194712633,875.8166666666666,True
101990961244800083,barometric_pressure_hpa,2026-07-25 22:00:00+00:00,,875.4090966440242,875.8,False
101990961244800083,barometric_pressure_hpa,2026-07-25 23:00:00+00:00,,875.0021815249918,,False
101990961244800083,barometric_pressure_hpa,2026-07-26 00:00:00+00:00,,874.7858776453671,,False
101990961244800083,barometric_pressure_hpa,2026-07-26 01:00:00+00:00,,874.8693995323707,,False
101990961244800083,barometric_pressure_hpa,2026-07-26 02:00:00+00:00,,875.2176317109283,,False
101990961244800083,barometric_pressure_hpa,2026-07-26 03:00:00+00:00,,875.6439066917355,,False
101990961244800083,barometric_pressure_hpa,2026-07-26 04:00:00+00:00,,876.2623332493872,,False
101990961244800083,barometric_pressure_hpa,2026-07-26 05:00:00+00:00,876.9200000000001,876.5876552004326,,False
101990961244800083,barometric_pressure_hpa,2026-07-26 06:00:00+00:00,876.9857142857143,877.2424399776289,876.9200000000001,True
101990961244800083,barometric_pressure_hpa,2026-07-26 07:00:00+00:00,877.2666666666668,877.0187281125528,876.9857142857143,True
101990961244800083,barometric_pressure_hpa,2026-07-26 08:00:00+00:00,876.9666666666667,876.9156130183494,877.2666666666668,True
101990961244800083,barometric_pressure_hpa,2026-07-26 09:00:00+00:00,876.1200000000001,876.3595342655556,876.9666666666667,True
101990961244800083,barometric_pressure_hpa,2026-07-26 10:00:00+00:00,875.14,875.3258344419647,876.1200000000001,True
101990961244800083,barometric_pressure_hpa,2026-07-26 11:00:00+00:00,874.3,874.2566620489329,875.14,True
101990961244800083,barometric_pressure_hpa,2026-07-26 12:00:00+00:00,873.5,873.4555074078835,874.3,True
101990961244800083,barometric_pressure_hpa,2026-07-26 13:00:00+00:00,872.9799999999999,873.2604938084638,873.5,True
101990961244800083,barometric_pressure_hpa,2026-07-26 14:00:00+00:00,872.8399999999999,873.2001804437939,872.9799999999999,True
101990961244800083,barometric_pressure_hpa,2026-07-26 15:00:00+00:00,872.8,873.4146446052417,872.8399999999999,True
101990961244800083,barometric_pressure_hpa,2026-07-26 16:00:00+00:00,873.26,873.3306106982607,872.8,True
101990961244800083,barometric_pressure_hpa,2026-07-26 17:00:00+00:00,873.78,873.6614670421167,873.26,True
101990961244800083,barometric_pressure_hpa,2026-07-26 18:00:00+00:00,874.3799999999999,874.4204962837077,873.78,True
101990961244800083,barometric_pressure_hpa,2026-07-26 19:00:00+00:00,874.8,874.7717098414665,874.3799999999999,True
101990961244800083,barometric_pressure_hpa,2026-07-26 20:00:00+00:00,874.9,874.963274753593,874.8,True
101990961244800083,barometric_pressure_hpa,2026-07-26 21:00:00+00:00,874.8,874.8939131237433,874.9,True
101990961244800083,barometric_pressure_hpa,2026-07-26 22:00:00+00:00,,874.4407372807124,874.8,False
101990961244800083,barometric_pressure_hpa,2026-07-26 23:00:00+00:00,,874.0647671179692,,False
101990961244800083,barometric_pressure_hpa,2026-07-27 00:00:00+00:00,,873.878734588909,,False
101990961244800083,barometric_pressure_hpa,2026-07-27 01:00:00+00:00,,873.9918759402082,,False
101990961244800083,barometric_pressure_hpa,2026-07-27 02:00:00+00:00,,874.3690969182124,,False
101990961244800083,barometric_pressure_hpa,2026-07-27 03:00:00+00:00,,874.8237508674922,,False
101990961244800083,barometric_pressure_hpa,2026-07-27 04:00:00+00:00,,875.4699671229215,,False
101990961244800083,barometric_pressure_hpa,2026-07-27 05:00:00+00:00,874.9,875.8223547350744,,False
101990961244800083,barometric_pressure_hpa,2026-07-27 06:00:00+00:00,875.3,875.2456468993242,874.9,True
101990961244800083,barometric_pressure_hpa,2026-07-27 07:00:00+00:00,875.6,875.407902013457,875.3,True
101990961244800083,barometric_pressure_hpa,2026-07-27 08:00:00+00:00,875.5,875.2959293045111,875.6,True
101990961244800083,barometric_pressure_hpa,2026-07-27 09:00:00+00:00,874.7,874.9116502993141,875.5,True
101990961244800083,barometric_pressure_hpa,2026-07-27 10:00:00+00:00,,873.9221185838544,874.7,False
101990961244800083,barometric_pressure_hpa,2026-07-27 11:00:00+00:00,873.1,873.0743175164142,,False
101990961244800083,barometric_pressure_hpa,2026-07-27 12:00:00+00:00,872.8,872.305025156676,873.1,True
101990961244800083,barometric_pressure_hpa,2026-07-27 13:00:00+00:00,872.6,872.5571246173157,872.8,True
101990961244800083,barometric_pressure_hpa,2026-07-27 14:00:00+00:00,,872.8041078861976,872.6,False
101990961244800083,barometric_pressure_hpa,2026-07-27 15:00:00+00:00,874.2,873.3215589354699,,False
101990961244800083,barometric_pressure_hpa,2026-07-27 16:00:00+00:00,874.2,874.6853135166875,874.2,True
101990961244800083,barometric_pressure_hpa,2026-07-27 17:00:00+00:00,874.375,874.5823358152751,874.2,True
101990961244800083,barometric_pressure_hpa,2026-07-27 18:00:00+00:00,874.8,874.9890552087784,874.375,True
101990961244800083,barometric_pressure_hpa,2026-07-27 19:00:00+00:00,,875.182190337181,874.8,False
101990961244800083,barometric_pressure_hpa,2026-07-27 20:00:00+00:00,,875.320391976693,,False
101990961244800083,barometric_pressure_hpa,2026-07-27 21:00:00+00:00,,875.2929392579217,,False
101990961244800083,barometric_pressure_hpa,2026-07-27 22:00:00+00:00,,874.906959713565,,False
101990961244800083,barometric_pressure_hpa,2026-07-27 23:00:00+00:00,,874.5046076037329,,False
101990961244800083,barometric_pressure_hpa,2026-07-28 00:00:00+00:00,,874.2925091627171,,False
101990961244800083,barometric_pressure_hpa,2026-07-28 01:00:00+00:00,,874.3798819226312,,False
101990961244800083,barometric_pressure_hpa,2026-07-28 02:00:00+00:00,,874.7316131641285,,False
101990961244800083,barometric_pressure_hpa,2026-07-28 03:00:00+00:00,,875.1610379126355,,False
101990961244800083,barometric_pressure_hpa,2026-07-28 04:00:00+00:00,,875.782267236133,,False
101990961244800083,barometric_pressure_hpa,2026-07-28 05:00:00+00:00,,876.1100698600046,,False
101990961244800083,barometric_pressure_hpa,2026-07-28 06:00:00+00:00,,876.4393376151334,,False
101990961244800083,barometric_pressure_hpa,2026-07-28 07:00:00+00:00,,876.5276432569965,,False
101990961244800083,barometric_pressure_hpa,2026-07-28 08:00:00+00:00,,876.2182212766771,,False
101990961244800083,barometric_pressure_hpa,2026-07-28 09:00:00+00:00,,875.5983873034351,,False
101990961244800083,barometric_pressure_hpa,2026-07-28 10:00:00+00:00,,874.8052772539702,,False
101990961244800083,barometric_pressure_hpa,2026-07-28 11:00:00+00:00,,873.9337297677745,,False
101990961244800083,barometric_pressure_hpa,2026-07-28 12:00:00+00:00,,873.1671231994321,,False
101990961244800083,barometric_pressure_hpa,2026-07-28 13:00:00+00:00,,872.9303101108617,,False
101990961244800083,barometric_pressure_hpa,2026-07-28 14:00:00+00:00,,873.1860652599586,,False
101990961244800083,barometric_pressure_hpa,2026-07-28 15:00:00+00:00,,873.7647661822934,,False
101990961244800083,barometric_pressure_hpa,2026-07-28 16:00:00+00:00,,874.2137510961992,,False
101990961244800083,barometric_pressure_hpa,2026-07-28 17:00:00+00:00,,874.5691787767742,,False
101990961244800083,barometric_pressure_hpa,2026-07-28 18:00:00+00:00,,875.159666640628,,False
101990961244800083,barometric_pressure_hpa,2026-07-28 19:00:00+00:00,,875.5311750651879,,False
101990961244800083,barometric_pressure_hpa,2026-07-28 20:00:00+00:00,,875.6622593548575,,False
101990961244800083,barometric_pressure_hpa,2026-07-28 21:00:00+00:00,,875.6294245089337,,False
101990961244800083,barometric_pressure_hpa,2026-07-28 22:00:00+00:00,,875.2389536187235,,False
101990961244800083,barometric_pressure_hpa,2026-07-28 23:00:00+00:00,,874.8323487627611,,False
101990961244800083,barometric_pressure_hpa,2026-07-29 00:00:00+00:00,,874.6162331189444,,False
101990961244800083,barometric_pressure_hpa,2026-07-29 01:00:00+00:00,,874.6998213322754,,False
101990961244800083,barometric_pressure_hpa,2026-07-29 02:00:00+00:00,,875.047997963503,,False
101990961244800083,barometric_pressure_hpa,2026-07-29 03:00:00+00:00,,875.474095483401,,False
101990961244800083,barometric_pressure_hpa,2026-07-29 04:00:00+00:00,,876.0922225687142,,False
101990961244800083,barometric_pressure_hpa,2026-07-29 05:00:00+00:00,,876.4171458324802,,False
101990961244800083,barometric_pressure_hpa,2026-07-29 06:00:00+00:00,,876.736596672948,,False
101990961244800083,barometric_pressure_hpa,2026-07-29 07:00:00+00:00,,876.8090956063036,,False
101990961244800083,barometric_pressure_hpa,2026-07-29 08:00:00+00:00,,876.4841394485097,,False
101990961244800083,barometric_pressure_hpa,2026-07-29 09:00:00+00:00,,875.865985712677,,False
101990961244800083,barometric_pressure_hpa,2026-07-29 10:00:00+00:00,876.3,875.0656089697055,,False
101990961244800083,barometric_pressure_hpa,2026-07-29 11:00:00+00:00,875.6,875.3919641225892,876.3,True
101990961244800083,barometric_pressure_hpa,2026-07-29 12:00:00+00:00,874.8,874.7737198034143,875.6,True
101990961244800083,barometric_pressure_hpa,2026-07-29 13:00:00+00:00,874.5,874.522762605782,874.8,True
101990961244800083,barometric_pressure_hpa,2026-07-29 14:00:00+00:00,874.4666666666667,874.7017327389981,874.5,True
101990961244800083,barometric_pressure_hpa,2026-07-29 15:00:00+00:00,874.9,874.9996087634952,874.4666666666667,True
101990961244800083,barometric_pressure_hpa,2026-07-29 16:00:00+00:00,876.54,875.342463303635,874.9,True
101990961244800083,barometric_pressure_hpa,2026-07-29 17:00:00+00:00,876.6,876.8459972282847,876.54,True
101990961244800083,barometric_pressure_hpa,2026-07-29 18:00:00+00:00,,877.1486085088934,876.6,False
101990961244800083,barometric_pressure_hpa,2026-07-29 19:00:00+00:00,,877.4737290773045,,False
101990961244800083,barometric_pressure_hpa,2026-07-29 20:00:00+00:00,,877.5599665768732,,False
101990961244800083,barometric_pressure_hpa,2026-07-29 21:00:00+00:00,,877.4837139697586,,False
101990961244800083,barometric_pressure_hpa,2026-07-29 22:00:00+00:00,,877.0511865449917,,False
101990961244800083,barometric_pressure_hpa,2026-07-29 23:00:00+00:00,,876.6038275881009,,False
101990961244800083,barometric_pressure_hpa,2026-07-30 00:00:00+00:00,,876.348230984276,,False
101990961244800083,barometric_pressure_hpa,2026-07-30 01:00:00+00:00,,876.3935830045355,,False
101990961244800083,barometric_pressure_hpa,2026-07-30 02:00:00+00:00,,876.7047407272852,,False
101990961244800083,barometric_pressure_hpa,2026-07-30 03:00:00+00:00,,877.0950100182891,,False
101990961244800083,barometric_pressure_hpa,2026-07-30 04:00:00+00:00,,877.6784738112366,,False
101990961244800083,barometric_pressure_hpa,2026-07-30 05:00:00+00:00,,877.9698714872637,,False
101990961244800083,barometric_pressure_hpa,2026-07-30 06:00:00+00:00,,878.2566009573967,,False
101990961244800083,barometric_pressure_hpa,2026-07-30 07:00:00+00:00,,878.297199558052,,False
101990961244800083,barometric_pressure_hpa,2026-07-30 08:00:00+00:00,,877.9414242525839,,False
101990961244800083,barometric_pressure_hpa,2026-07-30 09:00:00+00:00,,877.294242208467,,False
101990961244800083,barometric_pressure_hpa,2026-07-30 10:00:00+00:00,,876.4651760235473,,False
101990961244800083,barometric_pressure_hpa,2026-07-30 11:00:00+00:00,,875.5744273597212,,False
101990961244800083,barometric_pressure_hpa,2026-07-30 12:00:00+00:00,,874.7493290317532,,False
101990961244800083,barometric_pressure_hpa,2026-07-30 13:00:00+00:00,,874.4693243895407,,False
101990961244800083,barometric_pressure_hpa,2026-07-30 14:00:00+00:00,,874.6434893784511,,False
101990961244800083,barometric_pressure_hpa,2026-07-30 15:00:00+00:00,,875.1582077495192,,False
101990961244800083,barometric_pressure_hpa,2026-07-30 16:00:00+00:00,,875.724254351446,,False
101990961244800083,barometric_pressure_hpa,2026-07-30 17:00:00+00:00,,876.023630826149,,False
101990961244800083,barometric_pressure_hpa,2026-07-30 18:00:00+00:00,,876.5861550773178,,False
101990961244800083,barometric_pressure_hpa,2026-07-30 19:00:00+00:00,,876.9244025765837,,False
101990961244800083,barometric_pressure_hpa,2026-07-30 20:00:00+00:00,,877.023378556939,,False
101990961244800083,barometric_pressure_hpa,2026-07-30 21:00:00+00:00,,876.9594816432653,,False
101990961244800083,barometric_pressure_hpa,2026-07-30 22:00:00+00:00,,876.5389343952866,,False
101990961244800083,barometric_pressure_hpa,2026-07-30 23:00:00+00:00,,876.1031874661933,,False
101990961244800083,barometric_pressure_hpa,2026-07-31 00:00:00+00:00,,875.8588430865893,,False
101990961244800083,barometric_pressure_hpa,2026-07-31 01:00:00+00:00,,875.9150956143211,,False
101990961244800083,barometric_pressure_hpa,2026-07-31 02:00:00+00:00,,876.2368099618482,,False
101990961244800083,barometric_pressure_hpa,2026-07-31 03:00:00+00:00,,876.637299581844,,False
101990961244800083,barometric_pressure_hpa,2026-07-31 04:00:00+00:00,,877.2306547532162,,False
101990961244800083,barometric_pressure_hpa,2026-07-31 05:00:00+00:00,,877.5316219661308,,False
101990961244800083,barometric_pressure_hpa,2026-07-31 06:00:00+00:00,,877.8275923052491,,False
101990961244800083,barometric_pressure_hpa,2026-07-31 07:00:00+00:00,,877.877111576207,,False
101990961244800083,barometric_pressure_hpa,2026-07-31 08:00:00+00:00,,877.5299551644315,,False
101990961244800083,barometric_pressure_hpa,2026-07-31 09:00:00+00:00,,876.8911288854579,,False
101990961244800083,barometric_pressure_hpa,2026-07-31 10:00:00+00:00,,876.0701115963558,,False
101990961244800083,barometric_pressure_hpa,2026-07-31 11:00:00+00:00,,875.1816581614522,,False
101990961244800083,barometric_pressure_hpa,2026-07-31 12:00:00+00:00,,874.36582139106,,False
101990961244800083,barometric_pressure_hpa,2026-07-31 13:00:00+00:00,,874.0967772900132,,False
101990961244800083,barometric_pressure_hpa,2026-07-31 14:00:00+00:00,,874.289839974281,,False
101990961244800083,barometric_pressure_hpa,2026-07-31 15:00:00+00:00,,874.8176784038942,,False
101990961244800083,barometric_pressure_hpa,2026-07-31 16:00:00+00:00,,875.3460419664133,,False
101990961244800083,barometric_pressure_hpa,2026-07-31 17:00:00+00:00,,875.6649521792198,,False
101990961244800083,barometric_pressure_hpa,2026-07-31 18:00:00+00:00,,876.2369057905008,,False
101990961244800083,barometric_pressure_hpa,2026-07-31 19:00:00+00:00,,876.5843148220179,,False
101990961244800083,barometric_pressure_hpa,2026-07-31 20:00:00+00:00,,876.6922081955195,,False
101990961244800083,barometric_pressure_hpa,2026-07-31 21:00:00+00:00,,876.6369907919037,,False
101990961244800083,barometric_pressure_hpa,2026-07-31 22:00:00+00:00,,876.2248913383381,,False
101990961244800083,barometric_pressure_hpa,2026-07-31 23:00:00+00:00,,875.7973665049773,,False
101990961244800083,barometric_pressure_hpa,2026-08-01 00:00:00+00:00,,875.5610244315386,,False
101990961244800083,barometric_pressure_hpa,2026-08-01 01:00:00+00:00,,875.6250652270226,,False
101990961244800083,barometric_pressure_hpa,2026-08-01 02:00:00+00:00,,875.9543594012159,,False
101990961244800083,barometric_pressure_hpa,2026-08-01 03:00:00+00:00,,876.3622258543154,,False
101990961244800083,barometric_pressure_hpa,2026-08-01 04:00:00+00:00,,876.9627601668632,,False
101990961244800083,barometric_pressure_hpa,2026-08-01 05:00:00+00:00,,877.2707139885911,,False
101990961244800083,barometric_pressure_hpa,2026-08-01 06:00:00+00:00,,877.5734828257515,,False
101990961244800083,barometric_pressure_hpa,2026-08-01 07:00:00+00:00,,877.6296174499515,,False
101990961244800083,barometric_pressure_hpa,2026-08-01 08:00:00+00:00,,877.2888985265075,,False
101990961244800083,barometric_pressure_hpa,2026-08-01 09:00:00+00:00,875.3666666666667,876.6563379174645,,False
101990961244800083,barometric_pressure_hpa,2026-08-01 10:00:00+00:00,,874.5814873895974,875.3666666666667,False
101990961244800083,barometric_pressure_hpa,2026-08-01 11:00:00+00:00,873.7,873.7272359498618,,False
101990961244800083,barometric_pressure_hpa,2026-08-01 12:00:00+00:00,,872.9183769718361,873.7,False
101990961244800083,barometric_pressure_hpa,2026-08-01 13:00:00+00:00,873.0,872.6825926922788,,False
101990961244800083,barometric_pressure_hpa,2026-08-01 14:00:00+00:00,873.0,873.2171413347405,873.0,True
101990961244800083,barometric_pressure_hpa,2026-08-01 15:00:00+00:00,874.2,873.5571101748159,873.0,True
101990961244800083,barometric_pressure_hpa,2026-08-01 16:00:00+00:00,874.8,874.7368472072089,874.2,True
101990961244800083,barometric_pressure_hpa,2026-08-01 17:00:00+00:00,875.8,875.12777588876,874.8,True
101990961244800083,barometric_pressure_hpa,2026-08-01 18:00:00+00:00,875.8,876.3606501606157,875.8,True
101990961244800083,barometric_pressure_hpa,2026-08-01 19:00:00+00:00,876.6,876.1512980893565,875.8,True
101990961244800083,barometric_pressure_hpa,2026-08-01 20:00:00+00:00,,876.6991792515657,876.6,False
101990961244800083,barometric_pressure_hpa,2026-08-01 21:00:00+00:00,,876.6352527410592,,False
101990961244800083,barometric_pressure_hpa,2026-08-01 22:00:00+00:00,,876.2144426343829,,False
101990961244800083,barometric_pressure_hpa,2026-08-01 23:00:00+00:00,,875.7781996285618,,False
101990961244800083,barometric_pressure_hpa,2026-08-02 00:00:00+00:00,,875.5331256038601,,False
101990961244800083,barometric_pressure_hpa,2026-08-02 01:00:00+00:00,,875.5884143933722,,False
101990961244800083,barometric_pressure_hpa,2026-08-02 02:00:00+00:00,,875.9089302211142,,False
101990961244800083,barometric_pressure_hpa,2026-08-02 03:00:00+00:00,,876.3079856783983,,False
101990961244800083,barometric_pressure_hpa,2026-08-02 04:00:00+00:00,,876.8996700029365,,False
101990961244800083,barometric_pressure_hpa,2026-08-02 05:00:00+00:00,,877.1987323955958,,False
101990961244800083,barometric_pressure_hpa,2026-08-02 06:00:00+00:00,877.3666666666667,877.4925555796235,,False
101990961244800083,barometric_pressure_hpa,2026-08-02 07:00:00+00:00,877.4,877.4173440737931,877.3666666666667,True
101990961244800083,barometric_pressure_hpa,2026-08-02 08:00:00+00:00,876.5,877.0541637367473,877.4,True
101990961244800083,barometric_pressure_hpa,2026-08-02 09:00:00+00:00,876.0999999999999,875.8778672859971,876.5,True
101990961244800083,barometric_pressure_hpa,2026-08-02 10:00:00+00:00,875.2,875.2949668955104,876.0999999999999,True
101990961244800083,barometric_pressure_hpa,2026-08-02 11:00:00+00:00,874.8,874.3298658563597,875.2,True
101990961244800083,barometric_pressure_hpa,2026-08-02 12:00:00+00:00,873.3,874.0088900689899,874.8,True
101990961244800083,barometric_pressure_hpa,2026-08-02 13:00:00+00:00,873.1500000000001,873.0791628839485,873.3,True
101990961244800083,barometric_pressure_hpa,2026-08-02 14:00:00+00:00,873.6999999999999,873.3382381027131,873.1500000000001,True
101990961244800083,barometric_pressure_hpa,2026-08-02 15:00:00+00:00,,874.3149565338587,873.6999999999999,False
101990961244800083,barometric_pressure_hpa,2026-08-02 16:00:00+00:00,,874.8576866196577,,False
101990961244800083,barometric_pressure_hpa,2026-08-02 17:00:00+00:00,874.9,875.263624154985,,False
101990961244800083,barometric_pressure_hpa,2026-08-02 18:00:00+00:00,,875.4193541731712,874.9,False
101990961244800083,barometric_pressure_hpa,2026-08-02 19:00:00+00:00,,875.8382210711683,,False
101990961244800083,barometric_pressure_hpa,2026-08-02 20:00:00+00:00,,875.9586082722187,,False
101990961244800083,barometric_pressure_hpa,2026-08-02 21:00:00+00:00,,875.9153574565521,,False
101990961244800083,barometric_pressure_hpa,2026-08-02 22:00:00+00:00,,875.5147057059614,,False
101990961244800083,barometric_pressure_hpa,2026-08-02 23:00:00+00:00,,875.0981181644904,,False
101990961244800083,barometric_pressure_hpa,2026-08-03 00:00:00+00:00,,874.8722108384451,,False
101990961244800083,barometric_pressure_hpa,2026-08-03 01:00:00+00:00,,874.9461913362735,,False
101990961244800083,barometric_pressure_hpa,2026-08-03 02:00:00+00:00,,875.2849373149317,,False
101990961244800083,barometric_pressure_hpa,2026-08-03 03:00:00+00:00,,875.701774467506,,False
101990961244800083,barometric_pressure_hpa,2026-08-03 04:00:00+00:00,,876.3108048125564,,False
101990961244800083,barometric_pressure_hpa,2026-08-03 05:00:00+00:00,877.05,876.626789503595,,False
101990961244800083,barometric_pressure_hpa,2026-08-03 06:00:00+00:00,,877.3480731380772,877.05,False
101990961244800083,barometric_pressure_hpa,2026-08-03 07:00:00+00:00,877.2333333333332,877.3998337004672,,False
101990961244800083,barometric_pressure_hpa,2026-08-03 08:00:00+00:00,876.8,876.8264039622313,877.2333333333332,True
101990961244800083,barometric_pressure_hpa,2026-08-03 09:00:00+00:00,875.8,876.1994917605869,876.8,True
101990961244800083,barometric_pressure_hpa,2026-08-03 10:00:00+00:00,,874.9896150457449,875.8,False
101990961244800083,barometric_pressure_hpa,2026-08-03 11:00:00+00:00,874.8,874.1805109147718,,False
101990961244800083,barometric_pressure_hpa,2026-08-03 12:00:00+00:00,873.4,873.9205941037364,874.8,True
101990961244800083,barometric_pressure_hpa,2026-08-03 13:00:00+00:00,872.9,873.1779630375862,873.4,True
101990961244800083,barometric_pressure_hpa,2026-08-03 14:00:00+00:00,,873.1444402374547,872.9,False
101990961244800083,barometric_pressure_hpa,2026-08-03 15:00:00+00:00,875.6,873.7357572363403,,False
101990961244800083,barometric_pressure_hpa,2026-08-03 16:00:00+00:00,875.5,876.0884273715587,875.6,True
101990961244800083,barometric_pressure_hpa,2026-08-03 17:00:00+00:00,875.6,875.8472081952698,875.5,True
101990961244800083,barometric_pressure_hpa,2026-08-03 18:00:00+00:00,875.6999999999999,876.1263941954242,875.6,True
101990961244800083,barometric_pressure_hpa,2026-08-03 19:00:00+00:00,876.4,876.0988921792817,875.6999999999999,True
101990961244800083,barometric_pressure_hpa,2026-08-03 20:00:00+00:00,,876.5104782863591,876.4,False
101990961244800083,barometric_pressure_hpa,2026-08-03 21:00:00+00:00,,876.4577308820902,,False
101990961244800083,barometric_pressure_hpa,2026-08-03 22:00:00+00:00,,876.0479725139558,,False
101990961244800083,barometric_pressure_hpa,2026-08-03 23:00:00+00:00,,875.6226616513675,,False
101990961244800083,barometric_pressure_hpa,2026-08-04 00:00:00+00:00,,875.3884080037934,,False
101990961244800083,barometric_pressure_hpa,2026-08-04 01:00:00+00:00,,875.454413167342,,False
101990961244800083,barometric_pressure_hpa,2026-08-04 02:00:00+00:00,,875.7855490641729,,False
101990961244800083,barometric_pressure_hpa,2026-08-04 03:00:00+00:00,,876.1951359181057,,False
101990961244800083,barometric_pressure_hpa,2026-08-04 04:00:00+00:00,,876.7972705445898,,False
101990961244800083,barometric_pressure_hpa,2026-08-04 05:00:00+00:00,,877.1067063527905,,False
101990961244800083,barometric_pressure_hpa,2026-08-04 06:00:00+00:00,,877.3937077140295,,False
101990961244800083,barometric_pressure_hpa,2026-08-04 07:00:00+00:00,,877.4351986852232,,False
101990961244800083,barometric_pressure_hpa,2026-08-04 08:00:00+00:00,,877.0412362363124,,False
101990961244800083,barometric_pressure_hpa,2026-08-04 09:00:00+00:00,,876.3787293506331,,False
101990961244800083,barometric_pressure_hpa,2026-08-04 10:00:00+00:00,,875.5917304114894,,False
101990961244800083,barometric_pressure_hpa,2026-08-04 11:00:00+00:00,,874.7835913491008,,False
101990961244800083,barometric_pressure_hpa,2026-08-04 12:00:00+00:00,,873.8735456923665,,False
101990961244800083,barometric_pressure_hpa,2026-08-04 13:00:00+00:00,,873.6045022394611,,False
101990961244800083,barometric_pressure_hpa,2026-08-04 14:00:00+00:00,,873.9190318899658,,False
101990961244800083,barometric_pressure_hpa,2026-08-04 15:00:00+00:00,,874.6064542033441,,False
101990961244800083,barometric_pressure_hpa,2026-08-04 16:00:00+00:00,,875.0600814109818,,False
101990961244800083,barometric_pressure_hpa,2026-08-04 17:00:00+00:00,,875.3948385357517,,False
101990961244800083,barometric_pressure_hpa,2026-08-04 18:00:00+00:00,,875.8746578299945,,False
101990961244800083,barometric_pressure_hpa,2026-08-04 19:00:00+00:00,,876.3037990215221,,False
101990961244800083,barometric_pressure_hpa,2026-08-04 20:00:00+00:00,,876.4154022685468,,False
101990961244800083,barometric_pressure_hpa,2026-08-04 21:00:00+00:00,,876.3637114950404,,False
101990961244800083,barometric_pressure_hpa,2026-08-04 22:00:00+00:00,,875.9549421871519,,False
101990961244800083,barometric_pressure_hpa,2026-08-04 23:00:00+00:00,,875.5305535251177,,False
101990961244800083,barometric_pressure_hpa,2026-08-05 00:00:00+00:00,,875.2971558811794,,False
101990961244800083,barometric_pressure_hpa,2026-08-05 01:00:00+00:00,,875.363951466644,,False
101990961244800083,barometric_pressure_hpa,2026-08-05 02:00:00+00:00,,875.6958127717376,,False
101990961244800083,barometric_pressure_hpa,2026-08-05 03:00:00+00:00,,876.106060541621,,False
101990961244800083,barometric_pressure_hpa,2026-08-05 04:00:00+00:00,,876.7087920667352,,False
101990961244800083,barometric_pressure_hpa,2026-08-05 05:00:00+00:00,,877.0187611852292,,False
101990961244800083,barometric_pressure_hpa,2026-08-05 06:00:00+00:00,,877.3113388896725,,False
101990961244800083,barometric_pressure_hpa,2026-08-05 07:00:00+00:00,,877.3583252848223,,False
101990961244800083,barometric_pressure_hpa,2026-08-05 08:00:00+00:00,,876.9683524920129,,False
101990961244800083,barometric_pressure_hpa,2026-08-05 09:00:00+00:00,,876.3228192243344,,False
101990961244800083,barometric_pressure_hpa,2026-08-05 10:00:00+00:00,,875.5254228402732,,False
101990961244800083,barometric_pressure_hpa,2026-08-05 11:00:00+00:00,,874.7058823235468,,False
101990961244800083,barometric_pressure_hpa,2026-08-05 12:00:00+00:00,876.4,873.8193104677249,,False
101990961244800083,barometric_pressure_hpa,2026-08-05 13:00:00+00:00,,876.0819457115796,876.4,False
101990961244800083,barometric_pressure_hpa,2026-08-05 14:00:00+00:00,,876.3019553802565,,False
101990961244800083,barometric_pressure_hpa,2026-08-05 15:00:00+00:00,876.2,876.8971690554989,,False
101990961244800083,barometric_pressure_hpa,2026-08-05 16:00:00+00:00,876.0,876.6431546388812,876.2,True
101990961244800083,barometric_pressure_hpa,2026-08-05 17:00:00+00:00,,876.3295806150522,876.0,False
101990961244800083,barometric_pressure_hpa,2026-08-05 18:00:00+00:00,,876.8097337936881,,False
101990961244800083,barometric_pressure_hpa,2026-08-05 19:00:00+00:00,,877.2113919117455,,False
101990961244800083,barometric_pressure_hpa,2026-08-05 20:00:00+00:00,,877.3131890528202,,False
101990961244800083,barometric_pressure_hpa,2026-08-05 21:00:00+00:00,,877.2523375403953,,False
101990961244800083,barometric_pressure_hpa,2026-08-05 22:00:00+00:00,,876.8350462410701,,False
101990961244800083,barometric_pressure_hpa,2026-08-05 23:00:00+00:00,,876.4027681110567,,False
101990961244800083,barometric_pressure_hpa,2026-08-06 00:00:00+00:00,,876.162107850025,,False
101990961244800083,barometric_pressure_hpa,2026-08-06 01:00:00+00:00,,876.2222624496362,,False
101990961244800083,barometric_pressure_hpa,2026-08-06 02:00:00+00:00,,876.5480996258719,,False
101990961244800083,barometric_pressure_hpa,2026-08-06 03:00:00+00:00,,876.9529357944297,,False
101990961244800083,barometric_pressure_hpa,2026-08-06 04:00:00+00:00,,877.5508643601464,,False
101990961244800083,barometric_pressure_hpa,2026-08-06 05:00:00+00:00,,877.856634350217,,False
101990961244800083,barometric_pressure_hpa,2026-08-06 06:00:00+00:00,,878.1457370946108,,False
101990961244800083,barometric_pressure_hpa,2026-08-06 07:00:00+00:00,,878.1898594563152,,False
101990961244800083,barometric_pressure_hpa,2026-08-06 08:00:00+00:00,,877.7975550887259,,False
101990961244800083,barometric_pressure_hpa,2026-08-06 09:00:00+00:00,,877.1508566449887,,False
101990961244800083,barometric_pressure_hpa,2026-08-06 10:00:00+00:00,,876.3516093052506,,False
101990961244800083,barometric_pressure_hpa,2026-08-06 11:00:00+00:00,,875.5306730102031,,False
101990961244800083,barometric_pressure_hpa,2026-08-06 12:00:00+00:00,,874.6455720621537,,False
101990961244800083,barometric_pressure_hpa,2026-08-06 13:00:00+00:00,,874.3444323418066,,False
101990961244800083,barometric_pressure_hpa,2026-08-06 14:00:00+00:00,,874.5784707728305,,False
101990961244800083,barometric_pressure_hpa,2026-08-06 15:00:00+00:00,,875.1866894168012,,False
101990961244800083,barometric_pressure_hpa,2026-08-06 16:00:00+00:00,,875.5787021714816,,False
101990961244800083,barometric_pressure_hpa,2026-08-06 17:00:00+00:00,,875.9164659728838,,False
101990961244800083,barometric_pressure_hpa,2026-08-06 18:00:00+00:00,,876.4047806456497,,False
101990961244800083,barometric_pressure_hpa,2026-08-06 19:00:00+00:00,,876.8130633123869,,False
101990961244800083,barometric_pressure_hpa,2026-08-06 20:00:00+00:00,,876.9216194472892,,False
101990961244800083,barometric_pressure_hpa,2026-08-06 21:00:00+00:00,,876.8672455126839,,False
101990961244800083,barometric_pressure_hpa,2026-08-06 22:00:00+00:00,,876.4561550305218,,False
101990961244800083,barometric_pressure_hpa,2026-08-06 23:00:00+00:00,,876.0298054134618,,False
101990961244800083,barometric_pressure_hpa,2026-08-07 00:00:00+00:00,,875.7948056219194,,False
101990961244800083,barometric_pressure_hpa,2026-08-07 01:00:00+00:00,,875.8603567156621,,False
101990961244800083,barometric_pressure_hpa,2026-08-07 02:00:00+00:00,,876.1913302890619,,False
101990961244800083,barometric_pressure_hpa,2026-08-07 03:00:00+00:00,,876.6010464492784,,False
101990961244800083,barometric_pressure_hpa,2026-08-07 04:00:00+00:00,,877.2036021083356,,False
101990961244800083,barometric_pressure_hpa,2026-08-07 05:00:00+00:00,,877.5137496188604,,False
101990961244800083,barometric_pressure_hpa,2026-08-07 06:00:00+00:00,,877.8069933161767,,False
101990961244800083,barometric_pressure_hpa,2026-08-07 07:00:00+00:00,,877.8550131380349,,False
101990961244800083,barometric_pressure_hpa,2026-08-07 08:00:00+00:00,,877.4663628045989,,False
101990961244800083,barometric_pressure_hpa,2026-08-07 09:00:00+00:00,,876.8231053279218,,False
101990961244800083,barometric_pressure_hpa,2026-08-07 10:00:00+00:00,,876.0270110724131,,False
101990961244800083,barometric_pressure_hpa,2026-08-07 11:00:00+00:00,,875.2089927458802,,False
101990961244800083,barometric_pressure_hpa,2026-08-07 12:00:00+00:00,,874.3266455063152,,False
101990961244800083,barometric_pressure_hpa,2026-08-07 13:00:00+00:00,,874.04282525144,,False
101990961244800083,barometric_pressure_hpa,2026-08-07 14:00:00+00:00,,874.2938753868457,,False
101990961244800083,barometric_pressure_hpa,2026-08-07 15:00:00+00:00,,874.9189023353714,,False
101990961244800083,barometric_pressure_hpa,2026-08-07 16:00:00+00:00,,875.3427283885939,,False
101990961244800083,barometric_pressure_hpa,2026-08-07 17:00:00+00:00,,875.6866044850848,,False
101990961244800083,barometric_pressure_hpa,2026-08-07 18:00:00+00:00,,876.1808782958074,,False
101990961244800083,barometric_pressure_hpa,2026-08-07 19:00:00+00:00,,876.5949046716635,,False
101990961244800083,barometric_pressure_hpa,2026-08-07 20:00:00+00:00,,876.7090661358636,,False
101990961244800083,barometric_pressure_hpa,2026-08-07 21:00:00+00:00,,876.6601447712419,,False
101990961244800083,barometric_pressure_hpa,2026-08-07 22:00:00+00:00,,876.2543580184408,,False
101990961244800083,barometric_pressure_hpa,2026-08-07 23:00:00+00:00,,875.8331671018407,,False
101990961244800083,barometric_pressure_hpa,2026-08-08 00:00:00+00:00,,875.6031846893485,,False
101990961244800083,barometric_pressure_hpa,2026-08-08 01:00:00+00:00,,875.673615446657,,False
101990961244800083,barometric_pressure_hpa,2026-08-08 02:00:00+00:00,,876.0093344750893,,False
101990961244800083,barometric_pressure_hpa,2026-08-08 03:00:00+00:00,,876.4236652923022,,False
101990961244800083,barometric_pressure_hpa,2026-08-08 04:00:00+00:00,,877.0307081268138,,False
101990961244800083,barometric_pressure_hpa,2026-08-08 05:00:00+00:00,,877.3452185561258,,False
101990961244800083,barometric_pressure_hpa,2026-08-08 06:00:00+00:00,,877.6427044825153,,False
101990961244800083,barometric_pressure_hpa,2026-08-08 07:00:00+00:00,,877.6948484593505,,False
101990961244800083,barometric_pressure_hpa,2026-08-08 08:00:00+00:00,,877.3102070511371,,False
101990961244800083,barometric_pressure_hpa,2026-08-08 09:00:00+00:00,,876.6708473645016,,False
101990961244800083,barometric_pressure_hpa,2026-08-08 10:00:00+00:00,,875.878539183483,,False
101990961244800083,barometric_pressure_hpa,2026-08-08 11:00:00+00:00,,875.0642001464951,,False
101990961244800083,barometric_pressure_hpa,2026-08-08 12:00:00+00:00,,874.1854310642246,,False
101990961244800083,barometric_pressure_hpa,2026-08-08 13:00:00+00:00,,873.9057348110172,,False
101990961244800083,barometric_pressure_hpa,2026-08-08 14:00:00+00:00,,874.1608064413863,,False
101990961244800083,barometric_pressure_hpa,2026-08-08 15:00:00+00:00,,874.7897592996153,,False
101990961244800083,barometric_pressure_hpa,2026-08-08 16:00:00+00:00,,875.2180833925995,,False
101990961244800083,barometric_pressure_hpa,2026-08-08 17:00:00+00:00,,875.5652508562769,,False
101990961244800083,barometric_pressure_hpa,2026-08-08 18:00:00+00:00,,876.0627293457558,,False
101990961244800083,barometric_pressure_hpa,2026-08-08 19:00:00+00:00,,876.4798731031003,,False
101990961244800083,barometric_pressure_hpa,2026-08-08 20:00:00+00:00,,876.5970700825047,,False
101990961244800083,barometric_pressure_hpa,2026-08-08 21:00:00+00:00,,876.5511037429732,,False
101990961244800083,barometric_pressure_hpa,2026-08-08 22:00:00+00:00,,876.1481936488864,,False
101990961244800083,barometric_pressure_hpa,2026-08-08 23:00:00+00:00,,875.729803092042,,False
101990961244800083,barometric_pressure_hpa,2026-08-09 00:00:00+00:00,,875.5025467529294,,False
101990961244800083,barometric_pressure_hpa,2026-08-09 01:00:00+00:00,,875.5756312564351,,False
101990961244800083,barometric_pressure_hpa,2026-08-09 02:00:00+00:00,,875.9139336110951,,False
101990961244800083,barometric_pressure_hpa,2026-08-09 03:00:00+00:00,,876.3307791911694,,False
101990961244800083,barometric_pressure_hpa,2026-08-09 04:00:00+00:00,,876.9402700325036,,False
101990961244800083,barometric_pressure_hpa,2026-08-09 05:00:00+00:00,,877.2571634719502,,False
101990961244800083,barometric_pressure_hpa,2026-08-09 06:00:00+00:00,,877.5569691432993,,False
101990961244800083,barometric_pressure_hpa,2026-08-09 07:00:00+00:00,,877.6113712481349,,False
101990961244800083,barometric_pressure_hpa,2026-08-09 08:00:00+00:00,,877.2289279686157,,False
101990961244800083,barometric_pressure_hpa,2026-08-09 09:00:00+00:00,,876.5917080442259,,False
101990961244800083,barometric_pressure_hpa,2026-08-09 10:00:00+00:00,,875.8014826488641,,False
101990961244800083,barometric_pressure_hpa,2026-08-09 11:00:00+00:00,,874.9891710144931,,False
101990961244800083,barometric_pressure_hpa,2026-08-09 12:00:00+00:00,,874.112375540498,,False
101990961244800083,barometric_pressure_hpa,2026-08-09 13:00:00+00:00,,873.8346287146876,,False
101990961244800083,barometric_pressure_hpa,2026-08-09 14:00:00+00:00,,874.091598495214,,False
101990961244800083,barometric_pressure_hpa,2026-08-09 15:00:00+00:00,,874.7223997669183,,False
101990961244800083,barometric_pressure_hpa,2026-08-09 16:00:00+00:00,,875.1525529566413,,False
101990961244800083,barometric_pressure_hpa,2026-08-09 17:00:00+00:00,,875.5014535443643,,False
101990961244800083,barometric_pressure_hpa,2026-08-09 18:00:00+00:00,,876.0006193306381,,False
101990961244800083,barometric_pressure_hpa,2026-08-09 19:00:00+00:00,,876.4194056427546,,False
101990961244800083,barometric_pressure_hpa,2026-08-09 20:00:00+00:00,,876.5382017549897,,False
101990961244800083,barometric_pressure_hpa,2026-08-09 21:00:00+00:00,,876.4937922403836,,False
101990961244800083,barometric_pressure_hpa,2026-08-09 22:00:00+00:00,,876.0923977821872,,False
101990961244800083,barometric_pressure_hpa,2026-08-09 23:00:00+00:00,,875.6754827614657,,False
101990961244800083,barometric_pressure_hpa,2026-08-10 00:00:00+00:00,,875.4496629191575,,False
101990961244800083,barometric_pressure_hpa,2026-08-10 01:00:00+00:00,,875.5241459125407,,False
101990961244800083,barometric_pressure_hpa,2026-08-10 02:00:00+00:00,,875.8638097552277,,False
101990961244800083,barometric_pressure_hpa,2026-08-10 03:00:00+00:00,,876.2819807999626,,False
101990961244800083,barometric_pressure_hpa,2026-08-10 04:00:00+00:00,,876.8927620351851,,False
101990961244800083,barometric_pressure_hpa,2026-08-10 05:00:00+00:00,,877.2109117251372,,False
101990961244800083,barometric_pressure_hpa,2026-08-10 06:00:00+00:00,,877.5119404072857,,False
101990961244800083,barometric_pressure_hpa,2026-08-10 07:00:00+00:00,,877.5675331613475,,False
101990961244800083,barometric_pressure_hpa,2026-08-10 08:00:00+00:00,,877.1862490249562,,False
101990961244800083,barometric_pressure_hpa,2026-08-10 09:00:00+00:00,,876.5501575729802,,False
101990961244800083,barometric_pressure_hpa,2026-08-10 10:00:00+00:00,,875.7610307838628,,False
101990961244800083,barometric_pressure_hpa,2026-08-10 11:00:00+00:00,,874.949788683351,,False
101990961244800083,barometric_pressure_hpa,2026-08-10 12:00:00+00:00,,874.0740344452493,,False
101990961244800083,barometric_pressure_hpa,2026-08-10 13:00:00+00:00,,873.7973025393252,,False
101990961244800083,barometric_pressure_hpa,2026-08-10 14:00:00+00:00,,874.0552604062765,,False
101990961244800083,barometric_pressure_hpa,2026-08-10 15:00:00+00:00,,874.6870236487864,,False
101990961244800083,barometric_pressure_hpa,2026-08-10 16:00:00+00:00,,875.1181146579111,,False
101990961244800083,barometric_pressure_hpa,2026-08-10 17:00:00+00:00,,875.4679261761382,,False
101990961244800083,barometric_pressure_hpa,2026-08-10 18:00:00+00:00,,875.9679787982392,,False
101990961244800083,barometric_pressure_hpa,2026-08-10 19:00:00+00:00,,876.3876284832885,,False
101990961244800083,barometric_pressure_hpa,2026-08-10 20:00:00+00:00,,876.5072651321651,,False
101990961244800083,barometric_pressure_hpa,2026-08-10 21:00:00+00:00,,876.46367392045,,False
101990961244800083,barometric_pressure_hpa,2026-08-10 22:00:00+00:00,,876.0630761194977,,False
101990961244800083,barometric_pressure_hpa,2026-08-10 23:00:00+00:00,,875.646936682921,,False
101990961244800083,barometric_pressure_hpa,2026-08-11 00:00:00+00:00,,875.4218719090603,,False
101990961244800083,barometric_pressure_hpa,2026-08-11 01:00:00+00:00,,875.4970899978517,,False
101990961244800083,barometric_pressure_hpa,2026-08-11 02:00:00+00:00,,875.8374694912112,,False
101990961244800083,barometric_pressure_hpa,2026-08-11 03:00:00+00:00,,876.2563372562116,,False
101990961244800083,barometric_pressure_hpa,2026-08-11 04:00:00+00:00,,876.8677967820167,,False
101990961244800083,barometric_pressure_hpa,2026-08-11 05:00:00+00:00,,877.186606820347,,False
101990961244800083,barometric_pressure_hpa,2026-08-11 06:00:00+00:00,,877.4882783832893,,False
101990961244800083,barometric_pressure_hpa,2026-08-11 07:00:00+00:00,,877.5444970125543,,False
101990961244800083,barometric_pressure_hpa,2026-08-11 08:00:00+00:00,,877.1638221955741,,False
101990961244800083,barometric_pressure_hpa,2026-08-11 09:00:00+00:00,,876.5283239452285,,False
101990961244800083,barometric_pressure_hpa,2026-08-11 10:00:00+00:00,,875.7397746660041,,False
101990961244800083,barometric_pressure_hpa,2026-08-11 11:00:00+00:00,,874.9290947988817,,False
101990961244800083,barometric_pressure_hpa,2026-08-11 12:00:00+00:00,,874.0538879219878,,False
101990961244800083,barometric_pressure_hpa,2026-08-11 13:00:00+00:00,,873.7776889524472,,False
101990961244800083,barometric_pressure_hpa,2026-08-11 14:00:00+00:00,,874.0361656594175,,False
101990961244800083,barometric_pressure_hpa,2026-08-11 15:00:00+00:00,,874.668434018803,,False
101990961244800083,barometric_pressure_hpa,2026-08-11 16:00:00+00:00,,875.1000168403733,,False
101990961244800083,barometric_pressure_hpa,2026-08-11 17:00:00+00:00,,875.45030707081,,False
101990961244800083,barometric_pressure_hpa,2026-08-11 18:00:00+00:00,,875.9508257425416,,False
101990961244800083,barometric_pressure_hpa,2026-08-11 19:00:00+00:00,,876.3709291493427,,False
101990961244800083,barometric_pressure_hpa,2026-08-11 20:00:00+00:00,,876.4910075184433,,False
101990961244800083,barometric_pressure_hpa,2026-08-11 21:00:00+00:00,,876.4478463428156,,False
101990961244800083,barometric_pressure_hpa,2026-08-11 22:00:00+00:00,,876.0476672028756,,False
101990961244800083,barometric_pressure_hpa,2026-08-11 23:00:00+00:00,,875.6319353531221,,False
101990961244800083,barometric_pressure_hpa,2026-08-12 00:00:00+00:00,,875.4072673848231,,False
101990961244800083,barometric_pressure_hpa,2026-08-12 01:00:00+00:00,,875.4828717830936,,False
101990961244800083,barometric_pressure_hpa,2026-08-12 02:00:00+00:00,,875.8236273674853,,False
101990961244800083,barometric_pressure_hpa,2026-08-12 03:00:00+00:00,,876.2428612753627,,False
101990961244800083,barometric_pressure_hpa,2026-08-12 04:00:00+00:00,,876.8546772590317,,False
101990961244800083,barometric_pressure_hpa,2026-08-12 05:00:00+00:00,,877.1738343263946,,False
101990961244800083,barometric_pressure_hpa,2026-08-12 06:00:00+00:00,,877.475843738945,,False
101990961244800083,barometric_pressure_hpa,2026-08-12 07:00:00+00:00,,877.5323912811999,,False
101990961244800083,barometric_pressure_hpa,2026-08-12 08:00:00+00:00,,877.1520366769769,,False
101990961244800083,barometric_pressure_hpa,2026-08-12 09:00:00+00:00,,876.5168501692929,,False
101990961244800083,barometric_pressure_hpa,2026-08-12 10:00:00+00:00,,875.7286043866673,,False
101990961244800083,barometric_pressure_hpa,2026-08-12 11:00:00+00:00,,874.9182199882081,,False
101990961244800083,barometric_pressure_hpa,2026-08-12 12:00:00+00:00,,874.0433007644025,,False
101990961244800083,barometric_pressure_hpa,2026-08-12 13:00:00+00:00,874.6,873.7673818414695,,False
101990961244800083,barometric_pressure_hpa,2026-08-12 14:00:00+00:00,,874.840506724264,874.6,False
101990961244800083,barometric_pressure_hpa,2026-08-12 15:00:00+00:00,,875.4553764840919,,False
101990961244800083,barometric_pressure_hpa,2026-08-12 16:00:00+00:00,875.7,875.870199147853,,False
101990961244800083,barometric_pressure_hpa,2026-08-12 17:00:00+00:00,876.3,876.0391023574998,875.7,True
101990961244800083,barometric_pressure_hpa,2026-08-12 18:00:00+00:00,,876.782504881867,876.3,False
101990961244800083,barometric_pressure_hpa,2026-08-12 19:00:00+00:00,,877.185213140999,,False
101990961244800083,barometric_pressure_hpa,2026-08-12 20:00:00+00:00,,877.2885380227265,,False
101990961244800083,barometric_pressure_hpa,2026-08-12 21:00:00+00:00,,877.2291965356925,,False
101990961244800083,barometric_pressure_hpa,2026-08-12 22:00:00+00:00,,876.8133985263889,,False
101990961244800083,barometric_pressure_hpa,2026-08-12 23:00:00+00:00,,876.3825981251825,,False
101990961244800083,barometric_pressure_hpa,2026-08-13 00:00:00+00:00,,876.1434010957976,,False
101990961244800083,barometric_pressure_hpa,2026-08-13 01:00:00+00:00,,876.2050054813011,,False
101990961244800083,barometric_pressure_hpa,2026-08-13 02:00:00+00:00,,876.5322800410692,,False
101990961244800083,barometric_pressure_hpa,2026-08-13 03:00:00+00:00,,876.9385422238281,,False
101990961244800083,barometric_pressure_hpa,2026-08-13 04:00:00+00:00,,877.5378864556328,,False
101990961244800083,barometric_pressure_hpa,2026-08-13 05:00:00+00:00,,877.8450641397862,,False
101990961244800083,barometric_pressure_hpa,2026-08-13 06:00:00+00:00,,878.1355745374808,,False
101990961244800083,barometric_pressure_hpa,2026-08-13 07:00:00+00:00,,878.181097283911,,False
101990961244800083,barometric_pressure_hpa,2026-08-13 08:00:00+00:00,,877.7901862842643,,False
101990961244800083,barometric_pressure_hpa,2026-08-13 09:00:00+00:00,878.2,877.1449019733284,,False
101990961244800083,barometric_pressure_hpa,2026-08-13 10:00:00+00:00,877.475,877.3713199324782,878.2,True
101990961244800083,barometric_pressure_hpa,2026-08-13 11:00:00+00:00,876.25,876.6220680768826,877.475,True
101990961244800083,barometric_pressure_hpa,2026-08-13 12:00:00+00:00,875.575,875.3451979425628,876.25,True
101990961244800083,barometric_pressure_hpa,2026-08-13 13:00:00+00:00,875.2,875.2638347594142,875.575,True
101990961244800083,barometric_pressure_hpa,2026-08-13 14:00:00+00:00,876.225,875.415333136291,875.2,True
101990961244800083,barometric_pressure_hpa,2026-08-13 15:00:00+00:00,876.55,876.7833895699192,876.225,True
101990961244800083,barometric_pressure_hpa,2026-08-13 16:00:00+00:00,877.175,876.9223171910401,876.55,True
101990961244800083,barometric_pressure_hpa,2026-08-13 17:00:00+00:00,877.3399999999999,877.5095582107575,877.175,True
101990961244800083,barometric_pressure_hpa,2026-08-13 18:00:00+00:00,877.125,877.8016170889803,877.3399999999999,True
101990961244800083,barometric_pressure_hpa,2026-08-13 19:00:00+00:00,877.8,877.5266225018174,877.125,True
101990961244800083,barometric_pressure_hpa,2026-08-13 20:00:00+00:00,877.725,877.8949437953004,877.8,True
101990961244800083,barometric_pressure_hpa,2026-08-13 21:00:00+00:00,877.4,877.6626920791581,877.725,True
101990961244800083,barometric_pressure_hpa,2026-08-13 22:00:00+00:00,,876.9895687056691,877.4,False
101990961244800083,barometric_pressure_hpa,2026-08-13 23:00:00+00:00,,876.5642619182859,,False
101990961244800083,barometric_pressure_hpa,2026-08-14 00:00:00+00:00,,876.3306891719105,,False
101990961244800083,barometric_pressure_hpa,2026-08-14 01:00:00+00:00,,876.3980525582142,,False
101990961244800083,barometric_pressure_hpa,2026-08-14 02:00:00+00:00,,876.7312248592186,,False
101990961244800083,barometric_pressure_hpa,2026-08-14 03:00:00+00:00,,877.14352776228,,False
101990961244800083,barometric_pressure_hpa,2026-08-14 04:00:00+00:00,877.3,877.7490603262628,,False
101990961244800083,barometric_pressure_hpa,2026-08-14 05:00:00+00:00,877.9,877.6294465277731,877.3,True
101990961244800083,barometric_pressure_hpa,2026-08-14 06:00:00+00:00,878.1666666666666,878.2011601301906,877.9,True
101990961244800083,barometric_pressure_hpa,2026-08-14 07:00:00+00:00,878.025,878.2236432254067,878.1666666666666,True
101990961244800083,barometric_pressure_hpa,2026-08-14 08:00:00+00:00,877.4799999999999,877.6514516313019,878.025,True
101990961244800083,barometric_pressure_hpa,2026-08-14 09:00:00+00:00,876.7666666666668,876.8571765558515,877.4799999999999,True
101990961244800083,barometric_pressure_hpa,2026-08-14 10:00:00+00:00,876.075,875.9940451782655,876.7666666666668,True
101990961244800083,barometric_pressure_hpa,2026-08-14 11:00:00+00:00,875.3,875.2045380846856,876.075,True
101990961244800083,barometric_pressure_hpa,2026-08-14 12:00:00+00:00,874.4,874.4530914766649,875.3,True
101990961244800083,barometric_pressure_hpa,2026-08-14 13:00:00+00:00,874.0,874.1101210179577,874.4,True
101990961244800083,barometric_pressure_hpa,2026-08-14 14:00:00+00:00,873.975,874.3646781301422,874.0,True
101990961244800083,barometric_pressure_hpa,2026-08-14 15:00:00+00:00,874.25,874.5657264743672,873.975,True
101990961244800083,barometric_pressure_hpa,2026-08-14 16:00:00+00:00,874.475,874.7235111197085,874.25,True
101990961244800083,barometric_pressure_hpa,2026-08-14 17:00:00+00:00,874.72,874.8504112922217,874.475,True
101990961244800083,barometric_pressure_hpa,2026-08-14 18:00:00+00:00,875.35,875.1505988540421,874.72,True
101990961244800083,barometric_pressure_hpa,2026-08-14 19:00:00+00:00,875.8499999999999,875.8387758607112,875.35,True
101990961244800083,barometric_pressure_hpa,2026-08-14 20:00:00+00:00,875.9399999999999,875.9688824428705,875.8499999999999,True
101990961244800083,barometric_pressure_hpa,2026-08-14 21:00:00+00:00,875.6,875.8802895037136,875.9399999999999,True
101990961244800083,barometric_pressure_hpa,2026-08-14 22:00:00+00:00,,875.2251487935267,875.6,False
101990961244800083,barometric_pressure_hpa,2026-08-14 23:00:00+00:00,,874.8341506953489,,False
101990961244800083,barometric_pressure_hpa,2026-08-15 00:00:00+00:00,,874.6336419576498,,False
101990961244800083,barometric_pressure_hpa,2026-08-15 01:00:00+00:00,,874.7328481164008,,False
101990961244800083,barometric_pressure_hpa,2026-08-15 02:00:00+00:00,,875.0966664289701,,False
101990961244800083,barometric_pressure_hpa,2026-08-15 03:00:00+00:00,,875.538440607607,,False
101990961244800083,barometric_pressure_hpa,2026-08-15 04:00:00+00:00,876.2,876.1722869058256,,False
101990961244800083,barometric_pressure_hpa,2026-08-15 05:00:00+00:00,876.6,876.6066223456147,876.2,True
101990961244800083,barometric_pressure_hpa,2026-08-15 06:00:00+00:00,876.975,876.9291271356385,876.6,True
101990961244800083,barometric_pressure_hpa,2026-08-15 07:00:00+00:00,876.9,877.0309585788133,876.975,True
101990961244800083,barometric_pressure_hpa,2026-08-15 08:00:00+00:00,876.575,876.5280153816807,876.9,True
101990961244800083,barometric_pressure_hpa,2026-08-15 09:00:00+00:00,876.05,875.959449327259,876.575,True
101990961244800083,barometric_pressure_hpa,2026-08-15 10:00:00+00:00,875.225,875.3041902666239,876.05,True
101990961244800083,barometric_pressure_hpa,2026-08-15 11:00:00+00:00,874.1666666666666,874.4051455891411,875.225,True
101990961244800083,barometric_pressure_hpa,2026-08-15 12:00:00+00:00,873.675,873.3353969223114,874.1666666666666,True
101990961244800083,barometric_pressure_hpa,2026-08-15 13:00:00+00:00,873.125,873.3931434077109,873.675,True
101990961244800083,barometric_pressure_hpa,2026-08-15 14:00:00+00:00,873.26,873.4338828068944,873.125,True
101990961244800083,barometric_pressure_hpa,2026-08-15 15:00:00+00:00,873.9799999999999,873.8387442957883,873.26,True
101990961244800083,barometric_pressure_hpa,2026-08-15 16:00:00+00:00,874.32,874.4196034978916,873.9799999999999,True
101990961244800083,barometric_pressure_hpa,2026-08-15 17:00:00+00:00,874.725,874.6890396875013,874.32,True
101990961244800083,barometric_pressure_hpa,2026-08-15 18:00:00+00:00,875.275,875.2084497658672,874.725,True
101990961244800083,barometric_pressure_hpa,2026-08-15 19:00:00+00:00,875.76,875.7575021085452,875.275,True
101990961244800083,barometric_pressure_hpa,2026-08-15 20:00:00+00:00,875.8,875.8836892432967,875.76,True
101990961244800083,barometric_pressure_hpa,2026-08-15 21:00:00+00:00,875.8499999999999,875.7107034352775,875.8,True
101990961244800083,barometric_pressure_hpa,2026-08-15 22:00:00+00:00,,875.4712335416357,875.8499999999999,False
101990961244800083,barometric_pressure_hpa,2026-08-15 23:00:00+00:00,,875.0764970408052,,False
101990961244800083,barometric_pressure_hpa,2026-08-16 00:00:00+00:00,,874.8724240683216,,False
101990961244800083,barometric_pressure_hpa,2026-08-16 01:00:00+00:00,,874.9682376100683,,False
101990961244800083,barometric_pressure_hpa,2026-08-16 02:00:00+00:00,,875.3288324770162,,False
101990961244800083,barometric_pressure_hpa,2026-08-16 03:00:00+00:00,,875.7675500647656,,False
101990961244800083,barometric_pressure_hpa,2026-08-16 04:00:00+00:00,,876.3985044505707,,False
101990961244800083,barometric_pressure_hpa,2026-08-16 05:00:00+00:00,876.8,876.788982923164,,False
101990961244800083,barometric_pressure_hpa,2026-08-16 06:00:00+00:00,877.24,877.1320388807944,876.8,True
101990961244800083,barometric_pressure_hpa,2026-08-16 07:00:00+00:00,877.325,877.2772470555002,877.24,True
101990961244800083,barometric_pressure_hpa,2026-08-16 08:00:00+00:00,877.0,876.9541943508935,877.325,True
101990961244800083,barometric_pressure_hpa,2026-08-16 09:00:00+00:00,876.5200000000001,876.3887122781612,877.0,True
101990961244800083,barometric_pressure_hpa,2026-08-16 10:00:00+00:00,875.625,875.7485112080308,876.5200000000001,True
101990961244800083,barometric_pressure_hpa,2026-08-16 11:00:00+00:00,874.775,874.76030666261,875.625,True
101990961244800083,barometric_pressure_hpa,2026-08-16 12:00:00+00:00,873.9499999999999,873.9733819427311,874.775,True
101990961244800083,barometric_pressure_hpa,2026-08-16 13:00:00+00:00,873.3333333333334,873.6306476886988,873.9499999999999,True
101990961244800083,barometric_pressure_hpa,2026-08-16 14:00:00+00:00,873.7,873.6276825695627,873.3333333333334,True
101990961244800083,barometric_pressure_hpa,2026-08-16 15:00:00+00:00,874.125,874.2980268281999,873.7,True
101990961244800083,barometric_pressure_hpa,2026-08-16 16:00:00+00:00,874.875,874.5575996250058,874.125,True
101990961244800083,barometric_pressure_hpa,2026-08-16 17:00:00+00:00,875.1,875.2389222003484,874.875,True
101990961244800083,barometric_pressure_hpa,2026-08-16 18:00:00+00:00,875.8,875.5757581221708,875.1,True
101990961244800083,barometric_pressure_hpa,2026-08-16 19:00:00+00:00,876.525,876.2677385540497,875.8,True
101990961244800083,barometric_pressure_hpa,2026-08-16 20:00:00+00:00,876.7,876.6172528962253,876.525,True
101990961244800083,barometric_pressure_hpa,2026-08-16 21:00:00+00:00,876.6,876.6172105934606,876.7,True
101990961244800083,barometric_pressure_hpa,2026-08-16 22:00:00+00:00,,876.2008069387084,876.6,False
101990961244800083,barometric_pressure_hpa,2026-08-16 23:00:00+00:00,,875.7861681468337,,False
101990961244800083,barometric_pressure_hpa,2026-08-17 00:00:00+00:00,,875.5627029059386,,False
101990961244800083,barometric_pressure_hpa,2026-08-17 01:00:00+00:00,,875.639620273541,,False
101990961244800083,barometric_pressure_hpa,2026-08-17 02:00:00+00:00,,875.9818014803761,,False
101990961244800083,barometric_pressure_hpa,2026-08-17 03:00:00+00:00,,876.4025746883852,,False
101990961244800083,barometric_pressure_hpa,2026-08-17 04:00:00+00:00,,877.016041077928,,False
101990961244800083,barometric_pressure_hpa,2026-08-17 05:00:00+00:00,876.725,877.3893430914429,,False
101990961244800083,barometric_pressure_hpa,2026-08-17 06:00:00+00:00,877.2333333333332,877.0728938000705,876.725,True
101990961244800083,barometric_pressure_hpa,2026-08-17 07:00:00+00:00,877.3399999999999,877.2823988564296,877.2333333333332,True
101990961244800083,barometric_pressure_hpa,2026-08-17 08:00:00+00:00,876.9,876.9736316534936,877.3399999999999,True
101990961244800083,barometric_pressure_hpa,2026-08-17 09:00:00+00:00,876.1,876.3061797257997,876.9,True
101990961244800083,barometric_pressure_hpa,2026-08-17 10:00:00+00:00,875.14,875.327117038694,876.1,True
101990961244800083,barometric_pressure_hpa,2026-08-17 11:00:00+00:00,873.875,874.3001677628151,875.14,True
101990961244800083,barometric_pressure_hpa,2026-08-17 12:00:00+00:00,873.9399999999999,873.0827837176596,873.875,True
101990961244800083,barometric_pressure_hpa,2026-08-17 13:00:00+00:00,873.55,873.5936628471732,873.9399999999999,True
101990961244800083,barometric_pressure_hpa,2026-08-17 14:00:00+00:00,874.625,873.855254054151,873.55,True
101990961244800083,barometric_pressure_hpa,2026-08-17 15:00:00+00:00,875.025,875.1683621182456,874.625,True
101990961244800083,barometric_pressure_hpa,2026-08-17 16:00:00+00:00,875.0,875.4761804506722,875.025,True
101990961244800083,barometric_pressure_hpa,2026-08-17 17:00:00+00:00,875.4499999999999,875.3429408634785,875.0,True
101990961244800083,barometric_pressure_hpa,2026-08-17 18:00:00+00:00,875.9,875.9428034158489,875.4499999999999,True
101990961244800083,barometric_pressure_hpa,2026-08-17 19:00:00+00:00,876.26,876.3988463703106,875.9,True
101990961244800083,barometric_pressure_hpa,2026-08-17 20:00:00+00:00,876.74,876.3745878280585,876.26,True
101990961244800083,barometric_pressure_hpa,2026-08-17 21:00:00+00:00,876.5,876.6498705840152,876.74,True
101990961244800083,barometric_pressure_hpa,2026-08-17 22:00:00+00:00,,876.0929059955392,876.5,False
101990961244800083,barometric_pressure_hpa,2026-08-17 23:00:00+00:00,,875.670288667368,,False
101990961244800083,barometric_pressure_hpa,2026-08-18 00:00:00+00:00,,875.4387615914949,,False
101990961244800083,barometric_pressure_hpa,2026-08-18 01:00:00+00:00,,875.5075280504661,,False
101990961244800083,barometric_pressure_hpa,2026-08-18 02:00:00+00:00,,875.841463415699,,False
101990961244800083,barometric_pressure_hpa,2026-08-18 03:00:00+00:00,,876.253889922955,,False
101990961244800083,barometric_pressure_hpa,2026-08-18 04:00:00+00:00,,876.8589027573503,,False
101990961244800083,barometric_pressure_hpa,2026-08-18 05:00:00+00:00,877.125,877.2235970464419,,False
101990961244800083,barometric_pressure_hpa,2026-08-18 06:00:00+00:00,877.3499999999999,877.4796377074625,877.125,True
101990961244800083,barometric_pressure_hpa,2026-08-18 07:00:00+00:00,877.0,877.4024519449412,877.3499999999999,True
101990961244800083,barometric_pressure_hpa,2026-08-18 08:00:00+00:00,876.625,876.6321035126863,877.0,True
101990961244800083,barometric_pressure_hpa,2026-08-18 09:00:00+00:00,875.95,876.0072300255034,876.625,True
101990961244800083,barometric_pressure_hpa,2026-08-18 10:00:00+00:00,874.7142857142857,875.1635732505019,875.95,True
101990961244800083,barometric_pressure_hpa,2026-08-18 11:00:00+00:00,873.78,873.8338731523208,874.7142857142857,True
101990961244800083,barometric_pressure_hpa,2026-08-18 12:00:00+00:00,873.1750000000001,873.0966558200822,873.78,True
101990961244800083,barometric_pressure_hpa,2026-08-18 13:00:00+00:00,872.8,872.8554963110694,873.1750000000001,True
101990961244800083,barometric_pressure_hpa,2026-08-18 14:00:00+00:00,873.74,873.2182477451018,872.8,True
101990961244800083,barometric_pressure_hpa,2026-08-18 15:00:00+00:00,874.55,874.2949334079079,873.74,True
101990961244800083,barometric_pressure_hpa,2026-08-18 16:00:00+00:00,874.8499999999999,874.9439056851298,874.55,True
101990961244800083,barometric_pressure_hpa,2026-08-18 17:00:00+00:00,874.725,875.2153080009151,874.8499999999999,True
101990961244800083,barometric_pressure_hpa,2026-08-18 18:00:00+00:00,875.2,875.2235998210638,874.725,True
101990961244800083,barometric_pressure_hpa,2026-08-18 19:00:00+00:00,876.025,875.6907052521152,875.2,True
101990961244800083,barometric_pressure_hpa,2026-08-18 20:00:00+00:00,876.05,876.1914698804292,876.025,True
101990961244800083,barometric_pressure_hpa,2026-08-18 21:00:00+00:00,,875.9594225519357,876.05,False
101990961244800083,barometric_pressure_hpa,2026-08-18 22:00:00+00:00,,875.5690382023392,,False
101990961244800083,barometric_pressure_hpa,2026-08-18 23:00:00+00:00,,875.1627540471677,,False
101990961244800083,barometric_pressure_hpa,2026-08-19 00:00:00+00:00,,874.9471953915086,,False
101990961244800083,barometric_pressure_hpa,2026-08-19 01:00:00+00:00,,875.031576988698,,False
101990961244800083,barometric_pressure_hpa,2026-08-19 02:00:00+00:00,,875.3807854322806,,False
101990961244800083,barometric_pressure_hpa,2026-08-19 03:00:00+00:00,,875.8081539345817,,False
101990961244800083,barometric_pressure_hpa,2026-08-19 04:00:00+00:00,,876.4277884200138,,False
101990961244800083,barometric_pressure_hpa,2026-08-19 05:00:00+00:00,877.0,876.8068011991716,,False
101990961244800083,barometric_pressure_hpa,2026-08-19 06:00:00+00:00,877.55,877.3359385881677,877.0,True
101990961244800083,barometric_pressure_hpa,2026-08-19 07:00:00+00:00,877.8,877.5434813778612,877.55,True
101990961244800083,barometric_pressure_hpa,2026-08-19 08:00:00+00:00,877.8666666666667,877.4123731320676,877.8,True
101990961244800083,barometric_pressure_hpa,2026-08-19 09:00:00+00:00,,877.2154511602944,877.8666666666667,False
101990961244800083,barometric_pressure_hpa,2026-08-19 10:00:00+00:00,876.35,876.347101139681,,False
101990961244800083,barometric_pressure_hpa,2026-08-19 11:00:00+00:00,874.8,875.4352602117399,876.35,True
101990961244800083,barometric_pressure_hpa,2026-08-19 12:00:00+00:00,873.9,874.0658876833871,874.8,True
101990961244800083,barometric_pressure_hpa,2026-08-19 13:00:00+00:00,,873.5562099275008,873.9,False
101990961244800083,barometric_pressure_hpa,2026-08-19 14:00:00+00:00,873.4,873.9864911592475,,False
101990961244800083,barometric_pressure_hpa,2026-08-19 15:00:00+00:00,,874.0018262574685,873.4,False
101990961244800083,barometric_pressure_hpa,2026-08-19 16:00:00+00:00,,874.4174758824556,,False
101990961244800083,barometric_pressure_hpa,2026-08-19 17:00:00+00:00,875.5,874.7327126334393,,False
101990961244800083,barometric_pressure_hpa,2026-08-19 18:00:00+00:00,876.8,875.9759943407408,875.5,True
101990961244800083,barometric_pressure_hpa,2026-08-19 19:00:00+00:00,877.2,877.2936343459387,876.8,True
101990961244800083,barometric_pressure_hpa,2026-08-19 20:00:00+00:00,877.2,877.3024729552352,877.2,True
101990961244800083,barometric_pressure_hpa,2026-08-19 21:00:00+00:00,,877.0865434338616,877.2,False
101990961244800083,barometric_pressure_hpa,2026-08-19 22:00:00+00:00,,876.6688354328127,,False
101990961244800083,barometric_pressure_hpa,2026-08-19 23:00:00+00:00,,876.2360180059231,,False
101990961244800083,barometric_pressure_hpa,2026-08-20 00:00:00+00:00,,875.994697407899,,False
101990961244800083,barometric_pressure_hpa,2026-08-20 01:00:00+00:00,,876.0540698876144,,False
101990961244800083,barometric_pressure_hpa,2026-08-20 02:00:00+00:00,,876.3790040661369,,False
101990961244800083,barometric_pressure_hpa,2026-08-20 03:00:00+00:00,,876.7828157101916,,False
101990961244800083,barometric_pressure_hpa,2026-08-20 04:00:00+00:00,,877.3795938110432,,False
101990961244800083,barometric_pressure_hpa,2026-08-20 05:00:00+00:00,,877.7364362983691,,False
101990961244800083,barometric_pressure_hpa,2026-08-20 06:00:00+00:00,,878.0837054556798,,False
101990961244800083,barometric_pressure_hpa,2026-08-20 07:00:00+00:00,,878.1097305466465,,False
101990961244800083,barometric_pressure_hpa,2026-08-20 08:00:00+00:00,,877.7701856507595,,False
101990961244800083,barometric_pressure_hpa,2026-08-20 09:00:00+00:00,878.0,877.1242371905387,,False
101990961244800083,barometric_pressure_hpa,2026-08-20 10:00:00+00:00,877.3,877.1288470659259,878.0,True
101990961244800083,barometric_pressure_hpa,2026-08-20 11:00:00+00:00,876.0,876.2862352988886,877.3,True
101990961244800083,barometric_pressure_hpa,2026-08-20 12:00:00+00:00,875.15,875.2095800336449,876.0,True
101990961244800083,barometric_pressure_hpa,2026-08-20 13:00:00+00:00,875.0,874.7402813670785,875.15,True
101990961244800083,barometric_pressure_hpa,2026-08-20 14:00:00+00:00,876.2,875.3321458881749,875.0,True
101990961244800083,barometric_pressure_hpa,2026-08-20 15:00:00+00:00,876.0,876.7450566284531,876.2,True
101990961244800083,barometric_pressure_hpa,2026-08-20 16:00:00+00:00,876.1,876.4003129071244,876.0,True
101990961244800083,barometric_pressure_hpa,2026-08-20 17:00:00+00:00,876.875,876.4252250635699,876.1,True
101990961244800083,barometric_pressure_hpa,2026-08-20 18:00:00+00:00,877.5333333333333,877.4136752598885,876.875,True
101990961244800083,barometric_pressure_hpa,2026-08-20 19:00:00+00:00,878.1,877.9829694255438,877.5333333333333,True
101990961244800083,barometric_pressure_hpa,2026-08-20 20:00:00+00:00,,878.1697446895708,878.1,False
101990961244800083,barometric_pressure_hpa,2026-08-20 21:00:00+00:00,,878.0372519536568,,False
101990961244800083,barometric_pressure_hpa,2026-08-20 22:00:00+00:00,,877.6009610718781,,False
101990961244800083,barometric_pressure_hpa,2026-08-20 23:00:00+00:00,,877.1502306706113,,False
101990961244800083,barometric_pressure_hpa,2026-08-21 00:00:00+00:00,,876.8916541309135,,False
101990961244800083,barometric_pressure_hpa,2026-08-21 01:00:00+00:00,,876.9344152998416,,False
101990961244800083,barometric_pressure_hpa,2026-08-21 02:00:00+00:00,,877.2433708604312,,False
101990961244800083,barometric_pressure_hpa,2026-08-21 03:00:00+00:00,,877.6318250957821,,False
101990961244800083,barometric_pressure_hpa,2026-08-21 04:00:00+00:00,,878.21385595923,,False
101990961244800083,barometric_pressure_hpa,2026-08-21 05:00:00+00:00,,878.5565516116752,,False
101990961244800083,barometric_pressure_hpa,2026-08-21 06:00:00+00:00,,878.8832951654861,,False
101990961244800083,barometric_pressure_hpa,2026-08-21 07:00:00+00:00,878.4,878.8884111248917,,False
101990961244800083,barometric_pressure_hpa,2026-08-21 08:00:00+00:00,878.1,878.0461020667304,878.4,True
101990961244800083,barometric_pressure_hpa,2026-08-21 09:00:00+00:00,,877.4559302429943,878.1,False
101990961244800083,barometric_pressure_hpa,2026-08-21 10:00:00+00:00,876.5,876.6215454364497,,False
101990961244800083,barometric_pressure_hpa,2026-08-21 11:00:00+00:00,,875.4985866534732,876.5,False
101990961244800083,barometric_pressure_hpa,2026-08-21 12:00:00+00:00,874.8,874.7206122972254,,False
101990961244800083,barometric_pressure_hpa,2026-08-21 13:00:00+00:00,874.5,874.4386539727143,874.8,True
101990961244800083,barometric_pressure_hpa,2026-08-21 14:00:00+00:00,874.6333333333333,874.9624121978719,874.5,True
101990961244800083,barometric_pressure_hpa,2026-08-21 15:00:00+00:00,875.3,875.1193427371095,874.6333333333333,True
101990961244800083,barometric_pressure_hpa,2026-08-21 16:00:00+00:00,875.9,875.6704269744299,875.3,True
101990961244800083,barometric_pressure_hpa,2026-08-21 17:00:00+00:00,876.2,876.2721309447234,875.9,True
101990961244800083,barometric_pressure_hpa,2026-08-21 18:00:00+00:00,,876.7390883302861,876.2,False
101990961244800083,barometric_pressure_hpa,2026-08-21 19:00:00+00:00,,877.2268566073677,,False
101990961244800083,barometric_pressure_hpa,2026-08-21 20:00:00+00:00,,877.319294975638,,False
101990961244800083,barometric_pressure_hpa,2026-08-21 21:00:00+00:00,,877.2019977032982,,False
101990961244800083,barometric_pressure_hpa,2026-08-21 22:00:00+00:00,,876.7802919239864,,False
101990961244800083,barometric_pressure_hpa,2026-08-21 23:00:00+00:00,,876.3435568201826,,False
101990961244800083,barometric_pressure_hpa,2026-08-22 00:00:00+00:00,,876.0983958316206,,False
101990961244800083,barometric_pressure_hpa,2026-08-22 01:00:00+00:00,,876.1540024469263,,False
101990961244800083,barometric_pressure_hpa,2026-08-22 02:00:00+00:00,,876.4752425812761,,False
101990961244800083,barometric_pressure_hpa,2026-08-22 03:00:00+00:00,,876.8754293465336,,False
101990961244800083,barometric_pressure_hpa,2026-08-22 04:00:00+00:00,,877.4686491273388,,False
101990961244800083,barometric_pressure_hpa,2026-08-22 05:00:00+00:00,,877.8219983153293,,False
101990961244800083,barometric_pressure_hpa,2026-08-22 06:00:00+00:00,878.8,878.1585741564685,,False
101990961244800083,barometric_pressure_hpa,2026-08-22 07:00:00+00:00,,878.7956924994066,878.8,False
101990961244800083,barometric_pressure_hpa,2026-08-22 08:00:00+00:00,,878.4330677606574,,False
101990961244800083,barometric_pressure_hpa,2026-08-22 09:00:00+00:00,878.2,877.76796951137,,False
101990961244800083,barometric_pressure_hpa,2026-08-22 10:00:00+00:00,877.35,877.3302052766817,878.2,True
101990961244800083,barometric_pressure_hpa,2026-08-22 11:00:00+00:00,876.15,876.3422960969455,877.35,True
101990961244800083,barometric_pressure_hpa,2026-08-22 12:00:00+00:00,875.2,875.36282220303,876.15,True
101990961244800083,barometric_pressure_hpa,2026-08-22 13:00:00+00:00,875.1666666666666,874.8260580997147,875.2,True
101990961244800083,barometric_pressure_hpa,2026-08-22 14:00:00+00:00,875.3,875.538810309504,875.1666666666666,True
101990961244800083,barometric_pressure_hpa,2026-08-22 15:00:00+00:00,,875.8174889131459,875.3,False
101990961244800083,barometric_pressure_hpa,2026-08-22 16:00:00+00:00,877.4,876.2118484319215,,False
101990961244800083,barometric_pressure_hpa,2026-08-22 17:00:00+00:00,877.2333333333332,877.7041466086606,877.4,True
101990961244800083,barometric_pressure_hpa,2026-08-22 18:00:00+00:00,877.2,877.7441863188232,877.2333333333332,True
101990961244800083,barometric_pressure_hpa,2026-08-22 19:00:00+00:00,877.1,877.6770110280154,877.2,True
101990961244800083,barometric_pressure_hpa,2026-08-22 20:00:00+00:00,,877.2041606034325,877.1,False
101990961244800083,barometric_pressure_hpa,2026-08-22 21:00:00+00:00,,877.0981110324082,,False
101990961244800083,barometric_pressure_hpa,2026-08-22 22:00:00+00:00,,876.6875782233024,,False
101990961244800083,barometric_pressure_hpa,2026-08-22 23:00:00+00:00,,876.2619494744205,,False
101990961244800083,barometric_pressure_hpa,2026-08-23 00:00:00+00:00,,876.0278361970691,,False
101990961244800083,barometric_pressure_hpa,2026-08-23 01:00:00+00:00,,876.0944398196943,,False
101990961244800083,barometric_pressure_hpa,2026-08-23 02:00:00+00:00,,876.426634154474,,False
101990961244800083,barometric_pressure_hpa,2026-08-23 03:00:00+00:00,,876.8377401859142,,False
101990961244800083,barometric_pressure_hpa,2026-08-23 04:00:00+00:00,,877.4418521622429,,False
101990961244800083,barometric_pressure_hpa,2026-08-23 05:00:00+00:00,,877.8060698309266,,False
101990961244800083,barometric_pressure_hpa,2026-08-23 06:00:00+00:00,,878.1532760108759,,False
101990961244800083,barometric_pressure_hpa,2026-08-23 07:00:00+00:00,,878.1868348954281,,False
101990961244800083,barometric_pressure_hpa,2026-08-23 08:00:00+00:00,,877.8556049687561,,False
101990961244800083,barometric_pressure_hpa,2026-08-23 09:00:00+00:00,877.6,877.2271805177666,,False
101990961244800083,barometric_pressure_hpa,2026-08-23 10:00:00+00:00,,876.7510091867522,877.6,False
101990961244800083,barometric_pressure_hpa,2026-08-23 11:00:00+00:00,,875.7360524295281,,False
101990961244800083,barometric_pressure_hpa,2026-08-23 12:00:00+00:00,874.75,874.9386748712751,,False
101990961244800083,barometric_pressure_hpa,2026-08-23 13:00:00+00:00,874.4,874.4246672794858,874.75,True
101990961244800083,barometric_pressure_hpa,2026-08-23 14:00:00+00:00,,874.7749348734131,874.4,False
101990961244800083,barometric_pressure_hpa,2026-08-23 15:00:00+00:00,,875.3688819300644,,False
101990961244800083,barometric_pressure_hpa,2026-08-23 16:00:00+00:00,876.0,875.8357926399246,,False
101990961244800083,barometric_pressure_hpa,2026-08-23 17:00:00+00:00,877.2,876.2894566351738,876.0,True
101990961244800083,barometric_pressure_hpa,2026-08-23 18:00:00+00:00,,877.6435511877698,877.2,False
101990961244800083,barometric_pressure_hpa,2026-08-23 19:00:00+00:00,,878.0358455760038,,False
101990961244800083,barometric_pressure_hpa,2026-08-23 20:00:00+00:00,,878.1157976818495,,False
101990961244800083,barometric_pressure_hpa,2026-08-23 21:00:00+00:00,,877.9861781261174,,False
101990961244800083,barometric_pressure_hpa,2026-08-23 22:00:00+00:00,,877.5527134482467,,False
101990961244800083,barometric_pressure_hpa,2026-08-23 23:00:00+00:00,,877.104774587934,,False
101990961244800083,barometric_pressure_hpa,2026-08-24 00:00:00+00:00,,876.8489569250676,,False
101990961244800083,barometric_pressure_hpa,2026-08-24 01:00:00+00:00,,876.8944462891774,,False
101990961244800083,barometric_pressure_hpa,2026-08-24 02:00:00+00:00,,877.2061013197382,,False
101990961244800083,barometric_pressure_hpa,2026-08-24 03:00:00+00:00,,877.5972282399233,,False
101990961244800083,barometric_pressure_hpa,2026-08-24 04:00:00+00:00,,878.1819069346185,,False
101990961244800083,barometric_pressure_hpa,2026-08-24 05:00:00+00:00,878.1,878.5272244672556,,False
101990961244800083,barometric_pressure_hpa,2026-08-24 06:00:00+00:00,878.2,878.441544848655,878.1,True
101990961244800083,barometric_pressure_hpa,2026-08-24 07:00:00+00:00,878.1500000000001,878.232418597317,878.2,True
101990961244800083,barometric_pressure_hpa,2026-08-24 08:00:00+00:00,877.4,877.8193652793831,878.1500000000001,True
101990961244800083,barometric_pressure_hpa,2026-08-24 09:00:00+00:00,,876.7861618697083,877.4,False
101990961244800083,barometric_pressure_hpa,2026-08-24 10:00:00+00:00,876.0,875.9507991030828,,False
101990961244800083,barometric_pressure_hpa,2026-08-24 11:00:00+00:00,874.625,875.0052116936926,876.0,True
101990961244800083,barometric_pressure_hpa,2026-08-24 12:00:00+00:00,873.95,873.8584981033758,874.625,True
101990961244800083,barometric_pressure_hpa,2026-08-24 13:00:00+00:00,,873.6297997367253,873.95,False
101990961244800083,barometric_pressure_hpa,2026-08-24 14:00:00+00:00,874.3666666666667,874.0411416435188,,False
101990961244800083,barometric_pressure_hpa,2026-08-24 15:00:00+00:00,874.7,874.9523597527743,874.3666666666667,True
101990961244800083,barometric_pressure_hpa,2026-08-24 16:00:00+00:00,875.0,875.1675779518401,874.7,True
101990961244800083,barometric_pressure_hpa,2026-08-24 17:00:00+00:00,875.1,875.4374951198185,875.0,True
101990961244800083,barometric_pressure_hpa,2026-08-24 18:00:00+00:00,,875.6163661134894,875.1,False
101990961244800083,barometric_pressure_hpa,2026-08-24 19:00:00+00:00,,876.0806851260322,,False
101990961244800083,barometric_pressure_hpa,2026-08-24 20:00:00+00:00,,876.2079641841634,,False
101990961244800083,barometric_pressure_hpa,2026-08-24 21:00:00+00:00,,876.1245276587448,,False
101990961244800083,barometric_pressure_hpa,2026-08-24 22:00:00+00:00,,875.735908085244,,False
101990961244800083,barometric_pressure_hpa,2026-08-24 23:00:00+00:00,,875.3315086459387,,False
101990961244800083,barometric_pressure_hpa,2026-08-25 00:00:00+00:00,,875.1179559926803,,False
101990961244800083,barometric_pressure_hpa,2026-08-25 01:00:00+00:00,,875.2044663193714,,False
101990961244800083,barometric_pressure_hpa,2026-08-25 02:00:00+00:00,,875.5559277457801,,False
101990961244800083,barometric_pressure_hpa,2026-08-25 03:00:00+00:00,,875.9856751034213,,False
101990961244800083,barometric_pressure_hpa,2026-08-25 04:00:00+00:00,,876.6078160355488,,False
101990961244800083,barometric_pressure_hpa,2026-08-25 05:00:00+00:00,,876.9894639191294,,False
101990961244800083,barometric_pressure_hpa,2026-08-25 06:00:00+00:00,,877.3267055266638,,False
101990961244800083,barometric_pressure_hpa,2026-08-25 07:00:00+00:00,,877.3709665565697,,False
101990961244800083,barometric_pressure_hpa,2026-08-25 08:00:00+00:00,,877.0058056125521,,False
101990961244800083,barometric_pressure_hpa,2026-08-25 09:00:00+00:00,,876.4033777733279,,False
101990961244800083,barometric_pressure_hpa,2026-08-25 10:00:00+00:00,,875.5847759125231,,False
101990961244800083,barometric_pressure_hpa,2026-08-25 11:00:00+00:00,,874.5585633139742,,False
101990961244800083,barometric_pressure_hpa,2026-08-25 12:00:00+00:00,,873.8068850822008,,False
101990961244800083,barometric_pressure_hpa,2026-08-25 13:00:00+00:00,,873.5087338256258,,False
101990961244800083,barometric_pressure_hpa,2026-08-25 14:00:00+00:00,,873.9424191825151,,False
101990961244800083,barometric_pressure_hpa,2026-08-25 15:00:00+00:00,,874.5074024891384,,False
101990961244800083,barometric_pressure_hpa,2026-08-25 16:00:00+00:00,,874.9570866455218,,False
101990961244800083,barometric_pressure_hpa,2026-08-25 17:00:00+00:00,,875.3235784867545,,False
101990961244800083,barometric_pressure_hpa,2026-08-25 18:00:00+00:00,,875.8363477512659,,False
101990961244800083,barometric_pressure_hpa,2026-08-25 19:00:00+00:00,,876.2972569144601,,False
101990961244800083,barometric_pressure_hpa,2026-08-25 20:00:00+00:00,,876.4202353677499,,False
101990961244800083,barometric_pressure_hpa,2026-08-25 21:00:00+00:00,,876.332650769028,,False
101990961244800083,barometric_pressure_hpa,2026-08-25 22:00:00+00:00,,875.9400326975727,,False
101990961244800083,barometric_pressure_hpa,2026-08-25 23:00:00+00:00,,875.5317814620303,,False
101990961244800083,barometric_pressure_hpa,2026-08-26 00:00:00+00:00,,875.3145209460158,,False
101990961244800083,barometric_pressure_hpa,2026-08-26 01:00:00+00:00,,875.3974646786388,,False
101990961244800083,barometric_pressure_hpa,2026-08-26 02:00:00+00:00,,875.7454982164027,,False
101990961244800083,barometric_pressure_hpa,2026-08-26 03:00:00+00:00,,876.171953927243,,False
101990961244800083,barometric_pressure_hpa,2026-08-26 04:00:00+00:00,,876.7909370887495,,False
101990961244800083,barometric_pressure_hpa,2026-08-26 05:00:00+00:00,,877.1695588084401,,False
101990961244800083,barometric_pressure_hpa,2026-08-26 06:00:00+00:00,,877.5111315604207,,False
101990961244800083,barometric_pressure_hpa,2026-08-26 07:00:00+00:00,,877.5536278217053,,False
101990961244800083,barometric_pressure_hpa,2026-08-26 08:00:00+00:00,876.5,877.1995717241405,,False
101990961244800083,barometric_pressure_hpa,2026-08-26 09:00:00+00:00,876.1,875.9084946961526,876.5,True
101990961244800083,barometric_pressure_hpa,2026-08-26 10:00:00+00:00,875.2,875.2846737352544,876.1,True
101990961244800083,barometric_pressure_hpa,2026-08-26 11:00:00+00:00,,874.1967936018224,875.2,False
101990961244800083,barometric_pressure_hpa,2026-08-26 12:00:00+00:00,872.875,873.4491256470341,,False
101990961244800083,barometric_pressure_hpa,2026-08-26 13:00:00+00:00,872.55,872.5932420709303,872.875,True
101990961244800083,barometric_pressure_hpa,2026-08-26 14:00:00+00:00,872.6,873.0004047498787,872.55,True
101990961244800083,barometric_pressure_hpa,2026-08-26 15:00:00+00:00,873.3,873.2090834018757,872.6,True
101990961244800083,barometric_pressure_hpa,2026-08-26 16:00:00+00:00,873.65,873.7858782499017,873.3,True
101990961244800083,barometric_pressure_hpa,2026-08-26 17:00:00+00:00,874.4666666666667,874.0603590350569,873.65,True
101990961244800083,barometric_pressure_hpa,2026-08-26 18:00:00+00:00,874.95,874.9985363964809,874.4666666666667,True
101990961244800083,barometric_pressure_hpa,2026-08-26 19:00:00+00:00,875.4333333333334,875.4307552420995,874.95,True
101990961244800083,barometric_pressure_hpa,2026-08-26 20:00:00+00:00,,875.5753399442558,875.4333333333334,False
101990961244800083,barometric_pressure_hpa,2026-08-26 21:00:00+00:00,,875.5060735384847,,False
101990961244800083,barometric_pressure_hpa,2026-08-26 22:00:00+00:00,,875.1311795649973,,False
101990961244800083,barometric_pressure_hpa,2026-08-26 23:00:00+00:00,,874.7400711136899,,False
101990961244800083,barometric_pressure_hpa,2026-08-27 00:00:00+00:00,,874.5393843893739,,False
101990961244800083,barometric_pressure_hpa,2026-08-27 01:00:00+00:00,,874.6383448323057,,False
101990961244800083,barometric_pressure_hpa,2026-08-27 02:00:00+00:00,,875.0018495107691,,False
101990961244800083,barometric_pressure_hpa,2026-08-27 03:00:00+00:00,,875.4432419116082,,False
101990961244800083,barometric_pressure_hpa,2026-08-27 04:00:00+00:00,,876.0766380452686,,False
101990961244800083,barometric_pressure_hpa,2026-08-27 05:00:00+00:00,,876.4691599084881,,False
101990961244800083,barometric_pressure_hpa,2026-08-27 06:00:00+00:00,,876.8244222534142,,False
101990961244800083,barometric_pressure_hpa,2026-08-27 07:00:00+00:00,,876.8792789156798,,False
101990961244800083,barometric_pressure_hpa,2026-08-27 08:00:00+00:00,,876.5377215424578,,False
101990961244800083,barometric_pressure_hpa,2026-08-27 09:00:00+00:00,,875.9727546281123,,False
101990961244800083,barometric_pressure_hpa,2026-08-27 10:00:00+00:00,,875.1522740057516,,False
101990961244800083,barometric_pressure_hpa,2026-08-27 11:00:00+00:00,,874.1182962036056,,False
101990961244800083,barometric_pressure_hpa,2026-08-27 12:00:00+00:00,,873.3391796811397,,False
101990961244800083,barometric_pressure_hpa,2026-08-27 13:00:00+00:00,,873.0421619015319,,False
101990961244800083,barometric_pressure_hpa,2026-08-27 14:00:00+00:00,,873.4313697920385,,False
101990961244800083,barometric_pressure_hpa,2026-08-27 15:00:00+00:00,873.0,874.031095407596,,False
101990961244800083,barometric_pressure_hpa,2026-08-27 16:00:00+00:00,,873.4790002433193,873.0,False
101990961244800083,barometric_pressure_hpa,2026-08-27 17:00:00+00:00,874.2,873.9429302808289,,False
101990961244800083,barometric_pressure_hpa,2026-08-27 18:00:00+00:00,,874.7346701810832,874.2,False
101990961244800083,barometric_pressure_hpa,2026-08-27 19:00:00+00:00,,875.223506347754,,False
101990961244800083,barometric_pressure_hpa,2026-08-27 20:00:00+00:00,,875.366751797709,,False
101990961244800083,barometric_pressure_hpa,2026-08-27 21:00:00+00:00,,875.2985717164512,,False
101990961244800083,barometric_pressure_hpa,2026-08-27 22:00:00+00:00,,874.9246148961223,,False
101990961244800083,barometric_pressure_hpa,2026-08-27 23:00:00+00:00,,874.5342951407575,,False
101990961244800083,barometric_pressure_hpa,2026-08-28 00:00:00+00:00,,874.3342492231452,,False
101990961244800083,barometric_pressure_hpa,2026-08-28 01:00:00+00:00,,874.4337030440571,,False
101990961244800083,barometric_pressure_hpa,2026-08-28 02:00:00+00:00,,874.7975540270958,,False
101990961244800083,barometric_pressure_hpa,2026-08-28 03:00:00+00:00,,875.2391459079898,,False
101990961244800083,barometric_pressure_hpa,2026-08-28 04:00:00+00:00,,875.8725948387084,,False
101990961244800083,barometric_pressure_hpa,2026-08-28 05:00:00+00:00,,876.2650233651522,,False
101990961244800083,barometric_pressure_hpa,2026-08-28 06:00:00+00:00,,876.6201304154937,,False
101990961244800083,barometric_pressure_hpa,2026-08-28 07:00:00+00:00,,876.6747040843545,,False
101990961244800083,barometric_pressure_hpa,2026-08-28 08:00:00+00:00,,876.3327333432476,,False
101990961244800083,barometric_pressure_hpa,2026-08-28 09:00:00+00:00,,875.7586394076905,,False
101990961244800083,barometric_pressure_hpa,2026-08-28 10:00:00+00:00,,874.9395565063846,,False
101990961244800083,barometric_pressure_hpa,2026-08-28 11:00:00+00:00,,873.9145634396202,,False
101990961244800083,barometric_pressure_hpa,2026-08-28 12:00:00+00:00,,873.1442491491283,,False
101990961244800083,barometric_pressure_hpa,2026-08-28 13:00:00+00:00,,872.8459520371359,,False
101990961244800083,barometric_pressure_hpa,2026-08-28 14:00:00+00:00,,873.2469971293307,,False
101990961244800083,barometric_pressure_hpa,2026-08-28 15:00:00+00:00,,873.8383570123576,,False
101990961244800083,barometric_pressure_hpa,2026-08-28 16:00:00+00:00,,874.3152880113519,,False
101990961244800083,barometric_pressure_hpa,2026-08-28 17:00:00+00:00,,874.7561228132524,,False
101990961244800083,barometric_pressure_hpa,2026-08-28 18:00:00+00:00,,875.278020312992,,False
101990961244800083,barometric_pressure_hpa,2026-08-28 19:00:00+00:00,,875.7524756638353,,False
101990961244800083,barometric_pressure_hpa,2026-08-28 20:00:00+00:00,,875.8836937709218,,False
101990961244800083,barometric_pressure_hpa,2026-08-28 21:00:00+00:00,,875.8038578662997,,False
101990961244800083,barometric_pressure_hpa,2026-08-28 22:00:00+00:00,,875.4186083652231,,False
101990961244800083,barometric_pressure_hpa,2026-08-28 23:00:00+00:00,,875.0173509558239,,False
101990961244800083,barometric_pressure_hpa,2026-08-29 00:00:00+00:00,,874.80671455014,,False
101990961244800083,barometric_pressure_hpa,2026-08-29 01:00:00+00:00,,874.8959174376963,,False
101990961244800083,barometric_pressure_hpa,2026-08-29 02:00:00+00:00,,875.2498496748824,,False
101990961244800083,barometric_pressure_hpa,2026-08-29 03:00:00+00:00,,875.6818478689524,,False
101990961244800083,barometric_pressure_hpa,2026-08-29 04:00:00+00:00,,876.3060212770173,,False
101990961244800083,barometric_pressure_hpa,2026-08-29 05:00:00+00:00,,876.6894857787792,,False
101990961244800083,barometric_pressure_hpa,2026-08-29 06:00:00+00:00,,877.0359344643759,,False
101990961244800083,barometric_pressure_hpa,2026-08-29 07:00:00+00:00,,877.082148077914,,False
101990961244800083,barometric_pressure_hpa,2026-08-29 08:00:00+00:00,877.2333333333332,876.732111173389,,False
101990961244800083,barometric_pressure_hpa,2026-08-29 09:00:00+00:00,876.5333333333333,876.6388291044834,877.2333333333332,True
101990961244800083,barometric_pressure_hpa,2026-08-29 10:00:00+00:00,875.9,875.698938594893,876.5333333333333,True
101990961244800083,barometric_pressure_hpa,2026-08-29 11:00:00+00:00,874.5,874.8538696648102,875.9,True
101990961244800083,barometric_pressure_hpa,2026-08-29 12:00:00+00:00,874.0,873.7212252815175,874.5,True
101990961244800083,barometric_pressure_hpa,2026-08-29 13:00:00+00:00,873.15,873.6836056064388,874.0,True
101990961244800083,barometric_pressure_hpa,2026-08-29 14:00:00+00:00,873.4000000000001,873.5507565431835,873.15,True
101990961244800083,barometric_pressure_hpa,2026-08-29 15:00:00+00:00,873.9,873.9929068750382,873.4000000000001,True
101990961244800083,barometric_pressure_hpa,2026-08-29 16:00:00+00:00,875.1,874.373144813963,873.9,True
101990961244800083,barometric_pressure_hpa,2026-08-29 17:00:00+00:00,875.14,875.5135419250478,875.1,True
101990961244800083,barometric_pressure_hpa,2026-08-29 18:00:00+00:00,875.9,875.6547976592054,875.14,True
101990961244800083,barometric_pressure_hpa,2026-08-29 19:00:00+00:00,876.36,876.3606930469601,875.9,True
101990961244800083,barometric_pressure_hpa,2026-08-29 20:00:00+00:00,876.5,876.4783354719954,876.36,True
101990961244800083,barometric_pressure_hpa,2026-08-29 21:00:00+00:00,,876.4071271949589,876.5,False
101990961244800083,barometric_pressure_hpa,2026-08-29 22:00:00+00:00,,876.0092743470868,,False
101990961244800083,barometric_pressure_hpa,2026-08-29 23:00:00+00:00,,875.5958380934724,,False
101990961244800083,barometric_pressure_hpa,2026-08-30 00:00:00+00:00,,875.373438594251,,False
101990961244800083,barometric_pressure_hpa,2026-08-30 01:00:00+00:00,,875.4512856850738,,False
101990961244800083,barometric_pressure_hpa,2026-08-30 02:00:00+00:00,,875.794261261499,,False
101990961244800083,barometric_pressure_hpa,2026-08-30 03:00:00+00:00,,876.2156940563694,,False
101990961244800083,barometric_pressure_hpa,2026-08-30 04:00:00+00:00,,876.8296857324972,,False
101990961244800083,barometric_pressure_hpa,2026-08-30 05:00:00+00:00,,877.20334496613,,False
101990961244800083,barometric_pressure_hpa,2026-08-30 06:00:00+00:00,,877.5405304218124,,False
101990961244800083,barometric_pressure_hpa,2026-08-30 07:00:00+00:00,,877.5782564145215,,False
101990961244800083,barometric_pressure_hpa,2026-08-30 08:00:00+00:00,,877.2200423340677,,False
101990961244800083,barometric_pressure_hpa,2026-08-30 09:00:00+00:00,,876.6098598212974,,False
101990961244800083,barometric_pressure_hpa,2026-08-30 10:00:00+00:00,875.6,875.799507499527,,False
101990961244800083,barometric_pressure_hpa,2026-08-30 11:00:00+00:00,,874.5150139254494,875.6,False
101990961244800083,barometric_pressure_hpa,2026-08-30 12:00:00+00:00,873.8,873.7712666435285,,False
101990961244800083,barometric_pressure_hpa,2026-08-30 13:00:00+00:00,873.5,873.4232141341045,873.8,True
101990961244800083,barometric_pressure_hpa,2026-08-30 14:00:00+00:00,873.5,873.8710231047544,873.5,True
101990961244800083,barometric_pressure_hpa,2026-08-30 15:00:00+00:00,874.1333333333332,874.0762497887878,873.5,True
101990961244800083,barometric_pressure_hpa,2026-08-30 16:00:00+00:00,874.4,874.6900106006915,874.1333333333332,True
101990961244800083,barometric_pressure_hpa,2026-08-30 17:00:00+00:00,875.0,874.7875160649942,874.4,True
101990961244800083,barometric_pressure_hpa,2026-08-30 18:00:00+00:00,,875.5502331059969,875.0,False
101990961244800083,barometric_pressure_hpa,2026-08-30 19:00:00+00:00,,876.0196312289273,,False
101990961244800083,barometric_pressure_hpa,2026-08-30 20:00:00+00:00,,876.150091859065,,False
101990961244800083,barometric_pressure_hpa,2026-08-30 21:00:00+00:00,,876.0641815228042,,False
101990961244800083,barometric_pressure_hpa,2026-08-30 22:00:00+00:00,,875.6730446371851,,False
101990961244800083,barometric_pressure_hpa,2026-08-30 23:00:00+00:00,,875.2660826999553,,False
101990961244800083,barometric_pressure_hpa,2026-08-31 00:00:00+00:00,,875.0499205254495,,False
101990961244800083,barometric_pressure_hpa,2026-08-31 01:00:00+00:00,,875.1337724319369,,False
101990961244800083,barometric_pressure_hpa,2026-08-31 02:00:00+00:00,,875.4825246313611,,False
101990961244800083,barometric_pressure_hpa,2026-08-31 03:00:00+00:00,,875.9095100081487,,False
101990961244800083,barometric_pressure_hpa,2026-08-31 04:00:00+00:00,,876.5288342136719,,False
101990961244800083,barometric_pressure_hpa,2026-08-31 05:00:00+00:00,,876.9076101942541,,False
101990961244800083,barometric_pressure_hpa,2026-08-31 06:00:00+00:00,,877.249730438714,,False
101990961244800083,barometric_pressure_hpa,2026-08-31 07:00:00+00:00,,877.2921991366851,,False
101990961244800083,barometric_pressure_hpa,2026-08-31 08:00:00+00:00,,876.9385253984441,,False
101990961244800083,barometric_pressure_hpa,2026-08-31 09:00:00+00:00,,876.3376977246679,,False
101990961244800083,barometric_pressure_hpa,2026-08-31 10:00:00+00:00,,875.5247263150615,,False
101990961244800083,barometric_pressure_hpa,2026-08-31 11:00:00+00:00,,874.4569336460005,,False
101990961244800083,barometric_pressure_hpa,2026-08-31 12:00:00+00:00,,873.7058594297683,,False
101990961244800083,barometric_pressure_hpa,2026-08-31 13:00:00+00:00,,873.3622011430103,,False
101990961244800083,barometric_pressure_hpa,2026-08-31 14:00:00+00:00,,873.6982860705688,,False
101990961244800083,barometric_pressure_hpa,2026-08-31 15:00:00+00:00,,874.2804051091255,,False
101990961244800083,barometric_pressure_hpa,2026-08-31 16:00:00+00:00,,874.7706607225196,,False
101990961244800083,barometric_pressure_hpa,2026-08-31 17:00:00+00:00,,875.1870911090066,,False
101990961244800083,barometric_pressure_hpa,2026-08-31 18:00:00+00:00,,875.7230353022165,,False
101990961244800083,barometric_pressure_hpa,2026-08-31 19:00:00+00:00,,876.187868965478,,False
101990961244800083,barometric_pressure_hpa,2026-08-31 20:00:00+00:00,,876.3130681652266,,False
101990961244800083,barometric_pressure_hpa,2026-08-31 21:00:00+00:00,,876.2233560503539,,False
101990961244800083,barometric_pressure_hpa,2026-08-31 22:00:00+00:00,,875.8285317827958,,False
101990961244800083,barometric_pressure_hpa,2026-08-31 23:00:00+00:00,,875.4179942102264,,False
101990961244800083,barometric_pressure_hpa,2026-09-01 00:00:00+00:00,,875.1983655772175,,False
101990961244800083,barometric_pressure_hpa,2026-09-01 01:00:00+00:00,,875.2788577107394,,False
101990961244800083,barometric_pressure_hpa,2026-09-01 02:00:00+00:00,,875.6243544081103,,False
101990961244800083,barometric_pressure_hpa,2026-09-01 03:00:00+00:00,,876.0481862140697,,False
101990961244800083,barometric_pressure_hpa,2026-09-01 04:00:00+00:00,,876.6644565135591,,False
101990961244800083,barometric_pressure_hpa,2026-09-01 05:00:00+00:00,,877.0402760580994,,False
101990961244800083,barometric_pressure_hpa,2026-09-01 06:00:00+00:00,,877.379535211807,,False
101990961244800083,barometric_pressure_hpa,2026-09-01 07:00:00+00:00,877.5,877.4192361079926,,False
101990961244800083,barometric_pressure_hpa,2026-09-01 08:00:00+00:00,,877.141618033284,877.5,False
101990961244800083,barometric_pressure_hpa,2026-09-01 09:00:00+00:00,,876.5365163365688,,False
101990961244800083,barometric_pressure_hpa,2026-09-01 10:00:00+00:00,,875.7189447090622,,False
101990961244800083,barometric_pressure_hpa,2026-09-01 11:00:00+00:00,874.35,874.6462992012757,,False
101990961244800083,barometric_pressure_hpa,2026-09-01 12:00:00+00:00,873.9,873.6018792510214,874.35,True
101990961244800083,barometric_pressure_hpa,2026-09-01 13:00:00+00:00,873.3499999999999,873.5493870097667,873.9,True
101990961244800083,barometric_pressure_hpa,2026-09-01 14:00:00+00:00,873.4000000000001,873.7018823243383,873.3499999999999,True
101990961244800083,barometric_pressure_hpa,2026-09-01 15:00:00+00:00,873.9,873.9891300575903,873.4000000000001,True
101990961244800083,barometric_pressure_hpa,2026-09-01 16:00:00+00:00,874.9,874.4113591493685,873.9,True
101990961244800083,barometric_pressure_hpa,2026-09-01 17:00:00+00:00,876.1,875.304521080217,874.9,True
101990961244800083,barometric_pressure_hpa,2026-09-01 18:00:00+00:00,,876.6113231038028,876.1,False
101990961244800083,barometric_pressure_hpa,2026-09-01 19:00:00+00:00,,877.052592760505,,False
101990961244800083,barometric_pressure_hpa,2026-09-01 20:00:00+00:00,,877.1549661899078,,False
101990961244800083,barometric_pressure_hpa,2026-09-01 21:00:00+00:00,,877.0432923839389,,False
101990961244800083,barometric_pressure_hpa,2026-09-01 22:00:00+00:00,,876.6270956355037,,False
101990961244800083,barometric_pressure_hpa,2026-09-01 23:00:00+00:00,,876.1957594968833,,False
101990961244800083,barometric_pressure_hpa,2026-09-02 00:00:00+00:00,,875.955891266647,,False
101990961244800083,barometric_pressure_hpa,2026-09-02 01:00:00+00:00,,876.0166882257159,,False
101990961244800083,barometric_pressure_hpa,2026-09-02 02:00:00+00:00,,876.3430200178765,,False
101990961244800083,barometric_pressure_hpa,2026-09-02 03:00:00+00:00,,876.7482034142986,,False
101990961244800083,barometric_pressure_hpa,2026-09-02 04:00:00+00:00,,877.3463283947088,,False
101990961244800083,barometric_pressure_hpa,2026-09-02 05:00:00+00:00,,877.7044934774734,,False
101990961244800083,barometric_pressure_hpa,2026-09-02 06:00:00+00:00,,878.0265647778781,,False
101990961244800083,barometric_pressure_hpa,2026-09-02 07:00:00+00:00,877.8,878.0498144284011,,False
101990961244800083,barometric_pressure_hpa,2026-09-02 08:00:00+00:00,877.4,877.4235692021839,877.8,True
101990961244800083,barometric_pressure_hpa,2026-09-02 09:00:00+00:00,876.8,876.7788790389627,877.4,True
101990961244800083,barometric_pressure_hpa,2026-09-02 10:00:00+00:00,875.5,875.9657101999089,876.8,True
101990961244800083,barometric_pressure_hpa,2026-09-02 11:00:00+00:00,874.4666666666666,874.4236273038022,875.5,True
101990961244800083,barometric_pressure_hpa,2026-09-02 12:00:00+00:00,873.7333333333332,873.7536037575854,874.4666666666666,True
101990961244800083,barometric_pressure_hpa,2026-09-02 13:00:00+00:00,873.4333333333334,873.3636053770567,873.7333333333332,True
101990961244800083,barometric_pressure_hpa,2026-09-02 14:00:00+00:00,873.3399999999999,873.745890527804,873.4333333333334,True
101990961244800083,barometric_pressure_hpa,2026-09-02 15:00:00+00:00,873.7666666666668,873.918477950411,873.3399999999999,True
101990961244800083,barometric_pressure_hpa,2026-09-02 16:00:00+00:00,874.45,874.3401890626599,873.7666666666668,True
101990961244800083,barometric_pressure_hpa,2026-09-02 17:00:00+00:00,874.9,874.9605283453742,874.45,True
101990961244800083,barometric_pressure_hpa,2026-09-02 18:00:00+00:00,,875.4412931642922,874.9,False
101990961244800083,barometric_pressure_hpa,2026-09-02 19:00:00+00:00,,875.911714019851,,False
101990961244800083,barometric_pressure_hpa,2026-09-02 20:00:00+00:00,,876.0425183021777,,False
101990961244800083,barometric_pressure_hpa,2026-09-02 21:00:00+00:00,,875.958669033903,,False
101990961244800083,barometric_pressure_hpa,2026-09-02 22:00:00+00:00,,875.5695173256413,,False
101990961244800083,barometric_pressure_hpa,2026-09-02 23:00:00+00:00,,875.164466159436,,False
101990961244800083,barometric_pressure_hpa,2026-09-03 00:00:00+00:00,,874.9501417244728,,False
101990961244800083,barometric_pressure_hpa,2026-09-03 01:00:00+00:00,,875.0357596597739,,False
101990961244800083,barometric_pressure_hpa,2026-09-03 02:00:00+00:00,,875.3862074475015,,False
101990961244800083,barometric_pressure_hpa,2026-09-03 03:00:00+00:00,,875.8148191906787,,False
101990961244800083,barometric_pressure_hpa,2026-09-03 04:00:00+00:00,,876.4357017070314,,False
101990961244800083,barometric_pressure_hpa,2026-09-03 05:00:00+00:00,876.2,876.8159697860891,,False
101990961244800083,barometric_pressure_hpa,2026-09-03 06:00:00+00:00,,876.5633818494467,876.2,False
101990961244800083,barometric_pressure_hpa,2026-09-03 07:00:00+00:00,,876.62622718225,,False
101990961244800083,barometric_pressure_hpa,2026-09-03 08:00:00+00:00,876.0,876.2829846704624,,False
101990961244800083,barometric_pressure_hpa,2026-09-03 09:00:00+00:00,875.5,875.4269910984754,876.0,True
101990961244800083,barometric_pressure_hpa,2026-09-03 10:00:00+00:00,874.65,874.6418108728539,875.5,True
101990961244800083,barometric_pressure_hpa,2026-09-03 11:00:00+00:00,873.7,873.604891750564,874.65,True
101990961244800083,barometric_pressure_hpa,2026-09-03 12:00:00+00:00,872.6,872.99348004344,873.7,True
101990961244800083,barometric_pressure_hpa,2026-09-03 13:00:00+00:00,,872.277766400387,872.6,False
101990961244800083,barometric_pressure_hpa,2026-09-03 14:00:00+00:00,872.1,872.5851731361339,,False
101990961244800083,barometric_pressure_hpa,2026-09-03 15:00:00+00:00,872.3,872.6974964253056,872.1,True
101990961244800083,barometric_pressure_hpa,2026-09-03 16:00:00+00:00,872.9,872.9079904966594,872.3,True
101990961244800083,barometric_pressure_hpa,2026-09-03 17:00:00+00:00,,873.4146648517521,872.9,False
101990961244800083,barometric_pressure_hpa,2026-09-03 18:00:00+00:00,,873.9908974256101,,False
101990961244800083,barometric_pressure_hpa,2026-09-03 19:00:00+00:00,,874.4952149340729,,False
101990961244800083,barometric_pressure_hpa,2026-09-03 20:00:00+00:00,,874.6590552810641,,False
101990961244800083,barometric_pressure_hpa,2026-09-03 21:00:00+00:00,,874.6071839710913,,False
101990961244800083,barometric_pressure_hpa,2026-09-03 22:00:00+00:00,,874.249038919556,,False
101990961244800083,barometric_pressure_hpa,2026-09-03 23:00:00+00:00,,873.8740454020582,,False
101990961244800083,barometric_pressure_hpa,2026-09-04 00:00:00+00:00,,873.6888512081435,,False
101990961244800083,barometric_pressure_hpa,2026-09-04 01:00:00+00:00,,873.8026929112551,,False
101990961244800083,barometric_pressure_hpa,2026-09-04 02:00:00+00:00,,874.1804782776788,,False
101990961244800083,barometric_pressure_hpa,2026-09-04 03:00:00+00:00,,874.6355610576018,,False
101990961244800083,barometric_pressure_hpa,2026-09-04 04:00:00+00:00,,875.2820670929742,,False
101990961244800083,barometric_pressure_hpa,2026-09-04 05:00:00+00:00,875.9,875.6871296319553,,False
101990961244800083,barometric_pressure_hpa,2026-09-04 06:00:00+00:00,876.2,876.2575352867497,875.9,True
101990961244800083,barometric_pressure_hpa,2026-09-04 07:00:00+00:00,876.1500000000001,876.2595539527833,876.2,True
101990961244800083,barometric_pressure_hpa,2026-09-04 08:00:00+00:00,,875.8090786047412,876.1500000000001,False
101990961244800083,barometric_pressure_hpa,2026-09-04 09:00:00+00:00,875.15,875.2504696125325,,False
101990961244800083,barometric_pressure_hpa,2026-09-04 10:00:00+00:00,874.6,874.3205685153043,875.15,True
101990961244800083,barometric_pressure_hpa,2026-09-04 11:00:00+00:00,873.0,873.5682707440958,874.6,True
101990961244800083,barometric_pressure_hpa,2026-09-04 12:00:00+00:00,872.3,872.2683798581965,873.0,True
101990961244800083,barometric_pressure_hpa,2026-09-04 13:00:00+00:00,872.5,871.9561775225139,872.3,True
101990961244800083,barometric_pressure_hpa,2026-09-04 14:00:00+00:00,872.7,872.7851068749156,872.5,True
101990961244800083,barometric_pressure_hpa,2026-09-04 15:00:00+00:00,872.55,873.241389381767,872.7,True
101990961244800083,barometric_pressure_hpa,2026-09-04 16:00:00+00:00,872.6,873.1468655322642,872.55,True
101990961244800083,barometric_pressure_hpa,2026-09-04 17:00:00+00:00,872.75,873.1266707924075,872.6,True
101990961244800083,barometric_pressure_hpa,2026-09-04 18:00:00+00:00,,873.3484003284653,872.75,False
101990961244800083,barometric_pressure_hpa,2026-09-04 19:00:00+00:00,,873.8744308885208,,False
101990961244800083,barometric_pressure_hpa,2026-09-04 20:00:00+00:00,,874.0599479580095,,False
101990961244800083,barometric_pressure_hpa,2026-09-04 21:00:00+00:00,,874.0295613091146,,False
101990961244800083,barometric_pressure_hpa,2026-09-04 22:00:00+00:00,,873.6924858158475,,False
101990961244800083,barometric_pressure_hpa,2026-09-04 23:00:00+00:00,,873.3381618793862,,False
101990961244800083,barometric_pressure_hpa,2026-09-05 00:00:00+00:00,,873.1732521378788,,False
101990961244800083,barometric_pressure_hpa,2026-09-05 01:00:00+00:00,,873.3070077396932,,False
101990961244800083,barometric_pressure_hpa,2026-09-05 02:00:00+00:00,,873.7043507623016,,False
101990961244800083,barometric_pressure_hpa,2026-09-05 03:00:00+00:00,,874.1786490117258,,False
101990961244800083,barometric_pressure_hpa,2026-09-05 04:00:00+00:00,,874.8440421415158,,False
101990961244800083,barometric_pressure_hpa,2026-09-05 05:00:00+00:00,,875.2676765328602,,False
101990961244800083,barometric_pressure_hpa,2026-09-05 06:00:00+00:00,,875.6382877025677,,False
101990961244800083,barometric_pressure_hpa,2026-09-05 07:00:00+00:00,,875.700390603133,,False
101990961244800083,barometric_pressure_hpa,2026-09-05 08:00:00+00:00,,875.3687643066546,,False
101990961244800083,barometric_pressure_hpa,2026-09-05 09:00:00+00:00,,874.8120060167294,,False
101990961244800083,barometric_pressure_hpa,2026-09-05 10:00:00+00:00,,874.0277922513175,,False
101990961244800083,barometric_pressure_hpa,2026-09-05 11:00:00+00:00,,872.9389564250807,,False
101990961244800083,barometric_pressure_hpa,2026-09-05 12:00:00+00:00,,872.2280627723732,,False
101990961244800083,barometric_pressure_hpa,2026-09-05 13:00:00+00:00,,871.9602724768537,,False
101990961244800083,barometric_pressure_hpa,2026-09-05 14:00:00+00:00,,872.2623960294957,,False
101990961244800083,barometric_pressure_hpa,2026-09-05 15:00:00+00:00,,872.7526670091949,,False
101990961244800083,barometric_pressure_hpa,2026-09-05 16:00:00+00:00,,873.28287243572,,False
101990961244800083,barometric_pressure_hpa,2026-09-05 17:00:00+00:00,,873.7463380688548,,False
101990961244800083,barometric_pressure_hpa,2026-09-05 18:00:00+00:00,,874.317783305935,,False
101990961244800083,barometric_pressure_hpa,2026-09-05 19:00:00+00:00,,874.8175554591454,,False
101990961244800083,barometric_pressure_hpa,2026-09-05 20:00:00+00:00,,874.9774919330868,,False
101990961244800083,barometric_pressure_hpa,2026-09-05 21:00:00+00:00,,874.922184115818,,False
101990961244800083,barometric_pressure_hpa,2026-09-05 22:00:00+00:00,,874.5608289706364,,False
101990961244800083,barometric_pressure_hpa,2026-09-05 23:00:00+00:00,,874.1828494492482,,False
101990961244800083,barometric_pressure_hpa,2026-09-06 00:00:00+00:00,,873.9948911888388,,False
101990961244800083,barometric_pressure_hpa,2026-09-06 01:00:00+00:00,,874.1061887731039,,False
101990961244800083,barometric_pressure_hpa,2026-09-06 02:00:00+00:00,,874.481648139229,,False
101990961244800083,barometric_pressure_hpa,2026-09-06 03:00:00+00:00,,874.9346213657354,,False
101990961244800083,barometric_pressure_hpa,2026-09-06 04:00:00+00:00,,875.579232780155,,False
101990961244800083,barometric_pressure_hpa,2026-09-06 05:00:00+00:00,,875.9826138281263,,False
101990961244800083,barometric_pressure_hpa,2026-09-06 06:00:00+00:00,877.2999999999998,876.3366715809084,,False
101990961244800083,barometric_pressure_hpa,2026-09-06 07:00:00+00:00,,877.3235017384992,877.2999999999998,False
101990961244800083,barometric_pressure_hpa,2026-09-06 08:00:00+00:00,876.4,876.9531576435365,,False
101990961244800083,barometric_pressure_hpa,2026-09-06 09:00:00+00:00,875.7,875.8234689692233,876.4,True
101990961244800083,barometric_pressure_hpa,2026-09-06 10:00:00+00:00,874.2,874.8859562112839,875.7,True
101990961244800083,barometric_pressure_hpa,2026-09-06 11:00:00+00:00,873.5,873.1340576102124,874.2,True
101990961244800083,barometric_pressure_hpa,2026-09-06 12:00:00+00:00,872.6333333333333,872.7761494192049,873.5,True
101990961244800083,barometric_pressure_hpa,2026-09-06 13:00:00+00:00,872.6,872.3382211086952,872.6333333333333,True
101990961244800083,barometric_pressure_hpa,2026-09-06 14:00:00+00:00,,872.8919594767245,872.6,False
101990961244800083,barometric_pressure_hpa,2026-09-06 15:00:00+00:00,873.875,873.3970798588658,,False
101990961244800083,barometric_pressure_hpa,2026-09-06 16:00:00+00:00,875.0,874.4001032847249,873.875,True
101990961244800083,barometric_pressure_hpa,2026-09-06 17:00:00+00:00,875.7,875.4351244897078,875.0,True
101990961244800083,barometric_pressure_hpa,2026-09-06 18:00:00+00:00,,876.2251074617133,875.7,False
101990961244800083,barometric_pressure_hpa,2026-09-06 19:00:00+00:00,,876.6799239499755,,False
101990961244800083,barometric_pressure_hpa,2026-09-06 20:00:00+00:00,,876.796580899203,,False
101990961244800083,barometric_pressure_hpa,2026-09-06 21:00:00+00:00,,876.7003163735826,,False
101990961244800083,barometric_pressure_hpa,2026-09-06 22:00:00+00:00,,876.299282450175,,False
101990961244800083,barometric_pressure_hpa,2026-09-06 23:00:00+00:00,,875.8828735496508,,False
101990961244800083,barometric_pressure_hpa,2026-09-07 00:00:00+00:00,,875.6577076935446,,False
101990961244800083,barometric_pressure_hpa,2026-09-07 01:00:00+00:00,,875.7329927269999,,False
101990961244800083,barometric_pressure_hpa,2026-09-07 02:00:00+00:00,,876.0736087052632,,False
101990961244800083,barometric_pressure_hpa,2026-09-07 03:00:00+00:00,,876.4928826653642,,False
101990961244800083,barometric_pressure_hpa,2026-09-07 04:00:00+00:00,,877.1049147160699,,False
101990961244800083,barometric_pressure_hpa,2026-09-07 05:00:00+00:00,,877.4768128412223,,False
101990961244800083,barometric_pressure_hpa,2026-09-07 06:00:00+00:00,,877.8030134290739,,False
101990961244800083,barometric_pressure_hpa,2026-09-07 07:00:00+00:00,,877.7720195049271,,False
101990961244800083,barometric_pressure_hpa,2026-09-07 08:00:00+00:00,,877.3507711496392,,False
101990961244800083,barometric_pressure_hpa,2026-09-07 09:00:00+00:00,,876.7337098484992,,False
101990961244800083,barometric_pressure_hpa,2026-09-07 10:00:00+00:00,,875.8030057822646,,False
101990961244800083,barometric_pressure_hpa,2026-09-07 11:00:00+00:00,,874.7398869130535,,False
101990961244800083,barometric_pressure_hpa,2026-09-07 12:00:00+00:00,,873.964092030209,,False
101990961244800083,barometric_pressure_hpa,2026-09-07 13:00:00+00:00,,873.6618244590636,,False
101990961244800083,barometric_pressure_hpa,2026-09-07 14:00:00+00:00,,873.952622221544,,False
101990961244800083,barometric_pressure_hpa,2026-09-07 15:00:00+00:00,875.3,874.457136680577,,False
101990961244800083,barometric_pressure_hpa,2026-09-07 16:00:00+00:00,875.25,875.8566624819434,875.3,True
101990961244800083,barometric_pressure_hpa,2026-09-07 17:00:00+00:00,875.1,875.7096947920129,875.25,True
101990961244800083,barometric_pressure_hpa,2026-09-07 18:00:00+00:00,,875.6438499510854,875.1,False
101990961244800083,barometric_pressure_hpa,2026-09-07 19:00:00+00:00,,876.1169962754311,,False
101990961244800083,barometric_pressure_hpa,2026-09-07 20:00:00+00:00,,876.2516108150246,,False
101990961244800083,barometric_pressure_hpa,2026-09-07 21:00:00+00:00,,876.1729413990139,,False
101990961244800083,barometric_pressure_hpa,2026-09-07 22:00:00+00:00,,875.7891236091782,,False
101990961244800083,barometric_pressure_hpa,2026-09-07 23:00:00+00:00,,875.3895641995673,,False
101990961244800083,barometric_pressure_hpa,2026-09-08 00:00:00+00:00,,875.1808933000533,,False
101990961244800083,barometric_pressure_hpa,2026-09-08 01:00:00+00:00,,875.2723306104893,,False
101990961244800083,barometric_pressure_hpa,2026-09-08 02:00:00+00:00,,875.6287677938321,,False
101990961244800083,barometric_pressure_hpa,2026-09-08 03:00:00+00:00,,876.0635432576063,,False
101990961244800083,barometric_pressure_hpa,2026-09-08 04:00:00+00:00,,876.69076825312,,False
101990961244800083,barometric_pressure_hpa,2026-09-08 05:00:00+00:00,876.9,877.0775611823921,,False
101990961244800083,barometric_pressure_hpa,2026-09-08 06:00:00+00:00,877.3,877.2460780066374,876.9,True
101990961244800083,barometric_pressure_hpa,2026-09-08 07:00:00+00:00,,877.2984898302433,877.3,False
101990961244800083,barometric_pressure_hpa,2026-09-08 08:00:00+00:00,,876.9062077183918,,False
101990961244800083,barometric_pressure_hpa,2026-09-08 09:00:00+00:00,,876.3115870074042,,False
101990961244800083,barometric_pressure_hpa,2026-09-08 10:00:00+00:00,,875.4242625818927,,False
101990961244800083,barometric_pressure_hpa,2026-09-08 11:00:00+00:00,,874.3634066417046,,False
101990961244800083,barometric_pressure_hpa,2026-09-08 12:00:00+00:00,,873.6094297037749,,False
101990961244800083,barometric_pressure_hpa,2026-09-08 13:00:00+00:00,,873.3129020165686,,False
101990961244800083,barometric_pressure_hpa,2026-09-08 14:00:00+00:00,,873.6106888469708,,False
101990961244800083,barometric_pressure_hpa,2026-09-08 15:00:00+00:00,,874.1228497259298,,False
101990961244800083,barometric_pressure_hpa,2026-09-08 16:00:00+00:00,,874.6192924928597,,False
101990961244800083,barometric_pressure_hpa,2026-09-08 17:00:00+00:00,,875.0152889526815,,False
101990961244800083,barometric_pressure_hpa,2026-09-08 18:00:00+00:00,,875.5581965803104,,False
101990961244800083,barometric_pressure_hpa,2026-09-08 19:00:00+00:00,,876.0303367509248,,False
101990961244800083,barometric_pressure_hpa,2026-09-08 20:00:00+00:00,,876.1637662159002,,False
101990961244800083,barometric_pressure_hpa,2026-09-08 21:00:00+00:00,,876.083711847235,,False
101990961244800083,barometric_pressure_hpa,2026-09-08 22:00:00+00:00,,875.6984449799829,,False
101990961244800083,barometric_pressure_hpa,2026-09-08 23:00:00+00:00,,875.2973713148831,,False
101990961244800083,barometric_pressure_hpa,2026-09-09 00:00:00+00:00,,875.0871198987971,,False
101990961244800083,barometric_pressure_hpa,2026-09-09 01:00:00+00:00,,875.1769092988073,,False
101990961244800083,barometric_pressure_hpa,2026-09-09 02:00:00+00:00,,875.5316299936626,,False
101990961244800083,barometric_pressure_hpa,2026-09-09 03:00:00+00:00,,875.9646191572691,,False
101990961244800083,barometric_pressure_hpa,2026-09-09 04:00:00+00:00,,876.589986756834,,False
101990961244800083,barometric_pressure_hpa,2026-09-09 05:00:00+00:00,,876.9748499281009,,False
101990961244800083,barometric_pressure_hpa,2026-09-09 06:00:00+00:00,,877.3253579629524,,False
101990961244800083,barometric_pressure_hpa,2026-09-09 07:00:00+00:00,,877.3216256807628,,False
101990961244800083,barometric_pressure_hpa,2026-09-09 08:00:00+00:00,,876.9271379416627,,False
101990961244800083,barometric_pressure_hpa,2026-09-09 09:00:00+00:00,,876.3300549367403,,False
101990961244800083,barometric_pressure_hpa,2026-09-09 10:00:00+00:00,,875.4412111310484,,False
101990961244800083,barometric_pressure_hpa,2026-09-09 11:00:00+00:00,,874.377060794381,,False
101990961244800083,barometric_pressure_hpa,2026-09-09 12:00:00+00:00,,873.6206666791737,,False
101990961244800083,barometric_pressure_hpa,2026-09-09 13:00:00+00:00,,873.3210391836822,,False
101990961244800083,barometric_pressure_hpa,2026-09-09 14:00:00+00:00,,873.6157860597103,,False
101990961244800083,barometric_pressure_hpa,2026-09-09 15:00:00+00:00,,874.1249126231579,,False
101990961244800083,barometric_pressure_hpa,2026-09-09 16:00:00+00:00,,874.6438473066431,,False
101990961244800083,barometric_pressure_hpa,2026-09-09 17:00:00+00:00,,875.0623536353943,,False
101990961244800083,barometric_pressure_hpa,2026-09-09 18:00:00+00:00,,875.6045047463803,,False
101990961244800083,barometric_pressure_hpa,2026-09-09 19:00:00+00:00,,876.0759216814315,,False
101990961244800083,barometric_pressure_hpa,2026-09-09 20:00:00+00:00,,876.2086606721433,,False
101990961244800083,barometric_pressure_hpa,2026-09-09 21:00:00+00:00,,876.1279480942793,,False
101990961244800083,barometric_pressure_hpa,2026-09-09 22:00:00+00:00,,875.7420548098465,,False
101990961244800083,barometric_pressure_hpa,2026-09-09 23:00:00+00:00,,875.3403860693865,,False
101990961244800083,barometric_pressure_hpa,2026-09-10 00:00:00+00:00,,875.1295704920877,,False
101990961244800083,barometric_pressure_hpa,2026-09-10 01:00:00+00:00,,875.2188262395771,,False
101990961244800083,barometric_pressure_hpa,2026-09-10 02:00:00+00:00,,875.5730434070744,,False
101990961244800083,barometric_pressure_hpa,2026-09-10 03:00:00+00:00,,876.0055588066072,,False
101990961244800083,barometric_pressure_hpa,2026-09-10 04:00:00+00:00,,876.6304820648945,,False
101990961244800083,barometric_pressure_hpa,2026-09-10 05:00:00+00:00,,877.0149299983376,,False
101990961244800083,barometric_pressure_hpa,2026-09-10 06:00:00+00:00,,877.3622990333546,,False
101990961244800083,barometric_pressure_hpa,2026-09-10 07:00:00+00:00,,877.3575217304185,,False
101990961244800083,barometric_pressure_hpa,2026-09-10 08:00:00+00:00,,876.9620147623741,,False
101990961244800083,barometric_pressure_hpa,2026-09-10 09:00:00+00:00,,876.3639257057748,,False
101990961244800083,barometric_pressure_hpa,2026-09-10 10:00:00+00:00,,875.474140866057,,False
101990961244800083,barometric_pressure_hpa,2026-09-10 11:00:00+00:00,,874.4089949651911,,False
101990961244800083,barometric_pressure_hpa,2026-09-10 12:00:00+00:00,,873.6516661886233,,False
101990961244800083,barometric_pressure_hpa,2026-09-10 13:00:00+00:00,,873.3510960897879,,False
101990961244800083,barometric_pressure_hpa,2026-09-10 14:00:00+00:00,,873.6449243269327,,False
101990961244800083,barometric_pressure_hpa,2026-09-10 15:00:00+00:00,,874.1531532792304,,False
101990961244800083,barometric_pressure_hpa,2026-09-10 16:00:00+00:00,,874.6723274480743,,False
101990961244800083,barometric_pressure_hpa,2026-09-10 17:00:00+00:00,,875.0910937438443,,False
101990961244800083,barometric_pressure_hpa,2026-09-10 18:00:00+00:00,,875.63250600833,,False
101990961244800083,barometric_pressure_hpa,2026-09-10 19:00:00+00:00,,876.1032042210254,,False
101990961244800083,barometric_pressure_hpa,2026-09-10 20:00:00+00:00,,876.2352440969895,,False
101990961244800083,barometric_pressure_hpa,2026-09-10 21:00:00+00:00,,876.1538515095411,,False
101990961244800083,barometric_pressure_hpa,2026-09-10 22:00:00+00:00,,875.7672968319735,,False
101990961244800083,barometric_pressure_hpa,2026-09-10 23:00:00+00:00,,875.364984839493,,False
101990961244800083,barometric_pressure_hpa,2026-09-11 00:00:00+00:00,,875.1535436889917,,False
101990961244800083,barometric_pressure_hpa,2026-09-11 01:00:00+00:00,,875.2421910925048,,False
101990961244800083,barometric_pressure_hpa,2026-09-11 02:00:00+00:00,,875.5958167080432,,False
101990961244800083,barometric_pressure_hpa,2026-09-11 03:00:00+00:00,,876.0277569224938,,False
101990961244800083,barometric_pressure_hpa,2026-09-11 04:00:00+00:00,,876.6521209491978,,False
101990961244800083,barometric_pressure_hpa,2026-09-11 05:00:00+00:00,,877.0360252026434,,False
101990961244800083,barometric_pressure_hpa,2026-09-11 06:00:00+00:00,,877.3827452837276,,False
101990961244800083,barometric_pressure_hpa,2026-09-11 07:00:00+00:00,,877.3774241788718,,False
101990961244800083,barometric_pressure_hpa,2026-09-11 08:00:00+00:00,,876.9813877122675,,False
101990961244800083,barometric_pressure_hpa,2026-09-11 09:00:00+00:00,,876.3827825600425,,False
101990961244800083,barometric_pressure_hpa,2026-09-11 10:00:00+00:00,,875.4924969565623,,False
101990961244800083,barometric_pressure_hpa,2026-09-11 11:00:00+00:00,,874.4268600628449,,False
101990961244800083,barometric_pressure_hpa,2026-09-11 12:00:00+00:00,,873.6690547933847,,False
101990961244800083,barometric_pressure_hpa,2026-09-11 13:00:00+00:00,,873.3680193763471,,False
101990961244800083,barometric_pressure_hpa,2026-09-11 14:00:00+00:00,,873.6613945612244,,False
101990961244800083,barometric_pressure_hpa,2026-09-11 15:00:00+00:00,,874.1691823019806,,False
101990961244800083,barometric_pressure_hpa,2026-09-11 16:00:00+00:00,,874.6879756431964,,False
101990961244800083,barometric_pressure_hpa,2026-09-11 17:00:00+00:00,,875.1063723580778,,False
101990961244800083,barometric_pressure_hpa,2026-09-11 18:00:00+00:00,,875.6473814167676,,False
101990961244800083,barometric_pressure_hpa,2026-09-11 19:00:00+00:00,,876.1176871144309,,False
101990961244800083,barometric_pressure_hpa,2026-09-11 20:00:00+00:00,,876.2493448840307,,False
101990961244800083,barometric_pressure_hpa,2026-09-11 21:00:00+00:00,,876.1675803242713,,False
101990961244800083,barometric_pressure_hpa,2026-09-11 22:00:00+00:00,,875.780663541114,,False
101990961244800083,barometric_pressure_hpa,2026-09-11 23:00:00+00:00,,875.3779990495249,,False
101990961244800083,barometric_pressure_hpa,2026-09-12 00:00:00+00:00,,875.1662147530592,,False
101990961244800083,barometric_pressure_hpa,2026-09-12 01:00:00+00:00,,875.2545281171376,,False
101990961244800083,barometric_pressure_hpa,2026-09-12 02:00:00+00:00,,875.6078285597015,,False
101990961244800083,barometric_pressure_hpa,2026-09-12 03:00:00+00:00,,876.0394522339398,,False
101990961244800083,barometric_pressure_hpa,2026-09-12 04:00:00+00:00,,876.6635081257003,,False
101990961244800083,barometric_pressure_hpa,2026-09-12 05:00:00+00:00,,877.047112428019,,False
101990961244800083,barometric_pressure_hpa,2026-09-12 06:00:00+00:00,,877.3935352567631,,False
101990961244800083,barometric_pressure_hpa,2026-09-12 07:00:00+00:00,,877.3879286120274,,False
101990961244800083,barometric_pressure_hpa,2026-09-12 08:00:00+00:00,,876.9916141549314,,False
101990961244800083,barometric_pressure_hpa,2026-09-12 09:00:00+00:00,,876.392738339068,,False
101990961244800083,barometric_pressure_hpa,2026-09-12 10:00:00+00:00,,875.5021893049067,,False
101990961244800083,barometric_pressure_hpa,2026-09-12 11:00:00+00:00,,874.4362957965759,,False
101990961244800083,barometric_pressure_hpa,2026-09-12 12:00:00+00:00,,873.6782407664971,,False
101990961244800083,barometric_pressure_hpa,2026-09-12 13:00:00+00:00,,873.3769621328264,,False
101990961244800083,barometric_pressure_hpa,2026-09-12 14:00:00+00:00,,873.6701005326375,,False
101990961244800083,barometric_pressure_hpa,2026-09-12 15:00:00+00:00,,874.1776577453621,,False
101990961244800083,barometric_pressure_hpa,2026-09-12 16:00:00+00:00,,874.6962287877176,,False
101990961244800083,barometric_pressure_hpa,2026-09-12 17:00:00+00:00,,875.1144091351923,,False
101990961244800083,barometric_pressure_hpa,2026-09-12 18:00:00+00:00,,875.6552056507531,,False
101990961244800083,barometric_pressure_hpa,2026-09-12 19:00:00+00:00,,876.1253044284631,,False
101990961244800083,barometric_pressure_hpa,2026-09-12 20:00:00+00:00,,876.2567607525747,,False
101990961244800083,barometric_pressure_hpa,2026-09-12 21:00:00+00:00,,876.1748000770157,,False
101990961244800083,barometric_pressure_hpa,2026-09-12 22:00:00+00:00,,875.7876923668016,,False
101990961244800083,barometric_pressure_hpa,2026-09-12 23:00:00+00:00,,875.3848419996818,,False
101990961244800083,barometric_pressure_hpa,2026-09-13 00:00:00+00:00,,875.1728767456253,,False
101990961244800083,barometric_pressure_hpa,2026-09-13 01:00:00+00:00,,875.2610139400007,,False
101990961244800083,barometric_pressure_hpa,2026-09-13 02:00:00+00:00,,875.6141428741383,,False
101990961244800083,barometric_pressure_hpa,2026-09-13 03:00:00+00:00,,876.0455995779666,,False
101990961244800083,barometric_pressure_hpa,2026-09-13 04:00:00+00:00,,876.6694929173337,,False
101990961244800083,barometric_pressure_hpa,2026-09-13 05:00:00+00:00,,877.0529389684513,,False
101990961244800083,barometric_pressure_hpa,2026-09-13 06:00:00+00:00,,877.3992075028955,,False
101990961244800083,barometric_pressure_hpa,2026-09-13 07:00:00+00:00,,877.3934508135999,,False
101990961244800083,barometric_pressure_hpa,2026-09-13 08:00:00+00:00,,876.9969902806783,,False
101990961244800083,barometric_pressure_hpa,2026-09-13 09:00:00+00:00,,876.3979722517456,,False
101990961244800083,barometric_pressure_hpa,2026-09-13 10:00:00+00:00,,875.5072847694672,,False
101990961244800083,barometric_pressure_hpa,2026-09-13 11:00:00+00:00,,874.441256468514,,False
101990961244800083,barometric_pressure_hpa,2026-09-13 12:00:00+00:00,,873.6830702141624,,False
101990961244800083,barometric_pressure_hpa,2026-09-13 13:00:00+00:00,,873.3816638245492,,False
101990961244800083,barometric_pressure_hpa,2026-09-13 14:00:00+00:00,,873.6746778476605,,False
101990961244800083,barometric_pressure_hpa,2026-09-13 15:00:00+00:00,,874.1821139733498,,False
101990961244800083,barometric_pressure_hpa,2026-09-13 16:00:00+00:00,,874.7005672248476,,False
101990961244800083,barometric_pressure_hpa,2026-09-13 17:00:00+00:00,,875.1186328994445,,False
101990961244800083,barometric_pressure_hpa,2026-09-13 18:00:00+00:00,,875.6593176923004,,False
101990961244800083,barometric_pressure_hpa,2026-09-13 19:00:00+00:00,,876.1293077025764,,False
101990961244800083,barometric_pressure_hpa,2026-09-13 20:00:00+00:00,,876.2606581363555,,False
101990961244800083,barometric_pressure_hpa,2026-09-13 21:00:00+00:00,,876.1785943714631,,False
101990961244800083,barometric_pressure_hpa,2026-09-13 22:00:00+00:00,,875.7913862988261,,False
101990961244800083,barometric_pressure_hpa,2026-09-13 23:00:00+00:00,,875.3884382240644,,False
101990961244800083,barometric_pressure_hpa,2026-09-14 00:00:00+00:00,,875.176377846926,,False
101990961244800083,barometric_pressure_hpa,2026-09-14 01:00:00+00:00,,875.2644224344156,,False
101990961244800083,barometric_pressure_hpa,2026-09-14 02:00:00+00:00,,875.6174612113084,,False
101990961244800083,barometric_pressure_hpa,2026-09-14 03:00:00+00:00,,876.0488301427378,,False
101990961244800083,barometric_pressure_hpa,2026-09-14 04:00:00+00:00,,876.672638031471,,False
101990961244800083,barometric_pressure_hpa,2026-09-14 05:00:00+00:00,,877.0560008923076,,False
101990961244800083,barometric_pressure_hpa,2026-09-14 06:00:00+00:00,,877.402188426948,,False
101990961244800083,barometric_pressure_hpa,2026-09-14 07:00:00+00:00,,877.3963528877771,,False
101990961244800083,barometric_pressure_hpa,2026-09-14 08:00:00+00:00,,876.9998155906634,,False
101990961244800083,barometric_pressure_hpa,2026-09-14 09:00:00+00:00,,876.4007228280085,,False
101990961244800083,barometric_pressure_hpa,2026-09-14 10:00:00+00:00,,875.5099625889608,,False
101990961244800083,barometric_pressure_hpa,2026-09-14 11:00:00+00:00,,874.4438634554657,,False
101990961244800083,barometric_pressure_hpa,2026-09-14 12:00:00+00:00,,873.6856082423192,,False
101990961244800083,barometric_pressure_hpa,2026-09-14 13:00:00+00:00,,873.3841347178483,,False
101990961244800083,barometric_pressure_hpa,2026-09-14 14:00:00+00:00,,873.6770833819096,,False
101990961244800083,barometric_pressure_hpa,2026-09-14 15:00:00+00:00,875.7,874.1844558773756,,False
101990961244800083,barometric_pressure_hpa,2026-09-14 16:00:00+00:00,,876.1852746525873,875.7,False
101990961244800083,barometric_pressure_hpa,2026-09-14 17:00:00+00:00,875.7,876.5713260011375,,False
