device_id,variable,timestamp,actual,predicted,naive,used_for_metrics
101990961244800083,air_temperature,2026-07-16 15:00:00+00:00,23.366666666666664,22.959251755352575,25.225,True
101990961244800083,air_temperature,2026-07-16 16:00:00+00:00,22.525,21.032469111202666,23.366666666666664,True
101990961244800083,air_temperature,2026-07-16 17:00:00+00:00,21.23333333333333,21.643473758660377,22.525,True
101990961244800083,air_temperature,2026-07-16 18:00:00+00:00,21.025,20.702516186146255,21.23333333333333,True
101990961244800083,air_temperature,2026-07-16 19:00:00+00:00,20.9,20.559522046455967,21.025,True
101990961244800083,air_temperature,2026-07-16 20:00:00+00:00,20.75,20.549410245701093,20.9,True
101990961244800083,air_temperature,2026-07-16 21:00:00+00:00,20.2,20.50085865967235,20.75,True
101990961244800083,air_temperature,2026-07-16 22:00:00+00:00,,20.05054419573127,20.2,False
101990961244800083,air_temperature,2026-07-16 23:00:00+00:00,,19.77129178697706,,False
101990961244800083,air_temperature,2026-07-17 00:00:00+00:00,,19.607893202382318,,False
101990961244800083,air_temperature,2026-07-17 01:00:00+00:00,,19.525623753470523,,False
101990961244800083,air_temperature,2026-07-17 02:00:00+00:00,,19.374942839838607,,False
101990961244800083,air_temperature,2026-07-17 03:00:00+00:00,,19.145221119368003,,False
101990961244800083,air_temperature,2026-07-17 04:00:00+00:00,19.15,19.68672611596641,,False
101990961244800083,air_temperature,2026-07-17 05:00:00+00:00,20.933333333333334,20.698476266297487,19.15,True
101990961244800083,air_temperature,2026-07-17 06:00:00+00:00,23.15,23.385782948568064,20.933333333333334,True
101990961244800083,air_temperature,2026-07-17 07:00:00+00:00,25.44,25.41222072276352,23.15,True
101990961244800083,air_temperature,2026-07-17 08:00:00+00:00,27.25,27.066306000453608,25.44,True
101990961244800083,air_temperature,2026-07-17 09:00:00+00:00,28.34,28.06527488138359,27.25,True
101990961244800083,air_temperature,2026-07-17 10:00:00+00:00,28.416666666666668,28.987495200193518,28.34,True
101990961244800083,air_temperature,2026-07-17 11:00:00+00:00,29.275,28.9268881279616,28.416666666666668,True
101990961244800083,air_temperature,2026-07-17 12:00:00+00:00,28.72,29.07279423592228,29.275,True
101990961244800083,air_temperature,2026-07-17 13:00:00+00:00,29.03333333333333,27.908731849810824,28.72,True
101990961244800083,air_temperature,2026-07-17 14:00:00+00:00,27.225,27.09368494661397,29.03333333333333,True
101990961244800083,air_temperature,2026-07-17 15:00:00+00:00,25.54,24.69441126949675,27.225,True
101990961244800083,air_temperature,2026-07-17 16:00:00+00:00,23.516666666666666,23.000127741203006,25.54,True
101990961244800083,air_temperature,2026-07-17 17:00:00+00:00,22.933333333333334,22.43489307813819,23.516666666666666,True
101990961244800083,air_temperature,2026-07-17 18:00:00+00:00,21.95,22.199756759831622,22.933333333333334,True
101990961244800083,air_temperature,2026-07-17 19:00:00+00:00,20.85,21.3855733025487,21.95,True
101990961244800083,air_temperature,2026-07-17 20:00:00+00:00,19.55,20.503955516011747,20.85,True
101990961244800083,air_temperature,2026-07-17 21:00:00+00:00,,19.432594847079745,19.55,False
101990961244800083,air_temperature,2026-07-17 22:00:00+00:00,,19.397540133006782,,False
101990961244800083,air_temperature,2026-07-17 23:00:00+00:00,,19.216014796838483,,False
101990961244800083,air_temperature,2026-07-18 00:00:00+00:00,,19.136165132987767,,False
101990961244800083,air_temperature,2026-07-18 01:00:00+00:00,,19.125399570175198,,False
101990961244800083,air_temperature,2026-07-18 02:00:00+00:00,,19.036003743274577,,False
101990961244800083,air_temperature,2026-07-18 03:00:00+00:00,,18.858913083191275,,False
101990961244800083,air_temperature,2026-07-18 04:00:00+00:00,,19.445737429388913,,False
101990961244800083,air_temperature,2026-07-18 05:00:00+00:00,,20.99280479267907,,False
101990961244800083,air_temperature,2026-07-18 06:00:00+00:00,20.175,23.381344799917464,,False
101990961244800083,air_temperature,2026-07-18 07:00:00+00:00,23.175,22.87248715015183,20.175,True
101990961244800083,air_temperature,2026-07-18 08:00:00+00:00,24.875,25.13747189670841,23.175,True
101990961244800083,air_temperature,2026-07-18 09:00:00+00:00,23.94,26.0833699908546,24.875,True
101990961244800083,air_temperature,2026-07-18 10:00:00+00:00,24.216666666666665,25.17555476691807,23.94,True
101990961244800083,air_temperature,2026-07-18 11:00:00+00:00,25.85,25.35821960607998,24.216666666666665,True
101990961244800083,air_temperature,2026-07-18 12:00:00+00:00,25.95,26.093023258936363,25.85,True
101990961244800083,air_temperature,2026-07-18 13:00:00+00:00,26.214285714285715,25.717657988406117,25.95,True
101990961244800083,air_temperature,2026-07-18 14:00:00+00:00,25.5625,24.7778021991581,26.214285714285715,True
101990961244800083,air_temperature,2026-07-18 15:00:00+00:00,19.96,23.362328111639943,25.5625,True
101990961244800083,air_temperature,2026-07-18 16:00:00+00:00,17.03333333333333,18.227986769774397,19.96,True
101990961244800083,air_temperature,2026-07-18 17:00:00+00:00,17.625,16.992357481593366,17.03333333333333,True
101990961244800083,air_temperature,2026-07-18 18:00:00+00:00,17.3,17.626694820552895,17.625,True
101990961244800083,air_temperature,2026-07-18 19:00:00+00:00,17.4,17.33563255984317,17.3,True
101990961244800083,air_temperature,2026-07-18 20:00:00+00:00,17.033333333333335,17.429267806078858,17.4,True
101990961244800083,air_temperature,2026-07-18 21:00:00+00:00,,17.274686142018922,17.033333333333335,False
101990961244800083,air_temperature,2026-07-18 22:00:00+00:00,,17.52944077855012,,False
101990961244800083,air_temperature,2026-07-18 23:00:00+00:00,,17.59002719839363,,False
101990961244800083,air_temperature,2026-07-19 00:00:00+00:00,,17.71077345753828,,False
101990961244800083,air_temperature,2026-07-19 01:00:00+00:00,,17.86420973833645,,False
101990961244800083,air_temperature,2026-07-19 02:00:00+00:00,,17.90681418803895,,False
101990961244800083,air_temperature,2026-07-19 03:00:00+00:00,,17.832892559484264,,False
101990961244800083,air_temperature,2026-07-19 04:00:00+00:00,18.85,18.496688880689533,,False
101990961244800083,air_temperature,2026-07-19 05:00:00+00:00,20.15,20.37311148757378,18.85,True
101990961244800083,air_temperature,2026-07-19 06:00:00+00:00,23.21666666666667,22.557147002416883,20.15,True
101990961244800083,air_temperature,2026-07-19 07:00:00+00:00,24.066666666666663,25.502159628629315,23.21666666666667,True
101990961244800083,air_temperature,2026-07-19 08:00:00+00:00,26.3,25.853803318053977,24.066666666666663,True
101990961244800083,air_temperature,2026-07-19 09:00:00+00:00,27.275,27.012298537925478,26.3,True
101990961244800083,air_temperature,2026-07-19 10:00:00+00:00,28.44,27.926770833883335,27.275,True
101990961244800083,air_temperature,2026-07-19 11:00:00+00:00,29.2,29.001019965411004,28.44,True
101990961244800083,air_temperature,2026-07-19 12:00:00+00:00,29.5,28.947856286217412,29.2,True
101990961244800083,air_temperature,2026-07-19 13:00:00+00:00,29.360000000000003,28.750778465602988,29.5,True
101990961244800083,air_temperature,2026-07-19 14:00:00+00:00,28.46666666666667,27.556489550065717,29.360000000000003,True
101990961244800083,air_temperature,2026-07-19 15:00:00+00:00,23.94,25.362004027924257,28.46666666666667,True
101990961244800083,air_temperature,2026-07-19 16:00:00+00:00,19.775,21.438163498750065,23.94,True
101990961244800083,air_temperature,2026-07-19 17:00:00+00:00,19.83333333333333,19.385416657554273,19.775,True
101990961244800083,air_temperature,2026-07-19 18:00:00+00:00,19.55,19.479559714334307,19.83333333333333,True
101990961244800083,air_temperature,2026-07-19 19:00:00+00:00,19.25,19.288315186930674,19.55,True
101990961244800083,air_temperature,2026-07-19 20:00:00+00:00,19.133333333333333,19.004100696741325,19.25,True
101990961244800083,air_temperature,2026-07-19 21:00:00+00:00,19.366666666666667,19.081200392316653,19.133333333333333,True
101990961244800083,air_temperature,2026-07-19 22:00:00+00:00,,19.331015688019114,19.366666666666667,False
101990961244800083,air_temperature,2026-07-19 23:00:00+00:00,,19.14719628150004,,False
101990961244800083,air_temperature,2026-07-20 00:00:00+00:00,,19.06329572948748,,False
101990961244800083,air_temperature,2026-07-20 01:00:00+00:00,,19.0466191079981,,False
101990961244800083,air_temperature,2026-07-20 02:00:00+00:00,,18.949300745426758,,False
101990961244800083,air_temperature,2026-07-20 03:00:00+00:00,,18.76207378904409,,False
101990961244800083,air_temperature,2026-07-20 04:00:00+00:00,,19.33629031128236,,False
101990961244800083,air_temperature,2026-07-20 05:00:00+00:00,20.64,20.795352712924085,,False
101990961244800083,air_temperature,2026-07-20 06:00:00+00:00,22.12,23.110210167925743,20.64,True
101990961244800083,air_temperature,2026-07-20 07:00:00+00:00,23.23333333333333,24.369397840070498,22.12,True
101990961244800083,air_temperature,2026-07-20 08:00:00+00:00,25.775,25.212899459411283,23.23333333333333,True
101990961244800083,air_temperature,2026-07-20 09:00:00+00:00,26.5,26.707324033160507,25.775,True
101990961244800083,air_temperature,2026-07-20 10:00:00+00:00,27.44,27.382164706889995,26.5,True
101990961244800083,air_temperature,2026-07-20 11:00:00+00:00,28.6,28.147315903590425,27.44,True
101990961244800083,air_temperature,2026-07-20 12:00:00+00:00,28.675,28.51460673043824,28.6,True
101990961244800083,air_temperature,2026-07-20 13:00:00+00:00,28.28333333333333,28.095819291801206,28.675,True
101990961244800083,air_temperature,2026-07-20 14:00:00+00:00,25.71666666666667,26.713553569462267,28.28333333333333,True
101990961244800083,air_temperature,2026-07-20 15:00:00+00:00,23.75,23.009860147437042,25.71666666666667,True
101990961244800083,air_temperature,2026-07-20 16:00:00+00:00,22.666666666666668,21.125235546725676,23.75,True
101990961244800083,air_temperature,2026-07-20 17:00:00+00:00,18.58,21.873253677593127,22.666666666666668,True
101990961244800083,air_temperature,2026-07-20 18:00:00+00:00,17.583333333333332,18.437563044081955,18.58,True
101990961244800083,air_temperature,2026-07-20 19:00:00+00:00,17.55,17.605212157002978,17.583333333333332,True
101990961244800083,air_temperature,2026-07-20 20:00:00+00:00,17.619999999999997,17.59453824561271,17.55,True
101990961244800083,air_temperature,2026-07-20 21:00:00+00:00,17.9,17.831761084015035,17.619999999999997,True
101990961244800083,air_temperature,2026-07-20 22:00:00+00:00,,18.077888797663157,17.9,False
101990961244800083,air_temperature,2026-07-20 23:00:00+00:00,,18.075613461591168,,False
101990961244800083,air_temperature,2026-07-21 00:00:00+00:00,,18.145896586732963,,False
101990961244800083,air_temperature,2026-07-21 01:00:00+00:00,,18.25997997211821,,False
101990961244800083,air_temperature,2026-07-21 02:00:00+00:00,,18.273336604470575,,False
101990961244800083,air_temperature,2026-07-21 03:00:00+00:00,,18.17952546122135,,False
101990961244800083,air_temperature,2026-07-21 04:00:00+00:00,19.2,18.832283761243897,,False
101990961244800083,air_temperature,2026-07-21 05:00:00+00:00,20.7875,20.685416168357687,19.2,True
101990961244800083,air_temperature,2026-07-21 06:00:00+00:00,23.82,23.076851704852217,20.7875,True
101990961244800083,air_temperature,2026-07-21 07:00:00+00:00,26.075,25.747189062597226,23.82,True
101990961244800083,air_temperature,2026-07-21 08:00:00+00:00,28.34,27.684310977713444,26.075,True
101990961244800083,air_temperature,2026-07-21 09:00:00+00:00,28.925,28.86049665181315,28.34,True
101990961244800083,air_temperature,2026-07-21 10:00:00+00:00,29.84,29.433300632396392,28.925,True
101990961244800083,air_temperature,2026-07-21 11:00:00+00:00,30.175,30.238694248934504,29.84,True
101990961244800083,air_temperature,2026-07-21 12:00:00+00:00,29.18,29.849649163023276,30.175,True
101990961244800083,air_temperature,2026-07-21 13:00:00+00:00,23.3,28.517074319112282,29.18,True
101990961244800083,air_temperature,2026-07-21 14:00:00+00:00,18.685714285714287,22.290392441699066,23.3,True
101990961244800083,air_temperature,2026-07-21 15:00:00+00:00,19.04,17.193095220812822,18.685714285714287,True
101990961244800083,air_temperature,2026-07-21 16:00:00+00:00,18.96,17.3938683060925,19.04,True
101990961244800083,air_temperature,2026-07-21 17:00:00+00:00,19.425,18.272035551655776,18.96,True
101990961244800083,air_temperature,2026-07-21 18:00:00+00:00,19.7,19.047037674412426,19.425,True
101990961244800083,air_temperature,2026-07-21 19:00:00+00:00,20.225,19.404452393768207,19.7,True
101990961244800083,air_temperature,2026-07-21 20:00:00+00:00,20.08,19.87281771584753,20.225,True
101990961244800083,air_temperature,2026-07-21 21:00:00+00:00,20.0,19.92329002327493,20.08,True
101990961244800083,air_temperature,2026-07-21 22:00:00+00:00,,19.87412468873825,20.0,False
101990961244800083,air_temperature,2026-07-21 23:00:00+00:00,,19.613948012352438,,False
101990961244800083,air_temperature,2026-07-22 00:00:00+00:00,,19.46560762920983,,False
101990961244800083,air_temperature,2026-07-22 01:00:00+00:00,,19.394763296309673,,False
101990961244800083,air_temperature,2026-07-22 02:00:00+00:00,,19.25216627941095,,False
101990961244800083,air_temperature,2026-07-22 03:00:00+00:00,,19.027393640011546,,False
101990961244800083,air_temperature,2026-07-22 04:00:00+00:00,19.6,19.57083885015227,,False
101990961244800083,air_temperature,2026-07-22 05:00:00+00:00,20.38,21.04365508218727,19.6,True
101990961244800083,air_temperature,2026-07-22 06:00:00+00:00,22.925,22.874456456128065,20.38,True
101990961244800083,air_temperature,2026-07-22 07:00:00+00:00,25.475,25.088352216850907,22.925,True
101990961244800083,air_temperature,2026-07-22 08:00:00+00:00,27.1,27.22557921008788,25.475,True
101990961244800083,air_temperature,2026-07-22 09:00:00+00:00,27.875,27.82183549963416,27.1,True
101990961244800083,air_temperature,2026-07-22 10:00:00+00:00,28.875,28.58530187491969,27.875,True
101990961244800083,air_temperature,2026-07-22 11:00:00+00:00,29.728571428571428,29.384130114426245,28.875,True
101990961244800083,air_temperature,2026-07-22 12:00:00+00:00,30.0,29.374698250419147,29.728571428571428,True
101990961244800083,air_temperature,2026-07-22 13:00:00+00:00,28.875,28.54558970621055,30.0,True
101990961244800083,air_temperature,2026-07-22 14:00:00+00:00,17.833333333333332,26.635775701936197,28.875,True
101990961244800083,air_temperature,2026-07-22 15:00:00+00:00,18.4,16.666865315092966,17.833333333333332,True
101990961244800083,air_temperature,2026-07-22 16:00:00+00:00,18.1,16.97204480174712,18.4,True
101990961244800083,air_temperature,2026-07-22 17:00:00+00:00,18.27142857142857,17.85221800028157,18.1,True
101990961244800083,air_temperature,2026-07-22 18:00:00+00:00,18.5,18.190005492799852,18.27142857142857,True
101990961244800083,air_temperature,2026-07-22 19:00:00+00:00,18.26,18.488285364869565,18.5,True
101990961244800083,air_temperature,2026-07-22 20:00:00+00:00,18.58,18.222367797069932,18.26,True
101990961244800083,air_temperature,2026-07-22 21:00:00+00:00,,18.65080245069856,18.58,False
101990961244800083,air_temperature,2026-07-22 22:00:00+00:00,,18.72286149837789,,False
101990961244800083,air_temperature,2026-07-22 23:00:00+00:00,,18.631225651236704,,False
101990961244800083,air_temperature,2026-07-23 00:00:00+00:00,,18.626335091812447,,False
101990961244800083,air_temperature,2026-07-23 01:00:00+00:00,,18.677512373792478,,False
101990961244800083,air_temperature,2026-07-23 02:00:00+00:00,,18.638623627454443,,False
101990961244800083,air_temperature,2026-07-23 03:00:00+00:00,,18.501893865254466,,False
101990961244800083,air_temperature,2026-07-23 04:00:00+00:00,19.5,19.119966372573217,,False
101990961244800083,air_temperature,2026-07-23 05:00:00+00:00,20.26,20.863511651780076,19.5,True
101990961244800083,air_temperature,2026-07-23 06:00:00+00:00,22.35,22.74362646231902,20.26,True
101990961244800083,air_temperature,2026-07-23 07:00:00+00:00,24.96,24.633995436817735,22.35,True
101990961244800083,air_temperature,2026-07-23 08:00:00+00:00,26.660000000000004,26.73525856866731,24.96,True
101990961244800083,air_temperature,2026-07-23 09:00:00+00:00,27.880000000000003,27.450771140330954,26.660000000000004,True
101990961244800083,air_temperature,2026-07-23 10:00:00+00:00,28.58,28.605001413038654,27.880000000000003,True
101990961244800083,air_temperature,2026-07-23 11:00:00+00:00,29.1,29.17800802503936,28.58,True
101990961244800083,air_temperature,2026-07-23 12:00:00+00:00,29.53333333333333,28.951619945371064,29.1,True
101990961244800083,air_temperature,2026-07-23 13:00:00+00:00,29.06,28.456935039197745,29.53333333333333,True
101990961244800083,air_temperature,2026-07-23 14:00:00+00:00,26.33333333333333,25.870521942626752,29.06,True
101990961244800083,air_temperature,2026-07-23 15:00:00+00:00,21.3,24.03467185073243,26.33333333333333,True
101990961244800083,air_temperature,2026-07-23 16:00:00+00:00,21.0,19.501694645580365,21.3,True
101990961244800083,air_temperature,2026-07-23 17:00:00+00:00,20.14,20.327883556521783,21.0,True
101990961244800083,air_temperature,2026-07-23 18:00:00+00:00,19.257142857142856,19.791119502913933,20.14,True
101990961244800083,air_temperature,2026-07-23 19:00:00+00:00,19.03333333333333,19.062897246518904,19.257142857142856,True
101990961244800083,air_temperature,2026-07-23 20:00:00+00:00,18.666666666666668,18.916142937419554,19.03333333333333,True
101990961244800083,air_temperature,2026-07-23 21:00:00+00:00,,18.725361326025897,18.666666666666668,False
101990961244800083,air_temperature,2026-07-23 22:00:00+00:00,,18.79231751002794,,False
101990961244800083,air_temperature,2026-07-23 23:00:00+00:00,,18.69735355263843,,False
101990961244800083,air_temperature,2026-07-24 00:00:00+00:00,,18.690823860805622,,False
101990961244800083,air_temperature,2026-07-24 01:00:00+00:00,,18.742009277975754,,False
101990961244800083,air_temperature,2026-07-24 02:00:00+00:00,,18.704775446186048,,False
101990961244800083,air_temperature,2026-07-24 03:00:00+00:00,,18.571389632310073,,False
101990961244800083,air_temperature,2026-07-24 04:00:00+00:00,19.15,19.19458239989341,,False
101990961244800083,air_temperature,2026-07-24 05:00:00+00:00,21.53333333333333,20.518678620448792,19.15,True
101990961244800083,air_temperature,2026-07-24 06:00:00+00:00,23.85,23.773518909329802,21.53333333333333,True
101990961244800083,air_temperature,2026-07-24 07:00:00+00:00,25.866666666666664,25.933197874697356,23.85,True
101990961244800083,air_temperature,2026-07-24 08:00:00+00:00,26.816666666666663,27.503002658292843,25.866666666666664,True
101990961244800083,air_temperature,2026-07-24 09:00:00+00:00,27.96666666666667,27.635611513757915,26.816666666666663,True
101990961244800083,air_temperature,2026-07-24 10:00:00+00:00,28.76,28.659594926742237,27.96666666666667,True
101990961244800083,air_temperature,2026-07-24 11:00:00+00:00,29.06,29.304008730007133,28.76,True
101990961244800083,air_temperature,2026-07-24 12:00:00+00:00,29.54,28.96071209364229,29.06,True
101990961244800083,air_temperature,2026-07-24 13:00:00+00:00,28.8,28.53747419406508,29.54,True
101990961244800083,air_temperature,2026-07-24 14:00:00+00:00,27.54,26.170630079767058,28.8,True
101990961244800083,air_temperature,2026-07-24 15:00:00+00:00,25.425,24.62375738223566,27.54,True
101990961244800083,air_temperature,2026-07-24 16:00:00+00:00,21.516666666666666,23.144033001460205,25.425,True
101990961244800083,air_temperature,2026-07-24 17:00:00+00:00,20.125,20.720202193166987,21.516666666666666,True
101990961244800083,air_temperature,2026-07-24 18:00:00+00:00,18.975,19.6931566723673,20.125,True
101990961244800083,air_temperature,2026-07-24 19:00:00+00:00,18.58333333333333,18.827901134397646,18.975,True
101990961244800083,air_temperature,2026-07-24 20:00:00+00:00,18.1,18.48198692691818,18.58333333333333,True
101990961244800083,air_temperature,2026-07-24 21:00:00+00:00,18.1,18.239572800052684,18.1,True
101990961244800083,air_temperature,2026-07-24 22:00:00+00:00,,18.25579645903436,18.1,False
101990961244800083,air_temperature,2026-07-24 23:00:00+00:00,,18.23597228550391,,False
101990961244800083,air_temperature,2026-07-25 00:00:00+00:00,,18.292801391052873,,False
101990961244800083,air_temperature,2026-07-25 01:00:00+00:00,,18.39718216585964,,False
101990961244800083,air_temperature,2026-07-25 02:00:00+00:00,,18.404339328496132,,False
101990961244800083,air_temperature,2026-07-25 03:00:00+00:00,,18.307673567264963,,False
101990961244800083,air_temperature,2026-07-25 04:00:00+00:00,19.2,18.96085067256584,,False
101990961244800083,air_temperature,2026-07-25 05:00:00+00:00,21.957142857142856,20.727443575433227,19.2,True
101990961244800083,air_temperature,2026-07-25 06:00:00+00:00,24.53333333333333,24.163802157842387,21.957142857142856,True
101990961244800083,air_temperature,2026-07-25 07:00:00+00:00,26.366666666666664,26.4892972166516,24.53333333333333,True
101990961244800083,air_temperature,2026-07-25 08:00:00+00:00,27.18,27.84678674182175,26.366666666666664,True
101990961244800083,air_temperature,2026-07-25 09:00:00+00:00,28.6,27.964856230092494,27.18,True
101990961244800083,air_temperature,2026-07-25 10:00:00+00:00,29.4,29.212467908437823,28.6,True
101990961244800083,air_temperature,2026-07-25 11:00:00+00:00,30.025,29.821792258601022,29.4,True
101990961244800083,air_temperature,2026-07-25 12:00:00+00:00,29.48333333333333,29.824643366299743,30.025,True
101990961244800083,air_temperature,2026-07-25 13:00:00+00:00,29.03333333333333,28.491147239272784,29.48333333333333,True
101990961244800083,air_temperature,2026-07-25 14:00:00+00:00,28.04,26.545518486854903,29.03333333333333,True
101990961244800083,air_temperature,2026-07-25 15:00:00+00:00,26.54,25.28586189087572,28.04,True
101990961244800083,air_temperature,2026-07-25 16:00:00+00:00,24.74,23.80884128756052,26.54,True
101990961244800083,air_temperature,2026-07-25 17:00:00+00:00,23.925,23.401210609793857,24.74,True
101990961244800083,air_temperature,2026-07-25 18:00:00+00:00,22.475,22.86831406452076,23.925,True
101990961244800083,air_temperature,2026-07-25 19:00:00+00:00,21.04,21.782735831704613,22.475,True
101990961244800083,air_temperature,2026-07-25 20:00:00+00:00,21.25,20.53965560855399,21.04,True
101990961244800083,air_temperature,2026-07-25 21:00:00+00:00,20.8,20.903889826887674,21.25,True
101990961244800083,air_temperature,2026-07-25 22:00:00+00:00,,20.560379534897265,20.8,False
101990961244800083,air_temperature,2026-07-25 23:00:00+00:00,,20.203978880223076,,False
101990961244800083,air_temperature,2026-07-26 00:00:00+00:00,,19.974479283687433,,False
101990961244800083,air_temperature,2026-07-26 01:00:00+00:00,,19.83546821061787,,False
101990961244800083,air_temperature,2026-07-26 02:00:00+00:00,,19.635956834809473,,False
101990961244800083,air_temperature,2026-07-26 03:00:00+00:00,,19.364069041167706,,False
101990961244800083,air_temperature,2026-07-26 04:00:00+00:00,,19.86899426646084,,False
101990961244800083,air_temperature,2026-07-26 05:00:00+00:00,21.08333333333333,21.40877938346276,,False
101990961244800083,air_temperature,2026-07-26 06:00:00+00:00,23.17142857142857,23.46330394922296,21.08333333333333,True
101990961244800083,air_temperature,2026-07-26 07:00:00+00:00,25.53333333333333,25.315224402421403,23.17142857142857,True
101990961244800083,air_temperature,2026-07-26 08:00:00+00:00,26.950000000000003,27.087875250615287,25.53333333333333,True
101990961244800083,air_temperature,2026-07-26 09:00:00+00:00,27.92,27.83049733253245,26.950000000000003,True
101990961244800083,air_temperature,2026-07-26 10:00:00+00:00,29.24,28.651264251631428,27.92,True
101990961244800083,air_temperature,2026-07-26 11:00:00+00:00,27.95,29.7236851691271,29.24,True
101990961244800083,air_temperature,2026-07-26 12:00:00+00:00,28.62,27.981175183635983,27.95,True
101990961244800083,air_temperature,2026-07-26 13:00:00+00:00,27.52,27.80810326434012,28.62,True
101990961244800083,air_temperature,2026-07-26 14:00:00+00:00,25.7,25.373452474163212,27.52,True
101990961244800083,air_temperature,2026-07-26 15:00:00+00:00,25.05,23.415735121373796,25.7,True
101990961244800083,air_temperature,2026-07-26 16:00:00+00:00,23.84,22.7347682305007,25.05,True
101990961244800083,air_temperature,2026-07-26 17:00:00+00:00,22.58,22.73100754929792,23.84,True
101990961244800083,air_temperature,2026-07-26 18:00:00+00:00,21.76,21.710619026105036,22.58,True
101990961244800083,air_temperature,2026-07-26 19:00:00+00:00,20.96,21.092282002979406,21.76,True
101990961244800083,air_temperature,2026-07-26 20:00:00+00:00,21.025,20.581394050653895,20.96,True
101990961244800083,air_temperature,2026-07-26 21:00:00+00:00,21.1,20.70495970297867,21.025,True
101990961244800083,air_temperature,2026-07-26 22:00:00+00:00,,20.81048618622535,21.1,False
101990961244800083,air_temperature,2026-07-26 23:00:00+00:00,,20.410577957524474,,False
101990961244800083,air_temperature,2026-07-27 00:00:00+00:00,,20.14284576746488,,False
101990961244800083,air_temperature,2026-07-27 01:00:00+00:00,,19.969900887909965,,False
101990961244800083,air_temperature,2026-07-27 02:00:00+00:00,,19.739888133278203,,False
101990961244800083,air_temperature,2026-07-27 03:00:00+00:00,,19.440152606273376,,False
101990961244800083,air_temperature,2026-07-27 04:00:00+00:00,,19.91917254725114,,False
101990961244800083,air_temperature,2026-07-27 05:00:00+00:00,21.5,21.373706010414807,,False
101990961244800083,air_temperature,2026-07-27 06:00:00+00:00,22.9,23.762180690863435,21.5,True
101990961244800083,air_temperature,2026-07-27 07:00:00+00:00,25.75,25.11778929916997,22.9,True
101990961244800083,air_temperature,2026-07-27 08:00:00+00:00,25.3,27.29155990068251,25.75,True
101990961244800083,air_temperature,2026-07-27 09:00:00+00:00,26.9,26.40151831081458,25.3,True
101990961244800083,air_temperature,2026-07-27 10:00:00+00:00,,27.845964061639616,26.9,False
101990961244800083,air_temperature,2026-07-27 11:00:00+00:00,28.4,28.30238516538556,,False
101990961244800083,air_temperature,2026-07-27 12:00:00+00:00,20.0,28.460856510354738,28.4,True
101990961244800083,air_temperature,2026-07-27 13:00:00+00:00,20.2,20.394828549893095,20.0,True
101990961244800083,air_temperature,2026-07-27 14:00:00+00:00,,19.093544983186757,20.2,False
101990961244800083,air_temperature,2026-07-27 15:00:00+00:00,19.0,17.92317564043506,,False
101990961244800083,air_temperature,2026-07-27 16:00:00+00:00,18.3,17.67317872033513,19.0,True
101990961244800083,air_temperature,2026-07-27 17:00:00+00:00,18.325,17.964237266940778,18.3,True
101990961244800083,air_temperature,2026-07-27 18:00:00+00:00,18.4,18.112063816041573,18.325,True
101990961244800083,air_temperature,2026-07-27 19:00:00+00:00,,18.250242413641256,18.4,False
101990961244800083,air_temperature,2026-07-27 20:00:00+00:00,,18.292035066664273,,False
101990961244800083,air_temperature,2026-07-27 21:00:00+00:00,,18.43511813226918,,False
101990961244800083,air_temperature,2026-07-27 22:00:00+00:00,,18.541933301391083,,False
101990961244800083,air_temperature,2026-07-27 23:00:00+00:00,,18.480431802642734,,False
101990961244800083,air_temperature,2026-07-28 00:00:00+00:00,,18.50182452258499,,False
101990961244800083,air_temperature,2026-07-28 01:00:00+00:00,,18.576104869427002,,False
101990961244800083,air_temperature,2026-07-28 02:00:00+00:00,,18.557729981739158,,False
101990961244800083,air_temperature,2026-07-28 03:00:00+00:00,,18.439448645938576,,False
101990961244800083,air_temperature,2026-07-28 04:00:00+00:00,,19.074372117129705,,False
101990961244800083,air_temperature,2026-07-28 05:00:00+00:00,,20.659625217373843,,False
101990961244800083,air_temperature,2026-07-28 06:00:00+00:00,,22.950267618683075,,False
101990961244800083,air_temperature,2026-07-28 07:00:00+00:00,,25.22945819586502,,False
101990961244800083,air_temperature,2026-07-28 08:00:00+00:00,,26.6064080807816,,False
101990961244800083,air_temperature,2026-07-28 09:00:00+00:00,,27.571354896598702,,False
101990961244800083,air_temperature,2026-07-28 10:00:00+00:00,,28.393499433388076,,False
101990961244800083,air_temperature,2026-07-28 11:00:00+00:00,,28.86691450511553,,False
101990961244800083,air_temperature,2026-07-28 12:00:00+00:00,,27.76280104221361,,False
101990961244800083,air_temperature,2026-07-28 13:00:00+00:00,,27.000965368964835,,False
101990961244800083,air_temperature,2026-07-28 14:00:00+00:00,,24.936469756116892,,False
101990961244800083,air_temperature,2026-07-28 15:00:00+00:00,,22.89459726671722,,False
101990961244800083,air_temperature,2026-07-28 16:00:00+00:00,,21.012673809159047,,False
101990961244800083,air_temperature,2026-07-28 17:00:00+00:00,,20.32836750429753,,False
101990961244800083,air_temperature,2026-07-28 18:00:00+00:00,,19.85490266176293,,False
101990961244800083,air_temperature,2026-07-28 19:00:00+00:00,,19.4995867248991,,False
101990961244800083,air_temperature,2026-07-28 20:00:00+00:00,,19.332188510356353,,False
101990961244800083,air_temperature,2026-07-28 21:00:00+00:00,,19.302109828000468,,False
101990961244800083,air_temperature,2026-07-28 22:00:00+00:00,,19.280482187978983,,False
101990961244800083,air_temperature,2026-07-28 23:00:00+00:00,,19.10939501868722,,False
101990961244800083,air_temperature,2026-07-29 00:00:00+00:00,,19.037261189905376,,False
101990961244800083,air_temperature,2026-07-29 01:00:00+00:00,,19.03168612561557,,False
101990961244800083,air_temperature,2026-07-29 02:00:00+00:00,,18.94508804105756,,False
101990961244800083,air_temperature,2026-07-29 03:00:00+00:00,,18.768473801020154,,False
101990961244800083,air_temperature,2026-07-29 04:00:00+00:00,,19.353465264739622,,False
101990961244800083,air_temperature,2026-07-29 05:00:00+00:00,,20.895700676875407,,False
101990961244800083,air_temperature,2026-07-29 06:00:00+00:00,,23.196595198299107,,False
101990961244800083,air_temperature,2026-07-29 07:00:00+00:00,,25.406316023185486,,False
101990961244800083,air_temperature,2026-07-29 08:00:00+00:00,,26.860085585986475,,False
101990961244800083,air_temperature,2026-07-29 09:00:00+00:00,,27.761597861657755,,False
101990961244800083,air_temperature,2026-07-29 10:00:00+00:00,27.7,28.551386418877875,,False
101990961244800083,air_temperature,2026-07-29 11:00:00+00:00,28.0,28.278052266767734,27.7,True
101990961244800083,air_temperature,2026-07-29 12:00:00+00:00,26.1,27.455995332291778,28.0,True
101990961244800083,air_temperature,2026-07-29 13:00:00+00:00,27.1,25.59328030884193,26.1,True
101990961244800083,air_temperature,2026-07-29 14:00:00+00:00,25.96666666666667,24.991102668801098,27.1,True
101990961244800083,air_temperature,2026-07-29 15:00:00+00:00,21.9,23.731552945932137,25.96666666666667,True
101990961244800083,air_temperature,2026-07-29 16:00:00+00:00,19.96,20.12750008774779,21.9,True
101990961244800083,air_temperature,2026-07-29 17:00:00+00:00,19.4,19.410938683708462,19.96,True
101990961244800083,air_temperature,2026-07-29 18:00:00+00:00,,19.046418912620233,19.4,False
101990961244800083,air_temperature,2026-07-29 19:00:00+00:00,,18.808096580299356,,False
101990961244800083,air_temperature,2026-07-29 20:00:00+00:00,,18.737946933073175,,False
101990961244800083,air_temperature,2026-07-29 21:00:00+00:00,,18.79050115628204,,False
101990961244800083,air_temperature,2026-07-29 22:00:00+00:00,,18.839771554581663,,False
101990961244800083,air_temperature,2026-07-29 23:00:00+00:00,,18.72832989632802,,False
101990961244800083,air_temperature,2026-07-30 00:00:00+00:00,,18.7061119615497,,False
101990961244800083,air_temperature,2026-07-30 01:00:00+00:00,,18.74199766119739,,False
101990961244800083,air_temperature,2026-07-30 02:00:00+00:00,,18.689463815277666,,False
101990961244800083,air_temperature,2026-07-30 03:00:00+00:00,,18.540387040170565,,False
101990961244800083,air_temperature,2026-07-30 04:00:00+00:00,,19.147092300624706,,False
101990961244800083,air_temperature,2026-07-30 05:00:00+00:00,,20.705759805075854,,False
101990961244800083,air_temperature,2026-07-30 06:00:00+00:00,,23.021014434965732,,False
101990961244800083,air_temperature,2026-07-30 07:00:00+00:00,,25.235554740951144,,False
101990961244800083,air_temperature,2026-07-30 08:00:00+00:00,,26.698117519279066,,False
101990961244800083,air_temperature,2026-07-30 09:00:00+00:00,,27.59565949115366,,False
101990961244800083,air_temperature,2026-07-30 10:00:00+00:00,,28.3788024839053,,False
101990961244800083,air_temperature,2026-07-30 11:00:00+00:00,,28.8196357577613,,False
101990961244800083,air_temperature,2026-07-30 12:00:00+00:00,,28.000274137764908,,False
101990961244800083,air_temperature,2026-07-30 13:00:00+00:00,,27.414536722421612,,False
101990961244800083,air_temperature,2026-07-30 14:00:00+00:00,,25.394342145697756,,False
101990961244800083,air_temperature,2026-07-30 15:00:00+00:00,,22.995248146781677,,False
101990961244800083,air_temperature,2026-07-30 16:00:00+00:00,,21.037459834562625,,False
101990961244800083,air_temperature,2026-07-30 17:00:00+00:00,,20.327686449195603,,False
101990961244800083,air_temperature,2026-07-30 18:00:00+00:00,,19.837271289813838,,False
101990961244800083,air_temperature,2026-07-30 19:00:00+00:00,,19.483373866175903,,False
101990961244800083,air_temperature,2026-07-30 20:00:00+00:00,,19.31476791666652,,False
101990961244800083,air_temperature,2026-07-30 21:00:00+00:00,,19.28362637602304,,False
101990961244800083,air_temperature,2026-07-30 22:00:00+00:00,,19.261869904471794,,False
101990961244800083,air_temperature,2026-07-30 23:00:00+00:00,,19.090178682015218,,False
101990961244800083,air_temperature,2026-07-31 00:00:00+00:00,,19.016950155332,,False
101990961244800083,air_temperature,2026-07-31 01:00:00+00:00,,19.009761797823906,,False
101990961244800083,air_temperature,2026-07-31 02:00:00+00:00,,18.920990633017396,,False
101990961244800083,air_temperature,2026-07-31 03:00:00+00:00,,18.741588041120416,,False
101990961244800083,air_temperature,2026-07-31 04:00:00+00:00,,19.323104687250574,,False
101990961244800083,air_temperature,2026-07-31 05:00:00+00:00,,20.861076914893452,,False
101990961244800083,air_temperature,2026-07-31 06:00:00+00:00,,23.159765277542462,,False
101990961244800083,air_temperature,2026-07-31 07:00:00+00:00,,25.360984602599984,,False
101990961244800083,air_temperature,2026-07-31 08:00:00+00:00,,26.81391916319861,,False
101990961244800083,air_temperature,2026-07-31 09:00:00+00:00,,27.704282301201715,,False
101990961244800083,air_temperature,2026-07-31 10:00:00+00:00,,28.48311050455175,,False
101990961244800083,air_temperature,2026-07-31 11:00:00+00:00,,28.92272491573937,,False
101990961244800083,air_temperature,2026-07-31 12:00:00+00:00,,28.158808113828407,,False
101990961244800083,air_temperature,2026-07-31 13:00:00+00:00,,27.472922961329566,,False
101990961244800083,air_temperature,2026-07-31 14:00:00+00:00,,25.394694256714704,,False
101990961244800083,air_temperature,2026-07-31 15:00:00+00:00,,23.088639367683108,,False
101990961244800083,air_temperature,2026-07-31 16:00:00+00:00,,21.12552828738428,,False
101990961244800083,air_temperature,2026-07-31 17:00:00+00:00,,20.403302155423187,,False
101990961244800083,air_temperature,2026-07-31 18:00:00+00:00,,19.901732979244894,,False
101990961244800083,air_temperature,2026-07-31 19:00:00+00:00,,19.538390124751444,,False
101990961244800083,air_temperature,2026-07-31 20:00:00+00:00,,19.361736233265937,,False
101990961244800083,air_temperature,2026-07-31 21:00:00+00:00,,19.323747903675674,,False
101990961244800083,air_temperature,2026-07-31 22:00:00+00:00,,19.296173644959588,,False
101990961244800083,air_temperature,2026-07-31 23:00:00+00:00,,19.11954050205549,,False
101990961244800083,air_temperature,2026-08-01 00:00:00+00:00,,19.042119741127113,,False
101990961244800083,air_temperature,2026-08-01 01:00:00+00:00,,19.031381796565483,,False
101990961244800083,air_temperature,2026-08-01 02:00:00+00:00,,18.939613061396827,,False
101990961244800083,air_temperature,2026-08-01 03:00:00+00:00,,18.757688379799028,,False
101990961244800083,air_temperature,2026-08-01 04:00:00+00:00,,19.337094021159213,,False
101990961244800083,air_temperature,2026-08-01 05:00:00+00:00,,20.87331238629846,,False
101990961244800083,air_temperature,2026-08-01 06:00:00+00:00,,23.170568895951973,,False
101990961244800083,air_temperature,2026-08-01 07:00:00+00:00,,25.370614726071775,,False
101990961244800083,air_temperature,2026-08-01 08:00:00+00:00,,26.822650499348708,,False
101990961244800083,air_temperature,2026-08-01 09:00:00+00:00,27.933333333333334,27.71230795187434,,False
101990961244800083,air_temperature,2026-08-01 10:00:00+00:00,,28.678925917974507,27.933333333333334,False
101990961244800083,air_temperature,2026-08-01 11:00:00+00:00,28.55,29.0907323086852,,False
101990961244800083,air_temperature,2026-08-01 12:00:00+00:00,,27.8455200997491,28.55,False
101990961244800083,air_temperature,2026-08-01 13:00:00+00:00,27.0,27.201684413210348,,False
101990961244800083,air_temperature,2026-08-01 14:00:00+00:00,26.6,24.98904237375895,27.0,True
101990961244800083,air_temperature,2026-08-01 15:00:00+00:00,25.7,24.118740813958034,26.6,True
101990961244800083,air_temperature,2026-08-01 16:00:00+00:00,21.8,23.352614426046596,25.7,True
101990961244800083,air_temperature,2026-08-01 17:00:00+00:00,20.7,20.9789280174922,21.8,True
101990961244800083,air_temperature,2026-08-01 18:00:00+00:00,20.1,20.155437620044758,20.7,True
101990961244800083,air_temperature,2026-08-01 19:00:00+00:00,19.4,19.708360970407764,20.1,True
101990961244800083,air_temperature,2026-08-01 20:00:00+00:00,,19.24491139841713,19.4,False
101990961244800083,air_temperature,2026-08-01 21:00:00+00:00,,19.225505628690016,,False
101990961244800083,air_temperature,2026-08-01 22:00:00+00:00,,19.214005861454975,,False
101990961244800083,air_temperature,2026-08-01 23:00:00+00:00,,19.051349248606172,,False
101990961244800083,air_temperature,2026-08-02 00:00:00+00:00,,18.986163912929815,,False
101990961244800083,air_temperature,2026-08-02 01:00:00+00:00,,18.986232692428963,,False
101990961244800083,air_temperature,2026-08-02 02:00:00+00:00,,18.904117903312994,,False
101990961244800083,air_temperature,2026-08-02 03:00:00+00:00,,18.73094088095631,,False
101990961244800083,air_temperature,2026-08-02 04:00:00+00:00,,19.318411250190678,,False
101990961244800083,air_temperature,2026-08-02 05:00:00+00:00,19.7,20.86221546201273,,False
101990961244800083,air_temperature,2026-08-02 06:00:00+00:00,22.399999999999995,22.17901567316268,19.7,True
101990961244800083,air_temperature,2026-08-02 07:00:00+00:00,24.5,24.722764564486244,22.399999999999995,True
101990961244800083,air_temperature,2026-08-02 08:00:00+00:00,27.1,26.092020708423775,24.5,True
101990961244800083,air_temperature,2026-08-02 09:00:00+00:00,27.4,27.956305663682112,27.1,True
101990961244800083,air_temperature,2026-08-02 10:00:00+00:00,28.4,28.186044817185913,27.4,True
101990961244800083,air_temperature,2026-08-02 11:00:00+00:00,28.1,28.8064316219609,28.4,True
101990961244800083,air_temperature,2026-08-02 12:00:00+00:00,29.2,27.448098178962617,28.1,True
101990961244800083,air_temperature,2026-08-02 13:00:00+00:00,28.0,28.322418468561196,29.2,True
101990961244800083,air_temperature,2026-08-02 14:00:00+00:00,26.133333333333336,26.068067349596273,28.0,True
101990961244800083,air_temperature,2026-08-02 15:00:00+00:00,,23.94551756259804,26.133333333333336,False
101990961244800083,air_temperature,2026-08-02 16:00:00+00:00,,21.638835338816005,,False
101990961244800083,air_temperature,2026-08-02 17:00:00+00:00,22.9,20.80221349355385,,False
101990961244800083,air_temperature,2026-08-02 18:00:00+00:00,,22.02257936122556,22.9,False
101990961244800083,air_temperature,2026-08-02 19:00:00+00:00,,21.3008004134304,,False
101990961244800083,air_temperature,2026-08-02 20:00:00+00:00,,20.853169353109184,,False
101990961244800083,air_temperature,2026-08-02 21:00:00+00:00,,20.58223281251593,,False
101990961244800083,air_temperature,2026-08-02 22:00:00+00:00,,20.353843124319578,,False
101990961244800083,air_temperature,2026-08-02 23:00:00+00:00,,20.003399697119136,,False
101990961244800083,air_temperature,2026-08-03 00:00:00+00:00,,19.77473595329222,,False
101990961244800083,air_temperature,2026-08-03 01:00:00+00:00,,19.631460687264497,,False
101990961244800083,air_temperature,2026-08-03 02:00:00+00:00,,19.42247625796999,,False
101990961244800083,air_temperature,2026-08-03 03:00:00+00:00,,19.13566467779116,,False
101990961244800083,air_temperature,2026-08-03 04:00:00+00:00,,19.619834171505836,,False
101990961244800083,air_temperature,2026-08-03 05:00:00+00:00,21.65,21.068035718662145,,False
101990961244800083,air_temperature,2026-08-03 06:00:00+00:00,,23.870312714146614,21.65,False
101990961244800083,air_temperature,2026-08-03 07:00:00+00:00,25.366666666666664,25.938385966809314,,False
101990961244800083,air_temperature,2026-08-03 08:00:00+00:00,26.5,26.976889899524245,25.366666666666664,True
101990961244800083,air_temperature,2026-08-03 09:00:00+00:00,28.2,27.361540762851156,26.5,True
101990961244800083,air_temperature,2026-08-03 10:00:00+00:00,,28.91723377358199,28.2,False
101990961244800083,air_temperature,2026-08-03 11:00:00+00:00,28.2,29.1647333812726,,False
101990961244800083,air_temperature,2026-08-03 12:00:00+00:00,29.65,27.786128874944527,28.2,True
101990961244800083,air_temperature,2026-08-03 13:00:00+00:00,27.0,28.66864432802101,29.65,True
101990961244800083,air_temperature,2026-08-03 14:00:00+00:00,,25.142127130463397,27.0,False
101990961244800083,air_temperature,2026-08-03 15:00:00+00:00,21.0,23.11273703771212,,False
101990961244800083,air_temperature,2026-08-03 16:00:00+00:00,19.8,19.319203468064746,21.0,True
101990961244800083,air_temperature,2026-08-03 17:00:00+00:00,19.625,19.377878241761703,19.8,True
101990961244800083,air_temperature,2026-08-03 18:00:00+00:00,19.066666666666663,19.237393970791267,19.625,True
101990961244800083,air_temperature,2026-08-03 19:00:00+00:00,18.9,18.801085916142988,19.066666666666663,True
101990961244800083,air_temperature,2026-08-03 20:00:00+00:00,,18.81597226189512,18.9,False
101990961244800083,air_temperature,2026-08-03 21:00:00+00:00,,18.856658345755633,,False
101990961244800083,air_temperature,2026-08-03 22:00:00+00:00,,18.895832724111106,,False
101990961244800083,air_temperature,2026-08-03 23:00:00+00:00,,18.775726437922327,,False
101990961244800083,air_temperature,2026-08-04 00:00:00+00:00,,18.746054036187964,,False
101990961244800083,air_temperature,2026-08-04 01:00:00+00:00,,18.775505097238614,,False
101990961244800083,air_temperature,2026-08-04 02:00:00+00:00,,18.717392147645864,,False
101990961244800083,air_temperature,2026-08-04 03:00:00+00:00,,18.563449354274013,,False
101990961244800083,air_temperature,2026-08-04 04:00:00+00:00,,19.165877438832513,,False
101990961244800083,air_temperature,2026-08-04 05:00:00+00:00,,20.720747001095972,,False
101990961244800083,air_temperature,2026-08-04 06:00:00+00:00,,23.02684537706912,,False
101990961244800083,air_temperature,2026-08-04 07:00:00+00:00,,25.1835300605577,,False
101990961244800083,air_temperature,2026-08-04 08:00:00+00:00,,26.701923306970613,,False
101990961244800083,air_temperature,2026-08-04 09:00:00+00:00,,27.679529151550078,,False
101990961244800083,air_temperature,2026-08-04 10:00:00+00:00,,28.39890763884653,,False
101990961244800083,air_temperature,2026-08-04 11:00:00+00:00,,28.68518223462715,,False
101990961244800083,air_temperature,2026-08-04 12:00:00+00:00,,28.369140234018943,,False
101990961244800083,air_temperature,2026-08-04 13:00:00+00:00,,27.36758495899485,,False
101990961244800083,air_temperature,2026-08-04 14:00:00+00:00,,25.309723464708885,,False
101990961244800083,air_temperature,2026-08-04 15:00:00+00:00,,23.041775371531074,,False
101990961244800083,air_temperature,2026-08-04 16:00:00+00:00,,21.087931424308085,,False
101990961244800083,air_temperature,2026-08-04 17:00:00+00:00,,20.462030429624544,,False
101990961244800083,air_temperature,2026-08-04 18:00:00+00:00,,19.92465931042588,,False
101990961244800083,air_temperature,2026-08-04 19:00:00+00:00,,19.54655438115664,,False
101990961244800083,air_temperature,2026-08-04 20:00:00+00:00,,19.365416220610822,,False
101990961244800083,air_temperature,2026-08-04 21:00:00+00:00,,19.323020663452425,,False
101990961244800083,air_temperature,2026-08-04 22:00:00+00:00,,19.291020884589795,,False
101990961244800083,air_temperature,2026-08-04 23:00:00+00:00,,19.10983065734943,,False
101990961244800083,air_temperature,2026-08-05 00:00:00+00:00,,19.02760489349602,,False
101990961244800083,air_temperature,2026-08-05 01:00:00+00:00,,19.011691342740043,,False
101990961244800083,air_temperature,2026-08-05 02:00:00+00:00,,18.914244251154795,,False
101990961244800083,air_temperature,2026-08-05 03:00:00+00:00,,18.725993479213038,,False
101990961244800083,air_temperature,2026-08-05 04:00:00+00:00,,19.298263773697276,,False
101990961244800083,air_temperature,2026-08-05 05:00:00+00:00,,20.82635572492437,,False
101990961244800083,air_temperature,2026-08-05 06:00:00+00:00,,23.130460056608232,,False
101990961244800083,air_temperature,2026-08-05 07:00:00+00:00,,25.289215431299354,,False
101990961244800083,air_temperature,2026-08-05 08:00:00+00:00,,26.813070096477613,,False
101990961244800083,air_temperature,2026-08-05 09:00:00+00:00,,27.73355192708704,,False
101990961244800083,air_temperature,2026-08-05 10:00:00+00:00,,28.46862758906346,,False
101990961244800083,air_temperature,2026-08-05 11:00:00+00:00,,28.775210535476656,,False
101990961244800083,air_temperature,2026-08-05 12:00:00+00:00,19.5,28.34624925795881,,False
101990961244800083,air_temperature,2026-08-05 13:00:00+00:00,,19.890871114574562,19.5,False
101990961244800083,air_temperature,2026-08-05 14:00:00+00:00,,18.979426637188926,,False
101990961244800083,air_temperature,2026-08-05 15:00:00+00:00,19.0,17.694974582338467,,False
101990961244800083,air_temperature,2026-08-05 16:00:00+00:00,17.4,17.602957954888698,19.0,True
101990961244800083,air_temperature,2026-08-05 17:00:00+00:00,,17.28810759653316,17.4,False
101990961244800083,air_temperature,2026-08-05 18:00:00+00:00,,17.210659860336932,,False
101990961244800083,air_temperature,2026-08-05 19:00:00+00:00,,17.20788915608994,,False
101990961244800083,air_temperature,2026-08-05 20:00:00+00:00,,17.345296377701946,,False
101990961244800083,air_temperature,2026-08-05 21:00:00+00:00,,17.56986708251903,,False
101990961244800083,air_temperature,2026-08-05 22:00:00+00:00,,17.760070835272817,,False
101990961244800083,air_temperature,2026-08-05 23:00:00+00:00,,17.76199486871607,,False
101990961244800083,air_temperature,2026-08-06 00:00:00+00:00,,17.82846949417989,,False
101990961244800083,air_temperature,2026-08-06 01:00:00+00:00,,17.930639182046242,,False
101990961244800083,air_temperature,2026-08-06 02:00:00+00:00,,17.92367316110473,,False
101990961244800083,air_temperature,2026-08-06 03:00:00+00:00,,17.800611516812253,,False
101990961244800083,air_temperature,2026-08-06 04:00:00+00:00,,18.414443449151143,,False
101990961244800083,air_temperature,2026-08-06 05:00:00+00:00,,19.961530955474373,,False
101990961244800083,air_temperature,2026-08-06 06:00:00+00:00,,22.26388403830022,,False
101990961244800083,air_temperature,2026-08-06 07:00:00+00:00,,24.398845276662612,,False
101990961244800083,air_temperature,2026-08-06 08:00:00+00:00,,25.87620835898513,,False
101990961244800083,air_temperature,2026-08-06 09:00:00+00:00,,26.7224311348881,,False
101990961244800083,air_temperature,2026-08-06 10:00:00+00:00,,27.36131603643365,,False
101990961244800083,air_temperature,2026-08-06 11:00:00+00:00,,27.543400665314792,,False
101990961244800083,air_temperature,2026-08-06 12:00:00+00:00,,26.942955307674065,,False
101990961244800083,air_temperature,2026-08-06 13:00:00+00:00,,26.3033640367609,,False
101990961244800083,air_temperature,2026-08-06 14:00:00+00:00,,24.521094163099313,,False
101990961244800083,air_temperature,2026-08-06 15:00:00+00:00,,22.51006989846934,,False
101990961244800083,air_temperature,2026-08-06 16:00:00+00:00,,20.569652161012264,,False
101990961244800083,air_temperature,2026-08-06 17:00:00+00:00,,19.995046833679513,,False
101990961244800083,air_temperature,2026-08-06 18:00:00+00:00,,19.52556076073975,,False
101990961244800083,air_temperature,2026-08-06 19:00:00+00:00,,19.188976951330048,,False
101990961244800083,air_temperature,2026-08-06 20:00:00+00:00,,19.043574882771118,,False
101990961244800083,air_temperature,2026-08-06 21:00:00+00:00,,19.02869791332797,,False
101990961244800083,air_temperature,2026-08-06 22:00:00+00:00,,19.016701864873927,,False
101990961244800083,air_temperature,2026-08-06 23:00:00+00:00,,18.848511265639882,,False
101990961244800083,air_temperature,2026-08-07 00:00:00+00:00,,18.772612943046077,,False
101990961244800083,air_temperature,2026-08-07 01:00:00+00:00,,18.756516203353108,,False
101990961244800083,air_temperature,2026-08-07 02:00:00+00:00,,18.652370615505824,,False
101990961244800083,air_temperature,2026-08-07 03:00:00+00:00,,18.450735009359086,,False
101990961244800083,air_temperature,2026-08-07 04:00:00+00:00,,19.002592380409723,,False
101990961244800083,air_temperature,2026-08-07 05:00:00+00:00,,20.502722348847726,,False
101990961244800083,air_temperature,2026-08-07 06:00:00+00:00,,22.772012264186632,,False
101990961244800083,air_temperature,2026-08-07 07:00:00+00:00,,24.88688912171275,,False
101990961244800083,air_temperature,2026-08-07 08:00:00+00:00,,26.35663128742359,,False
101990961244800083,air_temperature,2026-08-07 09:00:00+00:00,,27.20727342566437,,False
101990961244800083,air_temperature,2026-08-07 10:00:00+00:00,,27.863203958212523,,False
101990961244800083,air_temperature,2026-08-07 11:00:00+00:00,,28.075158552456507,,False
101990961244800083,air_temperature,2026-08-07 12:00:00+00:00,,27.51769030211146,,False
101990961244800083,air_temperature,2026-08-07 13:00:00+00:00,,26.77255797629938,,False
101990961244800083,air_temperature,2026-08-07 14:00:00+00:00,,24.896557996796563,,False
101990961244800083,air_temperature,2026-08-07 15:00:00+00:00,,22.801385462658057,,False
101990961244800083,air_temperature,2026-08-07 16:00:00+00:00,,20.828422502668523,,False
101990961244800083,air_temperature,2026-08-07 17:00:00+00:00,,20.2159290902127,,False
101990961244800083,air_temperature,2026-08-07 18:00:00+00:00,,19.71428633066599,,False
101990961244800083,air_temperature,2026-08-07 19:00:00+00:00,,19.35031273613692,,False
101990961244800083,air_temperature,2026-08-07 20:00:00+00:00,,19.181664992960286,,False
101990961244800083,air_temperature,2026-08-07 21:00:00+00:00,,19.147068160655994,,False
101990961244800083,air_temperature,2026-08-07 22:00:00+00:00,,19.118374559983366,,False
101990961244800083,air_temperature,2026-08-07 23:00:00+00:00,,18.936082385775208,,False
101990961244800083,air_temperature,2026-08-08 00:00:00+00:00,,18.848318414331796,,False
101990961244800083,air_temperature,2026-08-08 01:00:00+00:00,,18.822288989998817,,False
101990961244800083,air_temperature,2026-08-08 02:00:00+00:00,,18.709890073579086,,False
101990961244800083,air_temperature,2026-08-08 03:00:00+00:00,,18.501469765260644,,False
101990961244800083,air_temperature,2026-08-08 04:00:00+00:00,,19.047837828853787,,False
101990961244800083,air_temperature,2026-08-08 05:00:00+00:00,,20.54363372777158,,False
101990961244800083,air_temperature,2026-08-08 06:00:00+00:00,,22.809638637600067,,False
101990961244800083,air_temperature,2026-08-08 07:00:00+00:00,,24.922191480623177,,False
101990961244800083,air_temperature,2026-08-08 08:00:00+00:00,,26.390511136661786,,False
101990961244800083,air_temperature,2026-08-08 09:00:00+00:00,,27.24058250733933,,False
101990961244800083,air_temperature,2026-08-08 10:00:00+00:00,,27.89680726330202,,False
101990961244800083,air_temperature,2026-08-08 11:00:00+00:00,,28.109914639137774,,False
101990961244800083,air_temperature,2026-08-08 12:00:00+00:00,,27.554458946020404,,False
101990961244800083,air_temperature,2026-08-08 13:00:00+00:00,,26.802681976977237,,False
101990961244800083,air_temperature,2026-08-08 14:00:00+00:00,,24.920796573268436,,False
101990961244800083,air_temperature,2026-08-08 15:00:00+00:00,,22.820357210769714,,False
101990961244800083,air_temperature,2026-08-08 16:00:00+00:00,,20.84520879657752,,False
101990961244800083,air_temperature,2026-08-08 17:00:00+00:00,,20.230255851228357,,False
101990961244800083,air_temperature,2026-08-08 18:00:00+00:00,,19.72652475049061,,False
101990961244800083,air_temperature,2026-08-08 19:00:00+00:00,,19.36077225038664,,False
101990961244800083,air_temperature,2026-08-08 20:00:00+00:00,,19.190614117916443,,False
101990961244800083,air_temperature,2026-08-08 21:00:00+00:00,,19.154735391537677,,False
101990961244800083,air_temperature,2026-08-08 22:00:00+00:00,,19.12495566180768,,False
101990961244800083,air_temperature,2026-08-08 23:00:00+00:00,,18.941745391764456,,False
101990961244800083,air_temperature,2026-08-09 00:00:00+00:00,,18.85320791625339,,False
101990961244800083,air_temperature,2026-08-09 01:00:00+00:00,,18.82652982998182,,False
101990961244800083,air_temperature,2026-08-09 02:00:00+00:00,,18.713590531669396,,False
101990961244800083,air_temperature,2026-08-09 03:00:00+00:00,,18.504724324101677,,False
101990961244800083,air_temperature,2026-08-09 04:00:00+00:00,,19.050729586082355,,False
101990961244800083,air_temperature,2026-08-09 05:00:00+00:00,,20.54623651772397,,False
101990961244800083,air_temperature,2026-08-09 06:00:00+00:00,,22.812019180315957,,False
101990961244800083,air_temperature,2026-08-09 07:00:00+00:00,,24.924410574724558,,False
101990961244800083,air_temperature,2026-08-09 08:00:00+00:00,,26.39262544986033,,False
101990961244800083,air_temperature,2026-08-09 09:00:00+00:00,,27.242645241583254,,False
101990961244800083,air_temperature,2026-08-09 10:00:00+00:00,,27.898871939576058,,False
101990961244800083,air_temperature,2026-08-09 11:00:00+00:00,,28.112034008015836,,False
101990961244800083,air_temperature,2026-08-09 12:00:00+00:00,,27.55668549536862,,False
101990961244800083,air_temperature,2026-08-09 13:00:00+00:00,,26.80450829559822,,False
101990961244800083,air_temperature,2026-08-09 14:00:00+00:00,,24.922268708221267,,False
101990961244800083,air_temperature,2026-08-09 15:00:00+00:00,,22.821512733142693,,False
101990961244800083,air_temperature,2026-08-09 16:00:00+00:00,,20.846229916396158,,False
101990961244800083,air_temperature,2026-08-09 17:00:00+00:00,,20.231127321792748,,False
101990961244800083,air_temperature,2026-08-09 18:00:00+00:00,,19.727269139785605,,False
101990961244800083,air_temperature,2026-08-09 19:00:00+00:00,,19.361408385671417,,False
101990961244800083,air_temperature,2026-08-09 20:00:00+00:00,,19.19115832709512,,False
101990961244800083,air_temperature,2026-08-09 21:00:00+00:00,,19.155201569733645,,False
101990961244800083,air_temperature,2026-08-09 22:00:00+00:00,,19.12535571180356,,False
101990961244800083,air_temperature,2026-08-09 23:00:00+00:00,,18.94208952791215,,False
101990961244800083,air_temperature,2026-08-10 00:00:00+00:00,,18.85350492527392,,False
101990961244800083,air_temperature,2026-08-10 01:00:00+00:00,,18.826787295313967,,False
101990961244800083,air_temperature,2026-08-10 02:00:00+00:00,,18.713815027095265,,False
101990961244800083,air_temperature,2026-08-10 03:00:00+00:00,,18.504921581593027,,False
101990961244800083,air_temperature,2026-08-10 04:00:00+00:00,,19.05090464215325,,False
101990961244800083,air_temperature,2026-08-10 05:00:00+00:00,,20.546393842026518,,False
101990961244800083,air_temperature,2026-08-10 06:00:00+00:00,,22.812162805275314,,False
101990961244800083,air_temperature,2026-08-10 07:00:00+00:00,,24.92454416846972,,False
101990961244800083,air_temperature,2026-08-10 08:00:00+00:00,,26.392752423885252,,False
101990961244800083,air_temperature,2026-08-10 09:00:00+00:00,,27.24276879188432,,False
101990961244800083,air_temperature,2026-08-10 10:00:00+00:00,,27.898995270931472,,False
101990961244800083,air_temperature,2026-08-10 11:00:00+00:00,,28.112160271396395,,False
101990961244800083,air_temperature,2026-08-10 12:00:00+00:00,,27.5568178190464,,False
101990961244800083,air_temperature,2026-08-10 13:00:00+00:00,,26.804616878664106,,False
101990961244800083,air_temperature,2026-08-10 14:00:00+00:00,,24.922356288766473,,False
101990961244800083,air_temperature,2026-08-10 15:00:00+00:00,,22.82158154636525,,False
101990961244800083,air_temperature,2026-08-10 16:00:00+00:00,,20.846290698675883,,False
101990961244800083,air_temperature,2026-08-10 17:00:00+00:00,,20.231179195459976,,False
101990961244800083,air_temperature,2026-08-10 18:00:00+00:00,,19.727313447954554,,False
101990961244800083,air_temperature,2026-08-10 19:00:00+00:00,,19.36144624912322,,False
101990961244800083,air_temperature,2026-08-10 20:00:00+00:00,,19.191190717622447,,False
101990961244800083,air_temperature,2026-08-10 21:00:00+00:00,,19.155229314353736,,False
101990961244800083,air_temperature,2026-08-10 22:00:00+00:00,,19.12537951891116,,False
101990961244800083,air_temperature,2026-08-10 23:00:00+00:00,,18.942110005366715,,False
101990961244800083,air_temperature,2026-08-11 00:00:00+00:00,,18.853522595919923,,False
101990961244800083,air_temperature,2026-08-11 01:00:00+00:00,,18.8268026103305,,False
101990961244800083,air_temperature,2026-08-11 02:00:00+00:00,,18.713828377515878,,False
101990961244800083,air_temperature,2026-08-11 03:00:00+00:00,,18.504933308289846,,False
101990961244800083,air_temperature,2026-08-11 04:00:00+00:00,,19.05091504454037,,False
101990961244800083,air_temperature,2026-08-11 05:00:00+00:00,,20.546403185704854,,False
101990961244800083,air_temperature,2026-08-11 06:00:00+00:00,,22.812171329726265,,False
101990961244800083,air_temperature,2026-08-11 07:00:00+00:00,,24.924552091404102,,False
101990961244800083,air_temperature,2026-08-11 08:00:00+00:00,,26.392759947625485,,False
101990961244800083,air_temperature,2026-08-11 09:00:00+00:00,,27.242776105827325,,False
101990961244800083,air_temperature,2026-08-11 10:00:00+00:00,,27.899002564774122,,False
101990961244800083,air_temperature,2026-08-11 11:00:00+00:00,,28.1121677314871,,False
101990961244800083,air_temperature,2026-08-11 12:00:00+00:00,,27.556825630241573,,False
101990961244800083,air_temperature,2026-08-11 13:00:00+00:00,,26.804623289395234,,False
101990961244800083,air_temperature,2026-08-11 14:00:00+00:00,,24.922361460698312,,False
101990961244800083,air_temperature,2026-08-11 15:00:00+00:00,,22.821585611494157,,False
101990961244800083,air_temperature,2026-08-11 16:00:00+00:00,,20.84629428879885,,False
101990961244800083,air_temperature,2026-08-11 17:00:00+00:00,,20.23118225937768,,False
101990961244800083,air_temperature,2026-08-11 18:00:00+00:00,,19.727316064993115,,False
101990961244800083,air_temperature,2026-08-11 19:00:00+00:00,,19.36144848548375,,False
101990961244800083,air_temperature,2026-08-11 20:00:00+00:00,,19.191192630701423,,False
101990961244800083,air_temperature,2026-08-11 21:00:00+00:00,,19.155230952997208,,False
101990961244800083,air_temperature,2026-08-11 22:00:00+00:00,,19.125380924958097,,False
101990961244800083,air_temperature,2026-08-11 23:00:00+00:00,,18.942111214717283,,False
101990961244800083,air_temperature,2026-08-12 00:00:00+00:00,,18.85352363945209,,False
101990961244800083,air_temperature,2026-08-12 01:00:00+00:00,,18.826803514688446,,False
101990961244800083,air_temperature,2026-08-12 02:00:00+00:00,,18.713829165790294,,False
101990961244800083,air_temperature,2026-08-12 03:00:00+00:00,,18.504934000607495,,False
101990961244800083,air_temperature,2026-08-12 04:00:00+00:00,,19.050915658577985,,False
101990961244800083,air_temperature,2026-08-12 05:00:00+00:00,,20.546403737140466,,False
101990961244800083,air_temperature,2026-08-12 06:00:00+00:00,,22.812171832693146,,False
101990961244800083,air_temperature,2026-08-12 07:00:00+00:00,,24.924552558747795,,False
101990961244800083,air_temperature,2026-08-12 08:00:00+00:00,,26.392760391280216,,False
101990961244800083,air_temperature,2026-08-12 09:00:00+00:00,,27.242776536961767,,False
101990961244800083,air_temperature,2026-08-12 10:00:00+00:00,,27.899002994569894,,False
101990961244800083,air_temperature,2026-08-12 11:00:00+00:00,,28.112168170924924,,False
101990961244800083,air_temperature,2026-08-12 12:00:00+00:00,,27.556826090211025,,False
101990961244800083,air_temperature,2026-08-12 13:00:00+00:00,29.9,26.804623666917966,,False
101990961244800083,air_temperature,2026-08-12 14:00:00+00:00,,27.562568725125878,29.9,False
101990961244800083,air_temperature,2026-08-12 15:00:00+00:00,,25.07394268428041,,False
101990961244800083,air_temperature,2026-08-12 16:00:00+00:00,26.2,22.770727674637087,,False
101990961244800083,air_temperature,2026-08-12 17:00:00+00:00,23.4,24.796109833778683,26.2,True
101990961244800083,air_temperature,2026-08-12 18:00:00+00:00,,22.434903850262213,23.4,False
101990961244800083,air_temperature,2026-08-12 19:00:00+00:00,,21.677039056056024,,False
101990961244800083,air_temperature,2026-08-12 20:00:00+00:00,,21.174244531218513,,False
101990961244800083,air_temperature,2026-08-12 21:00:00+00:00,,20.856376844478227,,False
101990961244800083,air_temperature,2026-08-12 22:00:00+00:00,,20.588055692569903,,False
101990961244800083,air_temperature,2026-08-12 23:00:00+00:00,,20.20366088044619,,False
101990961244800083,air_temperature,2026-08-13 00:00:00+00:00,,19.946158959017133,,False
101990961244800083,air_temperature,2026-08-13 01:00:00+00:00,,19.778422406740948,,False
101990961244800083,air_temperature,2026-08-13 02:00:00+00:00,,19.548729018990187,,False
101990961244800083,air_temperature,2026-08-13 03:00:00+00:00,,19.244432052763674,,False
101990961244800083,air_temperature,2026-08-13 04:00:00+00:00,,19.713893287093267,,False
101990961244800083,air_temperature,2026-08-13 05:00:00+00:00,,21.149786483687077,,False
101990961244800083,air_temperature,2026-08-13 06:00:00+00:00,,23.371362161390593,,False
101990961244800083,air_temperature,2026-08-13 07:00:00+00:00,,25.453828228419077,,False
101990961244800083,air_temperature,2026-08-13 08:00:00+00:00,,26.905639328409123,,False
101990961244800083,air_temperature,2026-08-13 09:00:00+00:00,24.55,27.752353836959884,,False
101990961244800083,air_temperature,2026-08-13 10:00:00+00:00,29.925,25.702453454948056,24.55,True
101990961244800083,air_temperature,2026-08-13 11:00:00+00:00,29.95,29.9007299017908,29.925,True
101990961244800083,air_temperature,2026-08-13 12:00:00+00:00,29.95,29.232746839575775,29.95,True
101990961244800083,air_temperature,2026-08-13 13:00:00+00:00,27.45,28.968583834934112,29.95,True
101990961244800083,air_temperature,2026-08-13 14:00:00+00:00,25.35,25.655938682230353,27.45,True
101990961244800083,air_temperature,2026-08-13 15:00:00+00:00,23.65,23.411424701630462,25.35,True
101990961244800083,air_temperature,2026-08-13 16:00:00+00:00,21.9,21.805716515449006,23.65,True
101990961244800083,air_temperature,2026-08-13 17:00:00+00:00,21.54,20.89032722680377,21.9,True
101990961244800083,air_temperature,2026-08-13 18:00:00+00:00,21.425,20.833826963007926,21.54,True
101990961244800083,air_temperature,2026-08-13 19:00:00+00:00,20.775,20.79758943080246,21.425,True
101990961244800083,air_temperature,2026-08-13 20:00:00+00:00,20.075,20.382640890341957,20.775,True
101990961244800083,air_temperature,2026-08-13 21:00:00+00:00,19.9,19.89290112549464,20.075,True
101990961244800083,air_temperature,2026-08-13 22:00:00+00:00,,19.74179231476668,19.9,False
101990961244800083,air_temperature,2026-08-13 23:00:00+00:00,,19.445903593040576,,False
101990961244800083,air_temperature,2026-08-14 00:00:00+00:00,,19.25756018246912,,False
101990961244800083,air_temperature,2026-08-14 01:00:00+00:00,,19.14140036451803,,False
101990961244800083,air_temperature,2026-08-14 02:00:00+00:00,,18.947018825775253,,False
101990961244800083,air_temperature,2026-08-14 03:00:00+00:00,,18.66267042967766,,False
101990961244800083,air_temperature,2026-08-14 04:00:00+00:00,20.23333333333333,19.13722629989614,,False
101990961244800083,air_temperature,2026-08-14 05:00:00+00:00,22.575000000000003,21.48621150497161,20.23333333333333,True
101990961244800083,air_temperature,2026-08-14 06:00:00+00:00,25.766666666666666,24.466987720848465,22.575000000000003,True
101990961244800083,air_temperature,2026-08-14 07:00:00+00:00,27.1,27.34474171938798,25.766666666666666,True
101990961244800083,air_temperature,2026-08-14 08:00:00+00:00,28.12,28.139254853869456,27.1,True
101990961244800083,air_temperature,2026-08-14 09:00:00+00:00,29.25,28.588662042691936,28.12,True
101990961244800083,air_temperature,2026-08-14 10:00:00+00:00,29.7,30.435855272970738,29.25,True
101990961244800083,air_temperature,2026-08-14 11:00:00+00:00,30.55,29.69218894356491,29.7,True
101990961244800083,air_temperature,2026-08-14 12:00:00+00:00,31.15,29.835574600805572,30.55,True
101990961244800083,air_temperature,2026-08-14 13:00:00+00:00,29.3,29.690482412057012,31.15,True
101990961244800083,air_temperature,2026-08-14 14:00:00+00:00,28.1,27.12396539102304,29.3,True
101990961244800083,air_temperature,2026-08-14 15:00:00+00:00,25.8,25.7241491119129,28.1,True
101990961244800083,air_temperature,2026-08-14 16:00:00+00:00,23.6,23.57533995126197,25.8,True
101990961244800083,air_temperature,2026-08-14 17:00:00+00:00,22.54,22.509911770958023,23.6,True
101990961244800083,air_temperature,2026-08-14 18:00:00+00:00,21.65,21.794105150086725,22.54,True
101990961244800083,air_temperature,2026-08-14 19:00:00+00:00,20.875,20.98732859676561,21.65,True
101990961244800083,air_temperature,2026-08-14 20:00:00+00:00,21.2,20.408571920944215,20.875,True
101990961244800083,air_temperature,2026-08-14 21:00:00+00:00,20.8,20.853426273997155,21.2,True
101990961244800083,air_temperature,2026-08-14 22:00:00+00:00,,20.53472376438263,20.8,False
101990961244800083,air_temperature,2026-08-14 23:00:00+00:00,,20.152011236264027,,False
101990961244800083,air_temperature,2026-08-15 00:00:00+00:00,,19.89487246588579,,False
101990961244800083,air_temperature,2026-08-15 01:00:00+00:00,,19.726189107530008,,False
101990961244800083,air_temperature,2026-08-15 02:00:00+00:00,,19.494215257146028,,False
101990961244800083,air_temperature,2026-08-15 03:00:00+00:00,,19.186245945390844,,False
101990961244800083,air_temperature,2026-08-15 04:00:00+00:00,19.866666666666667,19.6505478906846,,False
101990961244800083,air_temperature,2026-08-15 05:00:00+00:00,21.825,21.40524833134725,19.866666666666667,True
101990961244800083,air_temperature,2026-08-15 06:00:00+00:00,24.9,24.0908270431783,21.825,True
101990961244800083,air_temperature,2026-08-15 07:00:00+00:00,26.8,26.5843865496333,24.9,True
101990961244800083,air_temperature,2026-08-15 08:00:00+00:00,29.125,27.908361579576976,26.8,True
101990961244800083,air_temperature,2026-08-15 09:00:00+00:00,30.3,29.594514558354618,29.125,True
101990961244800083,air_temperature,2026-08-15 10:00:00+00:00,31.525,30.991310435088455,30.3,True
101990961244800083,air_temperature,2026-08-15 11:00:00+00:00,30.9,31.373468327735274,31.525,True
101990961244800083,air_temperature,2026-08-15 12:00:00+00:00,29.5,30.302419315495282,30.9,True
101990961244800083,air_temperature,2026-08-15 13:00:00+00:00,29.55,28.292133800375357,29.5,True
101990961244800083,air_temperature,2026-08-15 14:00:00+00:00,28.360000000000003,27.502484787010168,29.55,True
101990961244800083,air_temperature,2026-08-15 15:00:00+00:00,26.28,25.934822166549772,28.360000000000003,True
101990961244800083,air_temperature,2026-08-15 16:00:00+00:00,24.44,23.97599026312173,26.28,True
101990961244800083,air_temperature,2026-08-15 17:00:00+00:00,23.0,23.20153918559937,24.44,True
101990961244800083,air_temperature,2026-08-15 18:00:00+00:00,21.825,22.132835755296124,23.0,True
101990961244800083,air_temperature,2026-08-15 19:00:00+00:00,20.86,21.117514157039476,21.825,True
101990961244800083,air_temperature,2026-08-15 20:00:00+00:00,20.34,20.549081214601713,20.86,True
101990961244800083,air_temperature,2026-08-15 21:00:00+00:00,20.75,20.10779263615383,20.34,True
101990961244800083,air_temperature,2026-08-15 22:00:00+00:00,,20.487306822176773,20.75,False
101990961244800083,air_temperature,2026-08-15 23:00:00+00:00,,20.105966184857973,,False
101990961244800083,air_temperature,2026-08-16 00:00:00+00:00,,19.849023452736162,,False
101990961244800083,air_temperature,2026-08-16 01:00:00+00:00,,19.679365234922695,,False
101990961244800083,air_temperature,2026-08-16 02:00:00+00:00,,19.445220985731396,,False
101990961244800083,air_temperature,2026-08-16 03:00:00+00:00,,19.13383031970278,,False
101990961244800083,air_temperature,2026-08-16 04:00:00+00:00,21.7,19.593371919349394,,False
101990961244800083,air_temperature,2026-08-16 05:00:00+00:00,22.2,22.976399159688082,21.7,True
101990961244800083,air_temperature,2026-08-16 06:00:00+00:00,25.0,24.479058719907442,22.2,True
101990961244800083,air_temperature,2026-08-16 07:00:00+00:00,27.1,26.709312176245565,25.0,True
101990961244800083,air_temperature,2026-08-16 08:00:00+00:00,28.5,28.360087887332003,27.1,True
101990961244800083,air_temperature,2026-08-16 09:00:00+00:00,29.26,29.141390408578623,28.5,True
101990961244800083,air_temperature,2026-08-16 10:00:00+00:00,29.85,30.213375004746368,29.26,True
101990961244800083,air_temperature,2026-08-16 11:00:00+00:00,29.85,29.828923296496466,29.85,True
101990961244800083,air_temperature,2026-08-16 12:00:00+00:00,30.15,29.21225708007693,29.85,True
101990961244800083,air_temperature,2026-08-16 13:00:00+00:00,30.0,29.057337063662327,30.15,True
101990961244800083,air_temperature,2026-08-16 14:00:00+00:00,28.44,27.96708622001503,30.0,True
101990961244800083,air_temperature,2026-08-16 15:00:00+00:00,26.975,26.04653678117415,28.44,True
101990961244800083,air_temperature,2026-08-16 16:00:00+00:00,24.8,24.63251088568114,26.975,True
101990961244800083,air_temperature,2026-08-16 17:00:00+00:00,23.9,23.474305055163157,24.8,True
101990961244800083,air_temperature,2026-08-16 18:00:00+00:00,22.92,22.855814298841704,23.9,True
101990961244800083,air_temperature,2026-08-16 19:00:00+00:00,21.9,22.014292721396295,22.92,True
101990961244800083,air_temperature,2026-08-16 20:00:00+00:00,21.54,21.361333762370524,21.9,True
101990961244800083,air_temperature,2026-08-16 21:00:00+00:00,20.9,21.242014306186,21.54,True
101990961244800083,air_temperature,2026-08-16 22:00:00+00:00,,20.654542177727855,20.9,False
101990961244800083,air_temperature,2026-08-16 23:00:00+00:00,,20.294708508283147,,False
101990961244800083,air_temperature,2026-08-17 00:00:00+00:00,,20.06409251620129,,False
101990961244800083,air_temperature,2026-08-17 01:00:00+00:00,,19.926253174424097,,False
101990961244800083,air_temperature,2026-08-17 02:00:00+00:00,,19.730231514101597,,False
101990961244800083,air_temperature,2026-08-17 03:00:00+00:00,,19.464240521957464,,False
101990961244800083,air_temperature,2026-08-17 04:00:00+00:00,20.4,19.97762035986088,,False
101990961244800083,air_temperature,2026-08-17 05:00:00+00:00,21.7,21.707360097930174,20.4,True
101990961244800083,air_temperature,2026-08-17 06:00:00+00:00,25.0,24.090540664457272,21.7,True
101990961244800083,air_temperature,2026-08-17 07:00:00+00:00,27.06,26.756758883565848,25.0,True
101990961244800083,air_temperature,2026-08-17 08:00:00+00:00,28.575,28.28376902083392,27.06,True
101990961244800083,air_temperature,2026-08-17 09:00:00+00:00,28.675,29.181674467068234,28.575,True
101990961244800083,air_temperature,2026-08-17 10:00:00+00:00,29.880000000000003,29.63070339376543,28.675,True
101990961244800083,air_temperature,2026-08-17 11:00:00+00:00,30.575,29.87452968546621,29.880000000000003,True
101990961244800083,air_temperature,2026-08-17 12:00:00+00:00,24.12,30.00168435275114,30.575,True
101990961244800083,air_temperature,2026-08-17 13:00:00+00:00,21.95,24.004330180187978,24.12,True
101990961244800083,air_temperature,2026-08-17 14:00:00+00:00,23.125,21.12714167195543,21.95,True
101990961244800083,air_temperature,2026-08-17 15:00:00+00:00,22.35,21.630275219942156,23.125,True
101990961244800083,air_temperature,2026-08-17 16:00:00+00:00,20.725,20.68625463510636,22.35,True
101990961244800083,air_temperature,2026-08-17 17:00:00+00:00,19.95,20.072417997083086,20.725,True
101990961244800083,air_temperature,2026-08-17 18:00:00+00:00,19.525,19.514240750199825,19.95,True
101990961244800083,air_temperature,2026-08-17 19:00:00+00:00,19.3,19.11582737363686,19.525,True
101990961244800083,air_temperature,2026-08-17 20:00:00+00:00,19.42,19.18215992985943,19.3,True
101990961244800083,air_temperature,2026-08-17 21:00:00+00:00,19.1,19.34710882899011,19.42,True
101990961244800083,air_temperature,2026-08-17 22:00:00+00:00,,19.116506893456226,19.1,False
101990961244800083,air_temperature,2026-08-17 23:00:00+00:00,,18.97936794389521,,False
101990961244800083,air_temperature,2026-08-18 00:00:00+00:00,,18.937862564548922,,False
101990961244800083,air_temperature,2026-08-18 01:00:00+00:00,,18.960378249456305,,False
101990961244800083,air_temperature,2026-08-18 02:00:00+00:00,,18.900050232311983,,False
101990961244800083,air_temperature,2026-08-18 03:00:00+00:00,,18.748556123350742,,False
101990961244800083,air_temperature,2026-08-18 04:00:00+00:00,19.7,19.358159749665766,,False
101990961244800083,air_temperature,2026-08-18 05:00:00+00:00,21.125,21.146883188591477,19.7,True
101990961244800083,air_temperature,2026-08-18 06:00:00+00:00,24.125,23.717378891439004,21.125,True
101990961244800083,air_temperature,2026-08-18 07:00:00+00:00,26.72,26.041508146856685,24.125,True
101990961244800083,air_temperature,2026-08-18 08:00:00+00:00,28.35,28.032422192598105,26.72,True
101990961244800083,air_temperature,2026-08-18 09:00:00+00:00,29.275,28.907322007967046,28.35,True
101990961244800083,air_temperature,2026-08-18 10:00:00+00:00,30.585714285714285,30.20024908903453,29.275,True
101990961244800083,air_temperature,2026-08-18 11:00:00+00:00,31.08,30.586550038905727,30.585714285714285,True
101990961244800083,air_temperature,2026-08-18 12:00:00+00:00,26.9,29.531822867059894,31.08,True
101990961244800083,air_temperature,2026-08-18 13:00:00+00:00,20.775,26.026544288917137,26.9,True
101990961244800083,air_temperature,2026-08-18 14:00:00+00:00,22.06,20.391837897031127,20.775,True
101990961244800083,air_temperature,2026-08-18 15:00:00+00:00,18.725,20.7781705062129,22.06,True
101990961244800083,air_temperature,2026-08-18 16:00:00+00:00,18.55,17.593383538201827,18.725,True
101990961244800083,air_temperature,2026-08-18 17:00:00+00:00,19.075,18.180766398116486,18.55,True
101990961244800083,air_temperature,2026-08-18 18:00:00+00:00,18.85,18.76769133184166,19.075,True
101990961244800083,air_temperature,2026-08-18 19:00:00+00:00,19.275,18.57458587439501,18.85,True
101990961244800083,air_temperature,2026-08-18 20:00:00+00:00,19.95,19.18960149291117,19.275,True
101990961244800083,air_temperature,2026-08-18 21:00:00+00:00,,19.774234540016387,19.95,False
101990961244800083,air_temperature,2026-08-18 22:00:00+00:00,,19.694253691157463,,False
101990961244800083,air_temperature,2026-08-18 23:00:00+00:00,,19.47537853736278,,False
101990961244800083,air_temperature,2026-08-19 00:00:00+00:00,,19.3648014823962,,False
101990961244800083,air_temperature,2026-08-19 01:00:00+00:00,,19.329146446098726,,False
101990961244800083,air_temperature,2026-08-19 02:00:00+00:00,,19.22006335121151,,False
101990961244800083,air_temperature,2026-08-19 03:00:00+00:00,,19.027984959760715,,False
101990961244800083,air_temperature,2026-08-19 04:00:00+00:00,21.7,19.60413902588461,,False
101990961244800083,air_temperature,2026-08-19 05:00:00+00:00,22.55,22.845168334591484,21.7,True
101990961244800083,air_temperature,2026-08-19 06:00:00+00:00,23.975,24.945963808267102,22.55,True
101990961244800083,air_temperature,2026-08-19 07:00:00+00:00,25.6,26.002245636451757,23.975,True
101990961244800083,air_temperature,2026-08-19 08:00:00+00:00,26.2,27.11294013549793,25.6,True
101990961244800083,air_temperature,2026-08-19 09:00:00+00:00,,27.160045923555703,26.2,False
101990961244800083,air_temperature,2026-08-19 10:00:00+00:00,28.450000000000003,28.4473011131845,,False
101990961244800083,air_temperature,2026-08-19 11:00:00+00:00,29.75,28.809594863623293,28.450000000000003,True
101990961244800083,air_temperature,2026-08-19 12:00:00+00:00,30.5,28.32289068477689,29.75,True
101990961244800083,air_temperature,2026-08-19 13:00:00+00:00,,28.445864311347915,30.5,False
101990961244800083,air_temperature,2026-08-19 14:00:00+00:00,28.6,27.07359715427972,,False
101990961244800083,air_temperature,2026-08-19 15:00:00+00:00,,26.014919724767566,28.6,False
101990961244800083,air_temperature,2026-08-19 16:00:00+00:00,,23.93822961782512,,False
101990961244800083,air_temperature,2026-08-19 17:00:00+00:00,17.7,22.90429737437461,,False
101990961244800083,air_temperature,2026-08-19 18:00:00+00:00,17.55,17.606672003251038,17.7,True
101990961244800083,air_temperature,2026-08-19 19:00:00+00:00,18.1,17.560047456208025,17.55,True
101990961244800083,air_temperature,2026-08-19 20:00:00+00:00,18.6,18.290229065580668,18.1,True
101990961244800083,air_temperature,2026-08-19 21:00:00+00:00,,18.666608513537167,18.6,False
101990961244800083,air_temperature,2026-08-19 22:00:00+00:00,,18.783629586455987,,False
101990961244800083,air_temperature,2026-08-19 23:00:00+00:00,,18.738506424739203,,False
101990961244800083,air_temperature,2026-08-20 00:00:00+00:00,,18.78286734365905,,False
101990961244800083,air_temperature,2026-08-20 01:00:00+00:00,,18.887292324437535,,False
101990961244800083,air_temperature,2026-08-20 02:00:00+00:00,,18.90700752301331,,False
101990961244800083,air_temperature,2026-08-20 03:00:00+00:00,,18.83573426810786,,False
101990961244800083,air_temperature,2026-08-20 04:00:00+00:00,,19.527785847194234,,False
101990961244800083,air_temperature,2026-08-20 05:00:00+00:00,,20.94992289215211,,False
101990961244800083,air_temperature,2026-08-20 06:00:00+00:00,,23.41578369712271,,False
101990961244800083,air_temperature,2026-08-20 07:00:00+00:00,,25.431257213293645,,False
101990961244800083,air_temperature,2026-08-20 08:00:00+00:00,,26.817587841163057,,False
101990961244800083,air_temperature,2026-08-20 09:00:00+00:00,27.1,27.667866794422284,,False
101990961244800083,air_temperature,2026-08-20 10:00:00+00:00,27.45,28.374076875510728,27.1,True
101990961244800083,air_temperature,2026-08-20 11:00:00+00:00,28.25,28.0636324138697,27.45,True
101990961244800083,air_temperature,2026-08-20 12:00:00+00:00,27.75,27.499866882854395,28.25,True
101990961244800083,air_temperature,2026-08-20 13:00:00+00:00,25.5,26.478047633700424,27.75,True
101990961244800083,air_temperature,2026-08-20 14:00:00+00:00,18.2,24.613170530766215,25.5,True
101990961244800083,air_temperature,2026-08-20 15:00:00+00:00,18.1,17.036025975510526,18.2,True
101990961244800083,air_temperature,2026-08-20 16:00:00+00:00,18.0,16.872472731053065,18.1,True
101990961244800083,air_temperature,2026-08-20 17:00:00+00:00,18.075000000000003,17.463093568273987,18.0,True
101990961244800083,air_temperature,2026-08-20 18:00:00+00:00,17.966666666666665,17.914197838111022,18.075000000000003,True
101990961244800083,air_temperature,2026-08-20 19:00:00+00:00,18.1,17.957240286366506,17.966666666666665,True
101990961244800083,air_temperature,2026-08-20 20:00:00+00:00,,18.29747392623012,18.1,False
101990961244800083,air_temperature,2026-08-20 21:00:00+00:00,,18.396166762969216,,False
101990961244800083,air_temperature,2026-08-20 22:00:00+00:00,,18.537337798174605,,False
101990961244800083,air_temperature,2026-08-20 23:00:00+00:00,,18.510076106053074,,False
101990961244800083,air_temperature,2026-08-21 00:00:00+00:00,,18.56646605392453,,False
101990961244800083,air_temperature,2026-08-21 01:00:00+00:00,,18.67739475633382,,False
101990961244800083,air_temperature,2026-08-21 02:00:00+00:00,,18.698254427335087,,False
101990961244800083,air_temperature,2026-08-21 03:00:00+00:00,,18.622795617107666,,False
101990961244800083,air_temperature,2026-08-21 04:00:00+00:00,,19.305224742960355,,False
101990961244800083,air_temperature,2026-08-21 05:00:00+00:00,,20.76366246785801,,False
101990961244800083,air_temperature,2026-08-21 06:00:00+00:00,,23.29106243485646,,False
101990961244800083,air_temperature,2026-08-21 07:00:00+00:00,25.8,25.32748603415514,,False
101990961244800083,air_temperature,2026-08-21 08:00:00+00:00,26.4,27.156314630975846,25.8,True
101990961244800083,air_temperature,2026-08-21 09:00:00+00:00,,27.29668450869924,26.4,False
101990961244800083,air_temperature,2026-08-21 10:00:00+00:00,28.75,28.405802212653576,,False
101990961244800083,air_temperature,2026-08-21 11:00:00+00:00,,29.148562649677356,28.75,False
101990961244800083,air_temperature,2026-08-21 12:00:00+00:00,29.0,28.19981246643095,,False
101990961244800083,air_temperature,2026-08-21 13:00:00+00:00,28.9,27.41371594963461,29.0,True
101990961244800083,air_temperature,2026-08-21 14:00:00+00:00,27.03333333333333,26.53588632134776,28.9,True
101990961244800083,air_temperature,2026-08-21 15:00:00+00:00,25.7,24.804687489736015,27.03333333333333,True
101990961244800083,air_temperature,2026-08-21 16:00:00+00:00,23.4,23.6066922604842,25.7,True
101990961244800083,air_temperature,2026-08-21 17:00:00+00:00,22.5,22.27198202516174,23.4,True
101990961244800083,air_temperature,2026-08-21 18:00:00+00:00,,21.69624651798088,22.5,False
101990961244800083,air_temperature,2026-08-21 19:00:00+00:00,,21.127309088654293,,False
101990961244800083,air_temperature,2026-08-21 20:00:00+00:00,,20.8633867838531,,False
101990961244800083,air_temperature,2026-08-21 21:00:00+00:00,,20.58815335802522,,False
101990961244800083,air_temperature,2026-08-21 22:00:00+00:00,,20.411304919402074,,False
101990961244800083,air_temperature,2026-08-21 23:00:00+00:00,,20.11387117204888,,False
101990961244800083,air_temperature,2026-08-22 00:00:00+00:00,,19.941038264385835,,False
101990961244800083,air_temperature,2026-08-22 01:00:00+00:00,,19.857840635209115,,False
101990961244800083,air_temperature,2026-08-22 02:00:00+00:00,,19.714713931439647,,False
101990961244800083,air_temperature,2026-08-22 03:00:00+00:00,,19.501221690245536,,False
101990961244800083,air_temperature,2026-08-22 04:00:00+00:00,,20.068045964340655,,False
101990961244800083,air_temperature,2026-08-22 05:00:00+00:00,20.0,21.43339021550945,,False
101990961244800083,air_temperature,2026-08-22 06:00:00+00:00,22.0,22.671653776399367,20.0,True
101990961244800083,air_temperature,2026-08-22 07:00:00+00:00,,24.266917251514297,22.0,False
101990961244800083,air_temperature,2026-08-22 08:00:00+00:00,,25.74847045472299,,False
101990961244800083,air_temperature,2026-08-22 09:00:00+00:00,28.0,26.776884681259176,,False
101990961244800083,air_temperature,2026-08-22 10:00:00+00:00,28.65,29.06967551722747,28.0,True
101990961244800083,air_temperature,2026-08-22 11:00:00+00:00,29.3,29.105045670370977,28.65,True
101990961244800083,air_temperature,2026-08-22 12:00:00+00:00,29.2,28.369963444140353,29.3,True
101990961244800083,air_temperature,2026-08-22 13:00:00+00:00,27.766666666666666,27.837837016555394,29.2,True
101990961244800083,air_temperature,2026-08-22 14:00:00+00:00,25.2,25.956947014418546,27.766666666666666,True
101990961244800083,air_temperature,2026-08-22 15:00:00+00:00,,23.320417010222716,25.2,False
101990961244800083,air_temperature,2026-08-22 16:00:00+00:00,20.7,21.498446229368092,,False
101990961244800083,air_temperature,2026-08-22 17:00:00+00:00,20.23333333333333,19.97902399173836,20.7,True
101990961244800083,air_temperature,2026-08-22 18:00:00+00:00,19.9,19.752124941465866,20.23333333333333,True
101990961244800083,air_temperature,2026-08-22 19:00:00+00:00,19.4,19.576075115434953,19.9,True
101990961244800083,air_temperature,2026-08-22 20:00:00+00:00,,19.375274102996407,19.4,False
101990961244800083,air_temperature,2026-08-22 21:00:00+00:00,,19.30156755981825,,False
101990961244800083,air_temperature,2026-08-22 22:00:00+00:00,,19.293392448493456,,False
101990961244800083,air_temperature,2026-08-22 23:00:00+00:00,,19.136088717355808,,False
101990961244800083,air_temperature,2026-08-23 00:00:00+00:00,,19.078420411037477,,False
101990961244800083,air_temperature,2026-08-23 01:00:00+00:00,,19.08836243018703,,False
101990961244800083,air_temperature,2026-08-23 02:00:00+00:00,,19.01872852749342,,False
101990961244800083,air_temperature,2026-08-23 03:00:00+00:00,,18.86095870891531,,False
101990961244800083,air_temperature,2026-08-23 04:00:00+00:00,,19.467157770016474,,False
101990961244800083,air_temperature,2026-08-23 05:00:00+00:00,,20.856713049980545,,False
101990961244800083,air_temperature,2026-08-23 06:00:00+00:00,,23.287993311705037,,False
101990961244800083,air_temperature,2026-08-23 07:00:00+00:00,,25.413127541780373,,False
101990961244800083,air_temperature,2026-08-23 08:00:00+00:00,,26.82629655311957,,False
101990961244800083,air_temperature,2026-08-23 09:00:00+00:00,28.85,27.771777626033785,,False
101990961244800083,air_temperature,2026-08-23 10:00:00+00:00,,29.726583680982632,28.85,False
101990961244800083,air_temperature,2026-08-23 11:00:00+00:00,,30.024867668858604,,False
101990961244800083,air_temperature,2026-08-23 12:00:00+00:00,29.65,29.078598435940947,,False
101990961244800083,air_temperature,2026-08-23 13:00:00+00:00,27.3,28.14039027249163,29.65,True
101990961244800083,air_temperature,2026-08-23 14:00:00+00:00,,25.451830206504965,27.3,False
101990961244800083,air_temperature,2026-08-23 15:00:00+00:00,,23.43341084397621,,False
101990961244800083,air_temperature,2026-08-23 16:00:00+00:00,23.4,21.53963639812075,,False
101990961244800083,air_temperature,2026-08-23 17:00:00+00:00,22.4,22.300127649428553,23.4,True
101990961244800083,air_temperature,2026-08-23 18:00:00+00:00,,21.623623155381974,22.4,False
101990961244800083,air_temperature,2026-08-23 19:00:00+00:00,,21.02274414564707,,False
101990961244800083,air_temperature,2026-08-23 20:00:00+00:00,,20.76821855091189,,False
101990961244800083,air_temperature,2026-08-23 21:00:00+00:00,,20.500348421060806,,False
101990961244800083,air_temperature,2026-08-23 22:00:00+00:00,,20.328617612861077,,False
101990961244800083,air_temperature,2026-08-23 23:00:00+00:00,,20.034190266534388,,False
101990961244800083,air_temperature,2026-08-24 00:00:00+00:00,,19.862329292097964,,False
101990961244800083,air_temperature,2026-08-24 01:00:00+00:00,,19.77809394439919,,False
101990961244800083,air_temperature,2026-08-24 02:00:00+00:00,,19.631893374699146,,False
101990961244800083,air_temperature,2026-08-24 03:00:00+00:00,,19.41321263610491,,False
101990961244800083,air_temperature,2026-08-24 04:00:00+00:00,,19.972601304814237,,False
101990961244800083,air_temperature,2026-08-24 05:00:00+00:00,21.7,21.328261979663313,,False
101990961244800083,air_temperature,2026-08-24 06:00:00+00:00,24.5,24.062808437933555,21.7,True
101990961244800083,air_temperature,2026-08-24 07:00:00+00:00,26.65,26.450325890826804,24.5,True
101990961244800083,air_temperature,2026-08-24 08:00:00+00:00,28.8,27.88923533130168,26.65,True
101990961244800083,air_temperature,2026-08-24 09:00:00+00:00,,29.45186684023561,28.8,False
101990961244800083,air_temperature,2026-08-24 10:00:00+00:00,30.78,30.286114907270008,,False
101990961244800083,air_temperature,2026-08-24 11:00:00+00:00,31.5,30.938026856996768,30.78,True
101990961244800083,air_temperature,2026-08-24 12:00:00+00:00,31.950000000000003,30.31909836754585,31.5,True
101990961244800083,air_temperature,2026-08-24 13:00:00+00:00,,29.983759417551163,31.950000000000003,False
101990961244800083,air_temperature,2026-08-24 14:00:00+00:00,24.76666666666667,27.857434049612337,,False
101990961244800083,air_temperature,2026-08-24 15:00:00+00:00,20.5,22.97236698699715,24.76666666666667,True
101990961244800083,air_temperature,2026-08-24 16:00:00+00:00,20.5,19.213907632116815,20.5,True
101990961244800083,air_temperature,2026-08-24 17:00:00+00:00,19.5,19.82831643488706,20.5,True
101990961244800083,air_temperature,2026-08-24 18:00:00+00:00,,19.1465859844631,19.5,False
101990961244800083,air_temperature,2026-08-24 19:00:00+00:00,,18.92296103802858,,False
101990961244800083,air_temperature,2026-08-24 20:00:00+00:00,,18.979399701800002,,False
101990961244800083,air_temperature,2026-08-24 21:00:00+00:00,,18.97656710131781,,False
101990961244800083,air_temperature,2026-08-24 22:00:00+00:00,,19.03096757785684,,False
101990961244800083,air_temperature,2026-08-24 23:00:00+00:00,,18.929539022395552,,False
101990961244800083,air_temperature,2026-08-25 00:00:00+00:00,,18.92247212285931,,False
101990961244800083,air_temperature,2026-08-25 01:00:00+00:00,,18.97903376987714,,False
101990961244800083,air_temperature,2026-08-25 02:00:00+00:00,,18.95322804043336,,False
101990961244800083,air_temperature,2026-08-25 03:00:00+00:00,,18.837613991578,,False
101990961244800083,air_temperature,2026-08-25 04:00:00+00:00,,19.485372769381666,,False
101990961244800083,air_temperature,2026-08-25 05:00:00+00:00,,20.916963856800024,,False
101990961244800083,air_temperature,2026-08-25 06:00:00+00:00,,23.4508706953959,,False
101990961244800083,air_temperature,2026-08-25 07:00:00+00:00,,25.569604776129946,,False
101990961244800083,air_temperature,2026-08-25 08:00:00+00:00,,27.089879248157143,,False
101990961244800083,air_temperature,2026-08-25 09:00:00+00:00,,28.017581174667146,,False
101990961244800083,air_temperature,2026-08-25 10:00:00+00:00,,29.08706096661604,,False
101990961244800083,air_temperature,2026-08-25 11:00:00+00:00,,29.55417274545993,,False
101990961244800083,air_temperature,2026-08-25 12:00:00+00:00,,28.874600223190683,,False
101990961244800083,air_temperature,2026-08-25 13:00:00+00:00,,27.205468465760525,,False
101990961244800083,air_temperature,2026-08-25 14:00:00+00:00,,25.215661808299103,,False
101990961244800083,air_temperature,2026-08-25 15:00:00+00:00,,22.94867111930182,,False
101990961244800083,air_temperature,2026-08-25 16:00:00+00:00,,21.43198666558296,,False
101990961244800083,air_temperature,2026-08-25 17:00:00+00:00,,20.57329650404473,,False
101990961244800083,air_temperature,2026-08-25 18:00:00+00:00,,20.060157739801102,,False
101990961244800083,air_temperature,2026-08-25 19:00:00+00:00,,19.701164916872663,,False
101990961244800083,air_temperature,2026-08-25 20:00:00+00:00,,19.64139919977364,,False
101990961244800083,air_temperature,2026-08-25 21:00:00+00:00,,19.539265107362056,,False
101990961244800083,air_temperature,2026-08-25 22:00:00+00:00,,19.508731284107817,,False
101990961244800083,air_temperature,2026-08-25 23:00:00+00:00,,19.334567020700625,,False
101990961244800083,air_temperature,2026-08-26 00:00:00+00:00,,19.265105866898267,,False
101990961244800083,air_temperature,2026-08-26 01:00:00+00:00,,19.26802162027675,,False
101990961244800083,air_temperature,2026-08-26 02:00:00+00:00,,19.195948633933387,,False
101990961244800083,air_temperature,2026-08-26 03:00:00+00:00,,19.04026463746402,,False
101990961244800083,air_temperature,2026-08-26 04:00:00+00:00,,19.653127683452038,,False
101990961244800083,air_temperature,2026-08-26 05:00:00+00:00,20.1,21.054106309283693,,False
101990961244800083,air_temperature,2026-08-26 06:00:00+00:00,,22.73311290980566,20.1,False
101990961244800083,air_temperature,2026-08-26 07:00:00+00:00,,24.948198721269367,,False
101990961244800083,air_temperature,2026-08-26 08:00:00+00:00,28.9,26.5139493592413,,False
101990961244800083,air_temperature,2026-08-26 09:00:00+00:00,29.8,29.533806939633074,28.9,True
101990961244800083,air_temperature,2026-08-26 10:00:00+00:00,31.450000000000003,30.588177824883736,29.8,True
101990961244800083,air_temperature,2026-08-26 11:00:00+00:00,,31.534250200948748,31.450000000000003,False
101990961244800083,air_temperature,2026-08-26 12:00:00+00:00,33.0,30.474773533670156,,False
101990961244800083,air_temperature,2026-08-26 13:00:00+00:00,31.85,30.79760830615134,33.0,True
101990961244800083,air_temperature,2026-08-26 14:00:00+00:00,30.5,29.25583308438235,31.85,True
101990961244800083,air_temperature,2026-08-26 15:00:00+00:00,26.1,27.56745671289452,30.5,True
101990961244800083,air_temperature,2026-08-26 16:00:00+00:00,25.4,24.052998248832917,26.1,True
101990961244800083,air_temperature,2026-08-26 17:00:00+00:00,24.03333333333333,23.967157964308978,25.4,True
101990961244800083,air_temperature,2026-08-26 18:00:00+00:00,22.700000000000003,23.00311497286116,24.03333333333333,True
101990961244800083,air_temperature,2026-08-26 19:00:00+00:00,22.566666666666663,21.943910245152605,22.700000000000003,True
101990961244800083,air_temperature,2026-08-26 20:00:00+00:00,,22.07342036672134,22.566666666666663,False
101990961244800083,air_temperature,2026-08-26 21:00:00+00:00,,21.598916996606274,,False
101990961244800083,air_temperature,2026-08-26 22:00:00+00:00,,21.248602338197504,,False
101990961244800083,air_temperature,2026-08-26 23:00:00+00:00,,20.799080823814528,,False
101990961244800083,air_temperature,2026-08-27 00:00:00+00:00,,20.491655393106612,,False
101990961244800083,air_temperature,2026-08-27 01:00:00+00:00,,20.287923975775534,,False
101990961244800083,air_temperature,2026-08-27 02:00:00+00:00,,20.03524466777855,,False
101990961244800083,air_temperature,2026-08-27 03:00:00+00:00,,19.7203838337751,,False
101990961244800083,air_temperature,2026-08-27 04:00:00+00:00,,20.191435311894583,,False
101990961244800083,air_temperature,2026-08-27 05:00:00+00:00,,21.46434713255214,,False
101990961244800083,air_temperature,2026-08-27 06:00:00+00:00,,24.007139918693113,,False
101990961244800083,air_temperature,2026-08-27 07:00:00+00:00,,26.168214293874716,,False
101990961244800083,air_temperature,2026-08-27 08:00:00+00:00,,27.70503441631241,,False
101990961244800083,air_temperature,2026-08-27 09:00:00+00:00,,28.549862719615152,,False
101990961244800083,air_temperature,2026-08-27 10:00:00+00:00,,29.64513221399342,,False
101990961244800083,air_temperature,2026-08-27 11:00:00+00:00,,30.168760078982245,,False
101990961244800083,air_temperature,2026-08-27 12:00:00+00:00,,29.50993779932549,,False
101990961244800083,air_temperature,2026-08-27 13:00:00+00:00,,27.973816401857263,,False
101990961244800083,air_temperature,2026-08-27 14:00:00+00:00,,26.141186349059303,,False
101990961244800083,air_temperature,2026-08-27 15:00:00+00:00,28.0,23.63747335847849,,False
101990961244800083,air_temperature,2026-08-27 16:00:00+00:00,,25.85686760146927,28.0,False
101990961244800083,air_temperature,2026-08-27 17:00:00+00:00,24.3,24.367437065621083,,False
101990961244800083,air_temperature,2026-08-27 18:00:00+00:00,,23.184611805518262,24.3,False
101990961244800083,air_temperature,2026-08-27 19:00:00+00:00,,22.455267251263393,,False
101990961244800083,air_temperature,2026-08-27 20:00:00+00:00,,21.989163668234387,,False
101990961244800083,air_temperature,2026-08-27 21:00:00+00:00,,21.539644676686144,,False
101990961244800083,air_temperature,2026-08-27 22:00:00+00:00,,21.212801016850012,,False
101990961244800083,air_temperature,2026-08-27 23:00:00+00:00,,20.785836397293373,,False
101990961244800083,air_temperature,2026-08-28 00:00:00+00:00,,20.500629695693036,,False
101990961244800083,air_temperature,2026-08-28 01:00:00+00:00,,20.319346145662696,,False
101990961244800083,air_temperature,2026-08-28 02:00:00+00:00,,20.089916997439477,,False
101990961244800083,air_temperature,2026-08-28 03:00:00+00:00,,19.799702254767915,,False
101990961244800083,air_temperature,2026-08-28 04:00:00+00:00,,20.29742503707935,,False
101990961244800083,air_temperature,2026-08-28 05:00:00+00:00,,21.599714291810013,,False
101990961244800083,air_temperature,2026-08-28 06:00:00+00:00,,24.1212691497907,,False
101990961244800083,air_temperature,2026-08-28 07:00:00+00:00,,26.264075131593586,,False
101990961244800083,air_temperature,2026-08-28 08:00:00+00:00,,27.7849298271638,,False
101990961244800083,air_temperature,2026-08-28 09:00:00+00:00,,28.664698503087145,,False
101990961244800083,air_temperature,2026-08-28 10:00:00+00:00,,29.770322592796795,,False
101990961244800083,air_temperature,2026-08-28 11:00:00+00:00,,30.295346163760655,,False
101990961244800083,air_temperature,2026-08-28 12:00:00+00:00,,29.640983989188058,,False
101990961244800083,air_temperature,2026-08-28 13:00:00+00:00,,28.146569522275573,,False
101990961244800083,air_temperature,2026-08-28 14:00:00+00:00,,26.362727079383667,,False
101990961244800083,air_temperature,2026-08-28 15:00:00+00:00,,24.065838538668647,,False
101990961244800083,air_temperature,2026-08-28 16:00:00+00:00,,22.43018269619132,,False
101990961244800083,air_temperature,2026-08-28 17:00:00+00:00,,21.437848712856393,,False
101990961244800083,air_temperature,2026-08-28 18:00:00+00:00,,20.7598493043034,,False
101990961244800083,air_temperature,2026-08-28 19:00:00+00:00,,20.357393258319167,,False
101990961244800083,air_temperature,2026-08-28 20:00:00+00:00,,20.19805883615946,,False
101990961244800083,air_temperature,2026-08-28 21:00:00+00:00,,20.009577283940352,,False
101990961244800083,air_temperature,2026-08-28 22:00:00+00:00,,19.90470432944136,,False
101990961244800083,air_temperature,2026-08-28 23:00:00+00:00,,19.666311190086482,,False
101990961244800083,air_temperature,2026-08-29 00:00:00+00:00,,19.54109148040035,,False
101990961244800083,air_temperature,2026-08-29 01:00:00+00:00,,19.49529533201154,,False
101990961244800083,air_temperature,2026-08-29 02:00:00+00:00,,19.380313352767352,,False
101990961244800083,air_temperature,2026-08-29 03:00:00+00:00,,19.18642769031776,,False
101990961244800083,air_temperature,2026-08-29 04:00:00+00:00,,19.76482100448465,,False
101990961244800083,air_temperature,2026-08-29 05:00:00+00:00,19.9,21.134181978265705,,False
101990961244800083,air_temperature,2026-08-29 06:00:00+00:00,,22.65676322708712,19.9,False
101990961244800083,air_temperature,2026-08-29 07:00:00+00:00,,24.997490566595047,,False
101990961244800083,air_temperature,2026-08-29 08:00:00+00:00,28.933333333333334,26.682239462104796,,False
101990961244800083,air_temperature,2026-08-29 09:00:00+00:00,30.066666666666663,29.608919531369214,28.933333333333334,True
101990961244800083,air_temperature,2026-08-29 10:00:00+00:00,30.566666666666663,30.92998014112372,30.066666666666663,True
101990961244800083,air_temperature,2026-08-29 11:00:00+00:00,31.0,30.93617591212745,30.566666666666663,True
101990961244800083,air_temperature,2026-08-29 12:00:00+00:00,32.8,30.196052603922432,31.0,True
101990961244800083,air_temperature,2026-08-29 13:00:00+00:00,31.575,30.78455383081636,32.8,True
101990961244800083,air_temperature,2026-08-29 14:00:00+00:00,28.75,29.218609058894543,31.575,True
101990961244800083,air_temperature,2026-08-29 15:00:00+00:00,27.0,26.03665358710273,28.75,True
101990961244800083,air_temperature,2026-08-29 16:00:00+00:00,24.7,24.920438940735405,27.0,True
101990961244800083,air_temperature,2026-08-29 17:00:00+00:00,23.44,23.368724685318355,24.7,True
101990961244800083,air_temperature,2026-08-29 18:00:00+00:00,22.83333333333333,22.459535663908532,23.44,True
101990961244800083,air_temperature,2026-08-29 19:00:00+00:00,22.28,22.113663148972588,22.83333333333333,True
101990961244800083,air_temperature,2026-08-29 20:00:00+00:00,21.9,21.823131126291496,22.28,True
101990961244800083,air_temperature,2026-08-29 21:00:00+00:00,,21.44300274982652,21.9,False
101990961244800083,air_temperature,2026-08-29 22:00:00+00:00,,21.106213292873278,,False
101990961244800083,air_temperature,2026-08-29 23:00:00+00:00,,20.666581402903784,,False
101990961244800083,air_temperature,2026-08-30 00:00:00+00:00,,20.365662529396335,,False
101990961244800083,air_temperature,2026-08-30 01:00:00+00:00,,20.165220731750832,,False
101990961244800083,air_temperature,2026-08-30 02:00:00+00:00,,19.91269809974231,,False
101990961244800083,air_temperature,2026-08-30 03:00:00+00:00,,19.594864998389426,,False
101990961244800083,air_temperature,2026-08-30 04:00:00+00:00,,20.059739373163403,,False
101990961244800083,air_temperature,2026-08-30 05:00:00+00:00,,21.323111930196767,,False
101990961244800083,air_temperature,2026-08-30 06:00:00+00:00,,23.977255620023765,,False
101990961244800083,air_temperature,2026-08-30 07:00:00+00:00,19.0,26.25062939257111,,False
101990961244800083,air_temperature,2026-08-30 08:00:00+00:00,,21.776091602907997,19.0,False
101990961244800083,air_temperature,2026-08-30 09:00:00+00:00,,23.599299521582598,,False
101990961244800083,air_temperature,2026-08-30 10:00:00+00:00,31.133333333333336,25.355538090154937,,False
101990961244800083,air_temperature,2026-08-30 11:00:00+00:00,,31.405187051348395,31.133333333333336,False
101990961244800083,air_temperature,2026-08-30 12:00:00+00:00,32.8,30.92999117834491,,False
101990961244800083,air_temperature,2026-08-30 13:00:00+00:00,30.9,30.90035773077074,32.8,True
101990961244800083,air_temperature,2026-08-30 14:00:00+00:00,30.4,28.56810164871845,30.9,True
101990961244800083,air_temperature,2026-08-30 15:00:00+00:00,27.066666666666663,27.58172683492325,30.4,True
101990961244800083,air_temperature,2026-08-30 16:00:00+00:00,25.2,24.948641897386683,27.066666666666663,True
101990961244800083,air_temperature,2026-08-30 17:00:00+00:00,23.7,23.80994567167631,25.2,True
101990961244800083,air_temperature,2026-08-30 18:00:00+00:00,,22.749638266692987,23.7,False
101990961244800083,air_temperature,2026-08-30 19:00:00+00:00,,22.079528683016886,,False
101990961244800083,air_temperature,2026-08-30 20:00:00+00:00,,21.684393663328358,,False
101990961244800083,air_temperature,2026-08-30 21:00:00+00:00,,21.20415323534249,,False
101990961244800083,air_temperature,2026-08-30 22:00:00+00:00,,20.83802211314205,,False
101990961244800083,air_temperature,2026-08-30 23:00:00+00:00,,20.362200910630158,,False
101990961244800083,air_temperature,2026-08-31 00:00:00+00:00,,20.017321070072757,,False
101990961244800083,air_temperature,2026-08-31 01:00:00+00:00,,19.764024208625756,,False
101990961244800083,air_temperature,2026-08-31 02:00:00+00:00,,19.448402886997883,,False
101990961244800083,air_temperature,2026-08-31 03:00:00+00:00,,19.055616391026387,,False
101990961244800083,air_temperature,2026-08-31 04:00:00+00:00,,19.43176889685108,,False
101990961244800083,air_temperature,2026-08-31 05:00:00+00:00,,20.590386692980616,,False
101990961244800083,air_temperature,2026-08-31 06:00:00+00:00,,23.033429847801532,,False
101990961244800083,air_temperature,2026-08-31 07:00:00+00:00,,25.051913460815832,,False
101990961244800083,air_temperature,2026-08-31 08:00:00+00:00,,27.16639487277687,,False
101990961244800083,air_temperature,2026-08-31 09:00:00+00:00,,28.482002377866525,,False
101990961244800083,air_temperature,2026-08-31 10:00:00+00:00,,29.889503653178775,,False
101990961244800083,air_temperature,2026-08-31 11:00:00+00:00,,30.46768355836604,,False
101990961244800083,air_temperature,2026-08-31 12:00:00+00:00,,30.149645930985734,,False
101990961244800083,air_temperature,2026-08-31 13:00:00+00:00,,28.59522868368339,,False
101990961244800083,air_temperature,2026-08-31 14:00:00+00:00,,26.88863444700898,,False
101990961244800083,air_temperature,2026-08-31 15:00:00+00:00,,24.465702688706173,,False
101990961244800083,air_temperature,2026-08-31 16:00:00+00:00,,22.778219059704455,,False
101990961244800083,air_temperature,2026-08-31 17:00:00+00:00,,21.72713475190012,,False
101990961244800083,air_temperature,2026-08-31 18:00:00+00:00,,21.04988013852823,,False
101990961244800083,air_temperature,2026-08-31 19:00:00+00:00,,20.622947142268323,,False
101990961244800083,air_temperature,2026-08-31 20:00:00+00:00,,20.440075922019748,,False
101990961244800083,air_temperature,2026-08-31 21:00:00+00:00,,20.164174774310823,,False
101990961244800083,air_temperature,2026-08-31 22:00:00+00:00,,19.975829486384225,,False
101990961244800083,air_temperature,2026-08-31 23:00:00+00:00,,19.65578002245407,,False
101990961244800083,air_temperature,2026-09-01 00:00:00+00:00,,19.44863509605126,,False
101990961244800083,air_temperature,2026-09-01 01:00:00+00:00,,19.318553066978577,,False
101990961244800083,air_temperature,2026-09-01 02:00:00+00:00,,19.114772501867787,,False
101990961244800083,air_temperature,2026-09-01 03:00:00+00:00,,18.825308281744306,,False
101990961244800083,air_temperature,2026-09-01 04:00:00+00:00,,19.298902678223428,,False
101990961244800083,air_temperature,2026-09-01 05:00:00+00:00,,20.55156993324639,,False
101990961244800083,air_temperature,2026-09-01 06:00:00+00:00,,23.084903218901882,,False
101990961244800083,air_temperature,2026-09-01 07:00:00+00:00,27.5,25.19499121689811,,False
101990961244800083,air_temperature,2026-09-01 08:00:00+00:00,,29.146540546655114,27.5,False
101990961244800083,air_temperature,2026-09-01 09:00:00+00:00,,30.056394966764316,,False
101990961244800083,air_temperature,2026-09-01 10:00:00+00:00,,31.106766281344978,,False
101990961244800083,air_temperature,2026-09-01 11:00:00+00:00,31.35,31.460718263580148,,False
101990961244800083,air_temperature,2026-09-01 12:00:00+00:00,32.2,30.842590282443847,31.35,True
101990961244800083,air_temperature,2026-09-01 13:00:00+00:00,32.15,30.342758689940535,32.2,True
101990961244800083,air_temperature,2026-09-01 14:00:00+00:00,28.25,29.824993826681958,32.15,True
101990961244800083,air_temperature,2026-09-01 15:00:00+00:00,27.166666666666668,25.6558926027086,28.25,True
101990961244800083,air_temperature,2026-09-01 16:00:00+00:00,25.3,25.07247062743142,27.166666666666668,True
101990961244800083,air_temperature,2026-09-01 17:00:00+00:00,24.0,23.888651807160986,25.3,True
101990961244800083,air_temperature,2026-09-01 18:00:00+00:00,,22.99703558948995,24.0,False
101990961244800083,air_temperature,2026-09-01 19:00:00+00:00,,22.294919040185746,,False
101990961244800083,air_temperature,2026-09-01 20:00:00+00:00,,21.88051616514556,,False
101990961244800083,air_temperature,2026-09-01 21:00:00+00:00,,21.41135539622359,,False
101990961244800083,air_temperature,2026-09-01 22:00:00+00:00,,21.06159436156822,,False
101990961244800083,air_temperature,2026-09-01 23:00:00+00:00,,20.607851647210502,,False
101990961244800083,air_temperature,2026-09-02 00:00:00+00:00,,20.291322418544404,,False
101990961244800083,air_temperature,2026-09-02 01:00:00+00:00,,20.07337216007102,,False
101990961244800083,air_temperature,2026-09-02 02:00:00+00:00,,19.80099592627261,,False
101990961244800083,air_temperature,2026-09-02 03:00:00+00:00,,19.46045716633943,,False
101990961244800083,air_temperature,2026-09-02 04:00:00+00:00,,19.8991940816487,,False
101990961244800083,air_temperature,2026-09-02 05:00:00+00:00,20.4,21.132330895885858,,False
101990961244800083,air_temperature,2026-09-02 06:00:00+00:00,,23.046857456951727,20.4,False
101990961244800083,air_temperature,2026-09-02 07:00:00+00:00,27.5,25.272880899030827,,False
101990961244800083,air_temperature,2026-09-02 08:00:00+00:00,29.1,29.116659726351795,27.5,True
101990961244800083,air_temperature,2026-09-02 09:00:00+00:00,28.9,30.001022688430297,29.1,True
101990961244800083,air_temperature,2026-09-02 10:00:00+00:00,31.2,30.122549754102703,28.9,True
101990961244800083,air_temperature,2026-09-02 11:00:00+00:00,31.4,31.513036585238513,31.2,True
101990961244800083,air_temperature,2026-09-02 12:00:00+00:00,31.73333333333333,31.083497900596665,31.4,True
101990961244800083,air_temperature,2026-09-02 13:00:00+00:00,31.33333333333333,30.210296961369387,31.73333333333333,True
101990961244800083,air_temperature,2026-09-02 14:00:00+00:00,29.380000000000003,28.881368816508896,31.33333333333333,True
101990961244800083,air_temperature,2026-09-02 15:00:00+00:00,27.2,26.837797709390685,29.380000000000003,True
101990961244800083,air_temperature,2026-09-02 16:00:00+00:00,25.700000000000003,25.128912332585287,27.2,True
101990961244800083,air_temperature,2026-09-02 17:00:00+00:00,23.1,24.240981312883598,25.700000000000003,True
101990961244800083,air_temperature,2026-09-02 18:00:00+00:00,,22.22078224120823,23.1,False
101990961244800083,air_temperature,2026-09-02 19:00:00+00:00,,21.62262897393411,,False
101990961244800083,air_temperature,2026-09-02 20:00:00+00:00,,21.293905038431213,,False
101990961244800083,air_temperature,2026-09-02 21:00:00+00:00,,20.893035799324817,,False
101990961244800083,air_temperature,2026-09-02 22:00:00+00:00,,20.5983322032738,,False
101990961244800083,air_temperature,2026-09-02 23:00:00+00:00,,20.18781859920771,,False
101990961244800083,air_temperature,2026-09-03 00:00:00+00:00,,19.903793907906802,,False
101990961244800083,air_temperature,2026-09-03 01:00:00+00:00,,19.70845354209981,,False
101990961244800083,air_temperature,2026-09-03 02:00:00+00:00,,19.449369847598565,,False
101990961244800083,air_temperature,2026-09-03 03:00:00+00:00,,19.113145667857427,,False
101990961244800083,air_temperature,2026-09-03 04:00:00+00:00,21.2,19.547329367126114,,False
101990961244800083,air_temperature,2026-09-03 05:00:00+00:00,21.9,22.14203298889836,21.2,True
101990961244800083,air_temperature,2026-09-03 06:00:00+00:00,,24.468756605151604,21.9,False
101990961244800083,air_temperature,2026-09-03 07:00:00+00:00,,26.661903560635025,,False
101990961244800083,air_temperature,2026-09-03 08:00:00+00:00,29.96666666666667,28.402941622794707,,False
101990961244800083,air_temperature,2026-09-03 09:00:00+00:00,31.3,30.54152385770916,29.96666666666667,True
101990961244800083,air_temperature,2026-09-03 10:00:00+00:00,31.05,32.32606688192802,31.3,True
101990961244800083,air_temperature,2026-09-03 11:00:00+00:00,30.8,31.365134000164943,31.05,True
101990961244800083,air_temperature,2026-09-03 12:00:00+00:00,32.0,30.60009503719936,30.8,True
101990961244800083,air_temperature,2026-09-03 13:00:00+00:00,,30.501189175035137,32.0,False
101990961244800083,air_temperature,2026-09-03 14:00:00+00:00,30.8,28.31812136096987,,False
101990961244800083,air_temperature,2026-09-03 15:00:00+00:00,28.7,28.01800730738079,30.8,True
101990961244800083,air_temperature,2026-09-03 16:00:00+00:00,26.85,26.474869594408897,28.7,True
101990961244800083,air_temperature,2026-09-03 17:00:00+00:00,,25.05831509105321,26.85,False
101990961244800083,air_temperature,2026-09-03 18:00:00+00:00,,23.904977276010683,,False
101990961244800083,air_temperature,2026-09-03 19:00:00+00:00,,23.07573301246313,,False
101990961244800083,air_temperature,2026-09-03 20:00:00+00:00,,22.55423552067346,,False
101990961244800083,air_temperature,2026-09-03 21:00:00+00:00,,21.994079904872933,,False
101990961244800083,air_temperature,2026-09-03 22:00:00+00:00,,21.568514538267404,,False
101990961244800083,air_temperature,2026-09-03 23:00:00+00:00,,21.051911062272765,,False
101990961244800083,air_temperature,2026-09-04 00:00:00+00:00,,20.683859321885706,,False
101990961244800083,air_temperature,2026-09-04 01:00:00+00:00,,20.424409349178095,,False
101990961244800083,air_temperature,2026-09-04 02:00:00+00:00,,20.119496324316774,,False
101990961244800083,air_temperature,2026-09-04 03:00:00+00:00,,19.75455294474376,,False
101990961244800083,air_temperature,2026-09-04 04:00:00+00:00,20.8,20.176395046450263,,False
101990961244800083,air_temperature,2026-09-04 05:00:00+00:00,22.5,21.753129716281443,20.8,True
101990961244800083,air_temperature,2026-09-04 06:00:00+00:00,26.4,24.991825330633166,22.5,True
101990961244800083,air_temperature,2026-09-04 07:00:00+00:00,27.9,28.285125715505043,26.4,True
101990961244800083,air_temperature,2026-09-04 08:00:00+00:00,,29.55254804437499,27.9,False
101990961244800083,air_temperature,2026-09-04 09:00:00+00:00,29.4,30.36716146087663,,False
101990961244800083,air_temperature,2026-09-04 10:00:00+00:00,29.2,30.46872934726366,29.4,True
101990961244800083,air_temperature,2026-09-04 11:00:00+00:00,30.6,29.70590065482399,29.2,True
101990961244800083,air_temperature,2026-09-04 12:00:00+00:00,31.1,30.584415106196694,30.6,True
101990961244800083,air_temperature,2026-09-04 13:00:00+00:00,27.5,29.836300977011255,31.1,True
101990961244800083,air_temperature,2026-09-04 14:00:00+00:00,20.2,25.960836601889998,27.5,True
101990961244800083,air_temperature,2026-09-04 15:00:00+00:00,22.1,19.061728681524794,20.2,True
101990961244800083,air_temperature,2026-09-04 16:00:00+00:00,21.9,20.867874512452023,22.1,True
101990961244800083,air_temperature,2026-09-04 17:00:00+00:00,21.9,20.89671184352708,21.9,True
101990961244800083,air_temperature,2026-09-04 18:00:00+00:00,,21.211952872764932,21.9,False
101990961244800083,air_temperature,2026-09-04 19:00:00+00:00,,20.779243674474714,,False
101990961244800083,air_temperature,2026-09-04 20:00:00+00:00,,20.595757390959573,,False
101990961244800083,air_temperature,2026-09-04 21:00:00+00:00,,20.32286007156092,,False
101990961244800083,air_temperature,2026-09-04 22:00:00+00:00,,20.141712501918757,,False
101990961244800083,air_temperature,2026-09-04 23:00:00+00:00,,19.833096439423862,,False
101990961244800083,air_temperature,2026-09-05 00:00:00+00:00,,19.641912379114476,,False
101990961244800083,air_temperature,2026-09-05 01:00:00+00:00,,19.53272623002795,,False
101990961244800083,air_temperature,2026-09-05 02:00:00+00:00,,19.355309961542172,,False
101990961244800083,air_temperature,2026-09-05 03:00:00+00:00,,19.09835160605353,,False
101990961244800083,air_temperature,2026-09-05 04:00:00+00:00,,19.61142373889402,,False
101990961244800083,air_temperature,2026-09-05 05:00:00+00:00,,20.879893529027257,,False
101990961244800083,air_temperature,2026-09-05 06:00:00+00:00,,23.84042690284104,,False
101990961244800083,air_temperature,2026-09-05 07:00:00+00:00,,26.012137976592154,,False
101990961244800083,air_temperature,2026-09-05 08:00:00+00:00,,27.838253286949993,,False
101990961244800083,air_temperature,2026-09-05 09:00:00+00:00,,28.79857285582533,,False
101990961244800083,air_temperature,2026-09-05 10:00:00+00:00,,29.832448289161846,,False
101990961244800083,air_temperature,2026-09-05 11:00:00+00:00,,30.40053525617743,,False
101990961244800083,air_temperature,2026-09-05 12:00:00+00:00,,30.414306648263576,,False
101990961244800083,air_temperature,2026-09-05 13:00:00+00:00,,28.89159443997548,,False
101990961244800083,air_temperature,2026-09-05 14:00:00+00:00,,26.249172531913338,,False
101990961244800083,air_temperature,2026-09-05 15:00:00+00:00,,24.596358049182733,,False
101990961244800083,air_temperature,2026-09-05 16:00:00+00:00,,23.113176011186866,,False
101990961244800083,air_temperature,2026-09-05 17:00:00+00:00,,22.075529075696945,,False
101990961244800083,air_temperature,2026-09-05 18:00:00+00:00,,21.35952003672753,,False
101990961244800083,air_temperature,2026-09-05 19:00:00+00:00,,20.90261672259049,,False
101990961244800083,air_temperature,2026-09-05 20:00:00+00:00,,20.698086373268186,,False
101990961244800083,air_temperature,2026-09-05 21:00:00+00:00,,20.406757739355186,,False
101990961244800083,air_temperature,2026-09-05 22:00:00+00:00,,20.209320988209154,,False
101990961244800083,air_temperature,2026-09-05 23:00:00+00:00,,19.886141970625005,,False
101990961244800083,air_temperature,2026-09-06 00:00:00+00:00,,19.681749350246292,,False
101990961244800083,air_temperature,2026-09-06 01:00:00+00:00,,19.56037178606172,,False
101990961244800083,air_temperature,2026-09-06 02:00:00+00:00,,19.371469967846142,,False
101990961244800083,air_temperature,2026-09-06 03:00:00+00:00,,19.103438671033434,,False
101990961244800083,air_temperature,2026-09-06 04:00:00+00:00,22.8,19.605567748994932,,False
101990961244800083,air_temperature,2026-09-06 05:00:00+00:00,,23.53326495969777,22.8,False
101990961244800083,air_temperature,2026-09-06 06:00:00+00:00,26.4,26.029686269973194,,False
101990961244800083,air_temperature,2026-09-06 07:00:00+00:00,,28.20295893267292,26.4,False
101990961244800083,air_temperature,2026-09-06 08:00:00+00:00,30.2,29.73111915507248,,False
101990961244800083,air_temperature,2026-09-06 09:00:00+00:00,31.45,30.838226927967018,30.2,True
101990961244800083,air_temperature,2026-09-06 10:00:00+00:00,32.5,32.16149370890657,31.45,True
101990961244800083,air_temperature,2026-09-06 11:00:00+00:00,32.5,32.63564329545746,32.5,True
101990961244800083,air_temperature,2026-09-06 12:00:00+00:00,32.46666666666667,32.18185397718097,32.5,True
101990961244800083,air_temperature,2026-09-06 13:00:00+00:00,30.2,30.76614633762629,32.46666666666667,True
101990961244800083,air_temperature,2026-09-06 14:00:00+00:00,,27.663660030162234,30.2,False
101990961244800083,air_temperature,2026-09-06 15:00:00+00:00,17.925,25.65841538656256,,False
101990961244800083,air_temperature,2026-09-06 16:00:00+00:00,18.65,17.398091109707643,17.925,True
101990961244800083,air_temperature,2026-09-06 17:00:00+00:00,18.4,18.237726988802784,18.65,True
101990961244800083,air_temperature,2026-09-06 18:00:00+00:00,,18.251188897570213,18.4,False
101990961244800083,air_temperature,2026-09-06 19:00:00+00:00,,18.282154594714033,,False
101990961244800083,air_temperature,2026-09-06 20:00:00+00:00,,18.50132775155258,,False
101990961244800083,air_temperature,2026-09-06 21:00:00+00:00,,18.580151188468136,,False
101990961244800083,air_temperature,2026-09-06 22:00:00+00:00,,18.706485500486956,,False
101990961244800083,air_temperature,2026-09-06 23:00:00+00:00,,18.668706557350788,,False
101990961244800083,air_temperature,2026-09-07 00:00:00+00:00,,18.71862979314737,,False
101990961244800083,air_temperature,2026-09-07 01:00:00+00:00,,18.82697728040473,,False
101990961244800083,air_temperature,2026-09-07 02:00:00+00:00,,18.849074980233393,,False
101990961244800083,air_temperature,2026-09-07 03:00:00+00:00,,18.778705053017024,,False
101990961244800083,air_temperature,2026-09-07 04:00:00+00:00,,19.47020479693729,,False
101990961244800083,air_temperature,2026-09-07 05:00:00+00:00,,20.72333014963275,,False
101990961244800083,air_temperature,2026-09-07 06:00:00+00:00,,23.661204934075673,,False
101990961244800083,air_temperature,2026-09-07 07:00:00+00:00,,25.90608269437763,,False
101990961244800083,air_temperature,2026-09-07 08:00:00+00:00,,27.81096889956797,,False
101990961244800083,air_temperature,2026-09-07 09:00:00+00:00,,28.8974365497384,,False
101990961244800083,air_temperature,2026-09-07 10:00:00+00:00,,30.039773797105923,,False
101990961244800083,air_temperature,2026-09-07 11:00:00+00:00,,30.514017580394434,,False
101990961244800083,air_temperature,2026-09-07 12:00:00+00:00,,30.527755368997617,,False
101990961244800083,air_temperature,2026-09-07 13:00:00+00:00,,29.05118142369714,,False
101990961244800083,air_temperature,2026-09-07 14:00:00+00:00,23.1,26.14915020512573,,False
101990961244800083,air_temperature,2026-09-07 15:00:00+00:00,23.1,21.128842025668437,23.1,True
101990961244800083,air_temperature,2026-09-07 16:00:00+00:00,20.05,21.974858821763306,23.1,True
101990961244800083,air_temperature,2026-09-07 17:00:00+00:00,19.8,19.44640321695746,20.05,True
101990961244800083,air_temperature,2026-09-07 18:00:00+00:00,,19.431297460166,19.8,False
101990961244800083,air_temperature,2026-09-07 19:00:00+00:00,,19.272499397211497,,False
101990961244800083,air_temperature,2026-09-07 20:00:00+00:00,,19.327051097671863,,False
101990961244800083,air_temperature,2026-09-07 21:00:00+00:00,,19.262357618419717,,False
101990961244800083,air_temperature,2026-09-07 22:00:00+00:00,,19.262594585206003,,False
101990961244800083,air_temperature,2026-09-07 23:00:00+00:00,,19.112917258397694,,False
101990961244800083,air_temperature,2026-09-08 00:00:00+00:00,,19.06228400458758,,False
101990961244800083,air_temperature,2026-09-08 01:00:00+00:00,,19.078849418950774,,False
101990961244800083,air_temperature,2026-09-08 02:00:00+00:00,,19.015596018719013,,False
101990961244800083,air_temperature,2026-09-08 03:00:00+00:00,,18.864126721232303,,False
101990961244800083,air_temperature,2026-09-08 04:00:00+00:00,,19.476708141928672,,False
101990961244800083,air_temperature,2026-09-08 05:00:00+00:00,21.9,20.69353991705065,,False
101990961244800083,air_temperature,2026-09-08 06:00:00+00:00,25.3,24.617335854215007,21.9,True
101990961244800083,air_temperature,2026-09-08 07:00:00+00:00,,27.241636732317946,25.3,False
101990961244800083,air_temperature,2026-09-08 08:00:00+00:00,,28.889334346329818,,False
101990961244800083,air_temperature,2026-09-08 09:00:00+00:00,,29.734529878270973,,False
101990961244800083,air_temperature,2026-09-08 10:00:00+00:00,,30.676735627071878,,False
101990961244800083,air_temperature,2026-09-08 11:00:00+00:00,,30.99309912946058,,False
101990961244800083,air_temperature,2026-09-08 12:00:00+00:00,,30.838985285758092,,False
101990961244800083,air_temperature,2026-09-08 13:00:00+00:00,,29.249849824677767,,False
101990961244800083,air_temperature,2026-09-08 14:00:00+00:00,,26.376159084668483,,False
101990961244800083,air_temperature,2026-09-08 15:00:00+00:00,,24.423734026391926,,False
101990961244800083,air_temperature,2026-09-08 16:00:00+00:00,,22.777263722757155,,False
101990961244800083,air_temperature,2026-09-08 17:00:00+00:00,,21.810602463628463,,False
101990961244800083,air_temperature,2026-09-08 18:00:00+00:00,,21.154424448891003,,False
101990961244800083,air_temperature,2026-09-08 19:00:00+00:00,,20.752156071751966,,False
101990961244800083,air_temperature,2026-09-08 20:00:00+00:00,,20.6014705375042,,False
101990961244800083,air_temperature,2026-09-08 21:00:00+00:00,,20.364313211547493,,False
101990961244800083,air_temperature,2026-09-08 22:00:00+00:00,,20.220228332012162,,False
101990961244800083,air_temperature,2026-09-08 23:00:00+00:00,,19.950680133497357,,False
101990961244800083,air_temperature,2026-09-09 00:00:00+00:00,,19.801566350752886,,False
101990961244800083,air_temperature,2026-09-09 01:00:00+00:00,,19.738527107392684,,False
101990961244800083,air_temperature,2026-09-09 02:00:00+00:00,,19.61251239431038,,False
101990961244800083,air_temperature,2026-09-09 03:00:00+00:00,,19.41352266380049,,False
101990961244800083,air_temperature,2026-09-09 04:00:00+00:00,,19.992611221663555,,False
101990961244800083,air_temperature,2026-09-09 05:00:00+00:00,,21.188827878575964,,False
101990961244800083,air_temperature,2026-09-09 06:00:00+00:00,,24.139488116136825,,False
101990961244800083,air_temperature,2026-09-09 07:00:00+00:00,,26.265662162972106,,False
101990961244800083,air_temperature,2026-09-09 08:00:00+00:00,,28.07297863104007,,False
101990961244800083,air_temperature,2026-09-09 09:00:00+00:00,,29.056129810383542,,False
101990961244800083,air_temperature,2026-09-09 10:00:00+00:00,,30.120082785112665,,False
101990961244800083,air_temperature,2026-09-09 11:00:00+00:00,,30.545517828446684,,False
101990961244800083,air_temperature,2026-09-09 12:00:00+00:00,,30.487745673875978,,False
101990961244800083,air_temperature,2026-09-09 13:00:00+00:00,,28.988726503261073,,False
101990961244800083,air_temperature,2026-09-09 14:00:00+00:00,,26.208424468624013,,False
101990961244800083,air_temperature,2026-09-09 15:00:00+00:00,,24.194361001551314,,False
101990961244800083,air_temperature,2026-09-09 16:00:00+00:00,,22.675744115227285,,False
101990961244800083,air_temperature,2026-09-09 17:00:00+00:00,,21.705578818715207,,False
101990961244800083,air_temperature,2026-09-09 18:00:00+00:00,,21.06202915633915,,False
101990961244800083,air_temperature,2026-09-09 19:00:00+00:00,,20.670030031345956,,False
101990961244800083,air_temperature,2026-09-09 20:00:00+00:00,,20.5275168506437,,False
101990961244800083,air_temperature,2026-09-09 21:00:00+00:00,,20.296643641789007,,False
101990961244800083,air_temperature,2026-09-09 22:00:00+00:00,,20.15711509331592,,False
101990961244800083,air_temperature,2026-09-09 23:00:00+00:00,,19.89051177520491,,False
101990961244800083,air_temperature,2026-09-10 00:00:00+00:00,,19.74280661291955,,False
101990961244800083,air_temperature,2026-09-10 01:00:00+00:00,,19.67967569594106,,False
101990961244800083,air_temperature,2026-09-10 02:00:00+00:00,,19.552066674489126,,False
101990961244800083,air_temperature,2026-09-10 03:00:00+00:00,,19.349939293879437,,False
101990961244800083,air_temperature,2026-09-10 04:00:00+00:00,,19.92426674727018,,False
101990961244800083,air_temperature,2026-09-10 05:00:00+00:00,,21.114130115503286,,False
101990961244800083,air_temperature,2026-09-10 06:00:00+00:00,,24.043219237069707,,False
101990961244800083,air_temperature,2026-09-10 07:00:00+00:00,,26.18437954684028,,False
101990961244800083,air_temperature,2026-09-10 08:00:00+00:00,,28.004606960827815,,False
101990961244800083,air_temperature,2026-09-10 09:00:00+00:00,,28.998875188478817,,False
101990961244800083,air_temperature,2026-09-10 10:00:00+00:00,,30.072548790770085,,False
101990961244800083,air_temperature,2026-09-10 11:00:00+00:00,,30.50658117849134,,False
101990961244800083,air_temperature,2026-09-10 12:00:00+00:00,,30.45633565718526,,False
101990961244800083,air_temperature,2026-09-10 13:00:00+00:00,,28.96420241258839,,False
101990961244800083,air_temperature,2026-09-10 14:00:00+00:00,,26.19074460280582,,False
101990961244800083,air_temperature,2026-09-10 15:00:00+00:00,,24.174209923725588,,False
101990961244800083,air_temperature,2026-09-10 16:00:00+00:00,,22.664094122574035,,False
101990961244800083,air_temperature,2026-09-10 17:00:00+00:00,,21.69456083587044,,False
101990961244800083,air_temperature,2026-09-10 18:00:00+00:00,,21.052468154830976,,False
101990961244800083,air_temperature,2026-09-10 19:00:00+00:00,,20.661681893101946,,False
101990961244800083,air_temperature,2026-09-10 20:00:00+00:00,,20.52016842525123,,False
101990961244800083,air_temperature,2026-09-10 21:00:00+00:00,,20.29010730419221,,False
101990961244800083,air_temperature,2026-09-10 22:00:00+00:00,,20.15122395324357,,False
101990961244800083,air_temperature,2026-09-10 23:00:00+00:00,,19.885115416013132,,False
101990961244800083,air_temperature,2026-09-11 00:00:00+00:00,,19.737767251050528,,False
101990961244800083,air_temperature,2026-09-11 01:00:00+00:00,,19.674864662938386,,False
101990961244800083,air_temperature,2026-09-11 02:00:00+00:00,,19.54736113174619,,False
101990961244800083,air_temperature,2026-09-11 03:00:00+00:00,,19.345219096239564,,False
101990961244800083,air_temperature,2026-09-11 04:00:00+00:00,,19.91941137539778,,False
101990961244800083,air_temperature,2026-09-11 05:00:00+00:00,,21.109024585593414,,False
101990961244800083,air_temperature,2026-09-11 06:00:00+00:00,,24.036950506145597,,False
101990961244800083,air_temperature,2026-09-11 07:00:00+00:00,,26.179081726974513,,False
101990961244800083,air_temperature,2026-09-11 08:00:00+00:00,,28.00014478718225,,False
101990961244800083,air_temperature,2026-09-11 09:00:00+00:00,,28.995131896402114,,False
101990961244800083,air_temperature,2026-09-11 10:00:00+00:00,,30.06943265214944,,False
101990961244800083,air_temperature,2026-09-11 11:00:00+00:00,,30.504017944865748,,False
101990961244800083,air_temperature,2026-09-11 12:00:00+00:00,,30.454255380819625,,False
101990961244800083,air_temperature,2026-09-11 13:00:00+00:00,,28.962561461669218,,False
101990961244800083,air_temperature,2026-09-11 14:00:00+00:00,,26.189535446950956,,False
101990961244800083,air_temperature,2026-09-11 15:00:00+00:00,,24.172880470618832,,False
101990961244800083,air_temperature,2026-09-11 16:00:00+00:00,,22.66328587121737,,False
101990961244800083,air_temperature,2026-09-11 17:00:00+00:00,,21.693807925549844,,False
101990961244800083,air_temperature,2026-09-11 18:00:00+00:00,,21.05181641343597,,False
101990961244800083,air_temperature,2026-09-11 19:00:00+00:00,,20.661114679922566,,False
101990961244800083,air_temperature,2026-09-11 20:00:00+00:00,,20.519671257810106,,False
101990961244800083,air_temperature,2026-09-11 21:00:00+00:00,,20.289667488467977,,False
101990961244800083,air_temperature,2026-09-11 22:00:00+00:00,,20.150830259558376,,False
101990961244800083,air_temperature,2026-09-11 23:00:00+00:00,,19.884757792308786,,False
101990961244800083,air_temperature,2026-09-12 00:00:00+00:00,,19.737436566232418,,False
101990961244800083,air_temperature,2026-09-12 01:00:00+00:00,,19.67455247373409,,False
101990961244800083,air_temperature,2026-09-12 02:00:00+00:00,,19.547059467126026,,False
101990961244800083,air_temperature,2026-09-12 03:00:00+00:00,,19.344920253894777,,False
101990961244800083,air_temperature,2026-09-12 04:00:00+00:00,,19.919107725079897,,False
101990961244800083,air_temperature,2026-09-12 05:00:00+00:00,,21.108708902737753,,False
101990961244800083,air_temperature,2026-09-12 06:00:00+00:00,,24.036568707330915,,False
101990961244800083,air_temperature,2026-09-12 07:00:00+00:00,,26.178758964855653,,False
101990961244800083,air_temperature,2026-09-12 08:00:00+00:00,,27.999872820936055,,False
101990961244800083,air_temperature,2026-09-12 09:00:00+00:00,,28.99490361539274,,False
101990961244800083,air_temperature,2026-09-12 10:00:00+00:00,,30.069242454029443,,False
101990961244800083,air_temperature,2026-09-12 11:00:00+00:00,,30.50386128589287,,False
101990961244800083,air_temperature,2026-09-12 12:00:00+00:00,,30.45412799637402,,False
101990961244800083,air_temperature,2026-09-12 13:00:00+00:00,,28.962460656913567,,False
101990961244800083,air_temperature,2026-09-12 14:00:00+00:00,,26.189460668935606,,False
101990961244800083,air_temperature,2026-09-12 15:00:00+00:00,,24.17279916149383,,False
101990961244800083,air_temperature,2026-09-12 16:00:00+00:00,,22.663235672148694,,False
101990961244800083,air_temperature,2026-09-12 17:00:00+00:00,,21.693761374912466,,False
101990961244800083,air_temperature,2026-09-12 18:00:00+00:00,,21.051776147816387,,False
101990961244800083,air_temperature,2026-09-12 19:00:00+00:00,,20.661079671231263,,False
101990961244800083,air_temperature,2026-09-12 20:00:00+00:00,,20.519640612181078,,False
101990961244800083,air_temperature,2026-09-12 21:00:00+00:00,,20.289640423435923,,False
101990961244800083,air_temperature,2026-09-12 22:00:00+00:00,,20.150806084080266,,False
101990961244800083,air_temperature,2026-09-12 23:00:00+00:00,,19.88473588911967,,False
101990961244800083,air_temperature,2026-09-13 00:00:00+00:00,,19.737416376084994,,False
101990961244800083,air_temperature,2026-09-13 01:00:00+00:00,,19.674533481119614,,False
101990961244800083,air_temperature,2026-09-13 02:00:00+00:00,,19.54704118711199,,False
101990961244800083,air_temperature,2026-09-13 03:00:00+00:00,,19.34490221974328,,False
101990961244800083,air_temperature,2026-09-13 04:00:00+00:00,,19.919089476330566,,False
101990961244800083,air_temperature,2026-09-13 05:00:00+00:00,,21.108690004524366,,False
101990961244800083,air_temperature,2026-09-13 06:00:00+00:00,,24.036545970890895,,False
101990961244800083,air_temperature,2026-09-13 07:00:00+00:00,,26.178739742070924,,False
101990961244800083,air_temperature,2026-09-13 08:00:00+00:00,,27.99985662100674,,False
101990961244800083,air_temperature,2026-09-13 09:00:00+00:00,,28.994890014894356,,False
101990961244800083,air_temperature,2026-09-13 10:00:00+00:00,,30.069231119010364,,False
101990961244800083,air_temperature,2026-09-13 11:00:00+00:00,,30.503851945316708,,False
101990961244800083,air_temperature,2026-09-13 12:00:00+00:00,,30.454120396186237,,False
101990961244800083,air_temperature,2026-09-13 13:00:00+00:00,,28.962454635850513,,False
101990961244800083,air_temperature,2026-09-13 14:00:00+00:00,,26.189456192093694,,False
101990961244800083,air_temperature,2026-09-13 15:00:00+00:00,,24.172794312380383,,False
101990961244800083,air_temperature,2026-09-13 16:00:00+00:00,,22.66323266239087,,False
101990961244800083,air_temperature,2026-09-13 17:00:00+00:00,,21.69375858824076,,False
101990961244800083,air_temperature,2026-09-13 18:00:00+00:00,,21.051773738004755,,False
101990961244800083,air_temperature,2026-09-13 19:00:00+00:00,,20.661077576750735,,False
101990961244800083,air_temperature,2026-09-13 20:00:00+00:00,,20.519638779553933,,False
101990961244800083,air_temperature,2026-09-13 21:00:00+00:00,,20.289638805870265,,False
101990961244800083,air_temperature,2026-09-13 22:00:00+00:00,,20.150804640275293,,False
101990961244800083,air_temperature,2026-09-13 23:00:00+00:00,,19.884734582211163,,False
101990961244800083,air_temperature,2026-09-14 00:00:00+00:00,,19.73741517270406,,False
101990961244800083,air_temperature,2026-09-14 01:00:00+00:00,,19.67453235054071,,False
101990961244800083,air_temperature,2026-09-14 02:00:00+00:00,,19.54704010046839,,False
101990961244800083,air_temperature,2026-09-14 03:00:00+00:00,,19.344901149290056,,False
101990961244800083,air_temperature,2026-09-14 04:00:00+00:00,,19.919088394736168,,False
101990961244800083,air_temperature,2026-09-14 05:00:00+00:00,,21.10868888599995,,False
101990961244800083,air_temperature,2026-09-14 06:00:00+00:00,,24.036544627746068,,False
101990961244800083,air_temperature,2026-09-14 07:00:00+00:00,,26.178738606450214,,False
101990961244800083,air_temperature,2026-09-14 08:00:00+00:00,,27.999855663915255,,False
101990961244800083,air_temperature,2026-09-14 09:00:00+00:00,,28.994889211318913,,False
101990961244800083,air_temperature,2026-09-14 10:00:00+00:00,,30.06923044921592,,False
101990961244800083,air_temperature,2026-09-14 11:00:00+00:00,,30.50385139328221,,False
101990961244800083,air_temperature,2026-09-14 12:00:00+00:00,,30.454119946901542,,False
101990961244800083,air_temperature,2026-09-14 13:00:00+00:00,,28.96245427977226,,False
101990961244800083,air_temperature,2026-09-14 14:00:00+00:00,,26.189455927117667,,False
101990961244800083,air_temperature,2026-09-14 15:00:00+00:00,20.3,24.172794025769434,,False
101990961244800083,air_temperature,2026-09-14 16:00:00+00:00,,19.359440090631004,20.3,False
101990961244800083,air_temperature,2026-09-14 17:00:00+00:00,20.9,18.873016159601665,,False
