device_id,variable,timestamp,actual,predicted,naive,used_for_metrics
101990961244800083,wind_speed,2026-07-16 15:00:00+00:00,0.8666666666666667,0.3899124981882527,0.175,True
101990961244800083,wind_speed,2026-07-16 16:00:00+00:00,0.0,0.2912851953630982,0.8666666666666667,True
101990961244800083,wind_speed,2026-07-16 17:00:00+00:00,0.0,0.07726817239443387,0.0,True
101990961244800083,wind_speed,2026-07-16 18:00:00+00:00,0.0,0.08510692992460306,0.0,True
101990961244800083,wind_speed,2026-07-16 19:00:00+00:00,0.0,0.09590771014723527,0.0,True
101990961244800083,wind_speed,2026-07-16 20:00:00+00:00,0.0,0.04960986084706791,0.0,True
101990961244800083,wind_speed,2026-07-16 21:00:00+00:00,0.0,0.07946878124570993,0.0,True
101990961244800083,wind_speed,2026-07-16 22:00:00+00:00,,0.11370897940425838,0.0,False
101990961244800083,wind_speed,2026-07-16 23:00:00+00:00,,0.11010446470287355,,False
101990961244800083,wind_speed,2026-07-17 00:00:00+00:00,,0.12628513766742572,,False
101990961244800083,wind_speed,2026-07-17 01:00:00+00:00,,0.12488795206775748,,False
101990961244800083,wind_speed,2026-07-17 02:00:00+00:00,,0.15264460082796394,,False
101990961244800083,wind_speed,2026-07-17 03:00:00+00:00,,0.24115524222658796,,False
101990961244800083,wind_speed,2026-07-17 04:00:00+00:00,0.55,0.2781877130377781,,False
101990961244800083,wind_speed,2026-07-17 05:00:00+00:00,0.6,0.5765670239623415,0.55,True
101990961244800083,wind_speed,2026-07-17 06:00:00+00:00,0.625,0.7534552916209335,0.6,True
101990961244800083,wind_speed,2026-07-17 07:00:00+00:00,0.3,0.7049149085015289,0.625,True
101990961244800083,wind_speed,2026-07-17 08:00:00+00:00,1.3,0.5204152996046715,0.3,True
101990961244800083,wind_speed,2026-07-17 09:00:00+00:00,0.8,0.7243564052093904,1.3,True
101990961244800083,wind_speed,2026-07-17 10:00:00+00:00,0.3333333333333333,0.6563908282900421,0.8,True
101990961244800083,wind_speed,2026-07-17 11:00:00+00:00,0.425,0.49697471857097625,0.3333333333333333,True
101990961244800083,wind_speed,2026-07-17 12:00:00+00:00,0.16,0.5563884853895468,0.425,True
101990961244800083,wind_speed,2026-07-17 13:00:00+00:00,0.1666666666666666,0.5195003598851914,0.16,True
101990961244800083,wind_speed,2026-07-17 14:00:00+00:00,0.45,0.27864526444930704,0.1666666666666666,True
101990961244800083,wind_speed,2026-07-17 15:00:00+00:00,0.18,0.3641022098832474,0.45,True
101990961244800083,wind_speed,2026-07-17 16:00:00+00:00,0.1166666666666666,0.062461113583911064,0.18,True
101990961244800083,wind_speed,2026-07-17 17:00:00+00:00,0.0,0.01998254596065514,0.1166666666666666,True
101990961244800083,wind_speed,2026-07-17 18:00:00+00:00,0.0,0.06034291008146431,0.0,True
101990961244800083,wind_speed,2026-07-17 19:00:00+00:00,0.175,0.08388094454744534,0.0,True
101990961244800083,wind_speed,2026-07-17 20:00:00+00:00,0.5,0.09341929385613051,0.175,True
101990961244800083,wind_speed,2026-07-17 21:00:00+00:00,,0.23455247099173546,0.5,False
101990961244800083,wind_speed,2026-07-17 22:00:00+00:00,,0.24238413984159335,,False
101990961244800083,wind_speed,2026-07-17 23:00:00+00:00,,0.1972666691022784,,False
101990961244800083,wind_speed,2026-07-18 00:00:00+00:00,,0.18515263017914416,,False
101990961244800083,wind_speed,2026-07-18 01:00:00+00:00,,0.16438886071045083,,False
101990961244800083,wind_speed,2026-07-18 02:00:00+00:00,,0.1787687088569399,,False
101990961244800083,wind_speed,2026-07-18 03:00:00+00:00,,0.25786425129615564,,False
101990961244800083,wind_speed,2026-07-18 04:00:00+00:00,,0.28827061270347926,,False
101990961244800083,wind_speed,2026-07-18 05:00:00+00:00,,0.4936008186204409,,False
101990961244800083,wind_speed,2026-07-18 06:00:00+00:00,0.0,0.6712536366699962,,False
101990961244800083,wind_speed,2026-07-18 07:00:00+00:00,0.475,0.4542047736324547,0.0,True
101990961244800083,wind_speed,2026-07-18 08:00:00+00:00,0.175,0.5240102008152798,0.475,True
101990961244800083,wind_speed,2026-07-18 09:00:00+00:00,0.6599999999999999,0.4242848134565058,0.175,True
101990961244800083,wind_speed,2026-07-18 10:00:00+00:00,1.1166666666666667,0.4510571903971229,0.6599999999999999,True
101990961244800083,wind_speed,2026-07-18 11:00:00+00:00,1.025,0.6672210693074665,1.1166666666666667,True
101990961244800083,wind_speed,2026-07-18 12:00:00+00:00,1.125,0.7480080003890722,1.025,True
101990961244800083,wind_speed,2026-07-18 13:00:00+00:00,0.5714285714285714,0.8091052017626957,1.125,True
101990961244800083,wind_speed,2026-07-18 14:00:00+00:00,0.9875,0.5747724001310573,0.5714285714285714,True
101990961244800083,wind_speed,2026-07-18 15:00:00+00:00,1.96,0.5784804430739989,0.9875,True
101990961244800083,wind_speed,2026-07-18 16:00:00+00:00,0.4666666666666666,0.6817069568519104,1.96,True
101990961244800083,wind_speed,2026-07-18 17:00:00+00:00,1.675,0.35950244643551715,0.4666666666666666,True
101990961244800083,wind_speed,2026-07-18 18:00:00+00:00,0.675,0.6633950374931544,1.675,True
101990961244800083,wind_speed,2026-07-18 19:00:00+00:00,1.2,0.5267370232755557,0.675,True
101990961244800083,wind_speed,2026-07-18 20:00:00+00:00,0.0,0.5904275408511824,1.2,True
101990961244800083,wind_speed,2026-07-18 21:00:00+00:00,,0.28075645359343643,0.0,False
101990961244800083,wind_speed,2026-07-18 22:00:00+00:00,,0.27097629568106374,,False
101990961244800083,wind_speed,2026-07-18 23:00:00+00:00,,0.21513060625724445,,False
101990961244800083,wind_speed,2026-07-19 00:00:00+00:00,,0.19499740299313284,,False
101990961244800083,wind_speed,2026-07-19 01:00:00+00:00,,0.16770742893507218,,False
101990961244800083,wind_speed,2026-07-19 02:00:00+00:00,,0.1760643269543909,,False
101990961244800083,wind_speed,2026-07-19 03:00:00+00:00,,0.24872680173825318,,False
101990961244800083,wind_speed,2026-07-19 04:00:00+00:00,0.45,0.2635449233755782,,False
101990961244800083,wind_speed,2026-07-19 05:00:00+00:00,0.8833333333333333,0.5313760276727034,0.45,True
101990961244800083,wind_speed,2026-07-19 06:00:00+00:00,0.3999999999999999,0.7585340773288334,0.8833333333333333,True
101990961244800083,wind_speed,2026-07-19 07:00:00+00:00,0.9,0.6747819111547274,0.3999999999999999,True
101990961244800083,wind_speed,2026-07-19 08:00:00+00:00,0.4666666666666666,0.6534109329948907,0.9,True
101990961244800083,wind_speed,2026-07-19 09:00:00+00:00,0.8,0.603440091167279,0.4666666666666666,True
101990961244800083,wind_speed,2026-07-19 10:00:00+00:00,0.5,0.6269616367274587,0.8,True
101990961244800083,wind_speed,2026-07-19 11:00:00+00:00,0.0,0.5711358447041097,0.5,True
101990961244800083,wind_speed,2026-07-19 12:00:00+00:00,0.525,0.4594840903898397,0.0,True
101990961244800083,wind_speed,2026-07-19 13:00:00+00:00,0.4,0.499745376790506,0.525,True
101990961244800083,wind_speed,2026-07-19 14:00:00+00:00,0.15,0.43394349249059183,0.4,True
101990961244800083,wind_speed,2026-07-19 15:00:00+00:00,0.78,0.4021823130915523,0.15,True
101990961244800083,wind_speed,2026-07-19 16:00:00+00:00,0.0,0.2102203223441465,0.78,True
101990961244800083,wind_speed,2026-07-19 17:00:00+00:00,0.0,0.16266015044912718,0.0,True
101990961244800083,wind_speed,2026-07-19 18:00:00+00:00,0.0,0.07415774693503585,0.0,True
101990961244800083,wind_speed,2026-07-19 19:00:00+00:00,0.0,0.1551682322504293,0.0,True
101990961244800083,wind_speed,2026-07-19 20:00:00+00:00,0.0,0.013248712451300215,0.0,True
101990961244800083,wind_speed,2026-07-19 21:00:00+00:00,0.0,0.08006667569137577,0.0,True
101990961244800083,wind_speed,2026-07-19 22:00:00+00:00,,0.11318493035029989,0.0,False
101990961244800083,wind_speed,2026-07-19 23:00:00+00:00,,0.10948375416979858,,False
101990961244800083,wind_speed,2026-07-20 00:00:00+00:00,,0.12547385371745298,,False
101990961244800083,wind_speed,2026-07-20 01:00:00+00:00,,0.12376431308831057,,False
101990961244800083,wind_speed,2026-07-20 02:00:00+00:00,,0.15103752583223057,,False
101990961244800083,wind_speed,2026-07-20 03:00:00+00:00,,0.2388210194333604,,False
101990961244800083,wind_speed,2026-07-20 04:00:00+00:00,,0.27166632728971657,,False
101990961244800083,wind_speed,2026-07-20 05:00:00+00:00,0.18,0.5070680323670627,,False
101990961244800083,wind_speed,2026-07-20 06:00:00+00:00,0.0,0.5146153965168998,0.18,True
101990961244800083,wind_speed,2026-07-20 07:00:00+00:00,0.0,0.48252674593262657,0.0,True
101990961244800083,wind_speed,2026-07-20 08:00:00+00:00,0.25,0.31474579698505967,0.0,True
101990961244800083,wind_speed,2026-07-20 09:00:00+00:00,0.0,0.41374934338613245,0.25,True
101990961244800083,wind_speed,2026-07-20 10:00:00+00:00,0.52,0.2829015153016657,0.0,True
101990961244800083,wind_speed,2026-07-20 11:00:00+00:00,0.45,0.3904319872892721,0.52,True
101990961244800083,wind_speed,2026-07-20 12:00:00+00:00,0.2,0.5282729984768889,0.45,True
101990961244800083,wind_speed,2026-07-20 13:00:00+00:00,0.0,0.4443677465366085,0.2,True
101990961244800083,wind_speed,2026-07-20 14:00:00+00:00,0.6833333333333332,0.2537762304045743,0.0,True
101990961244800083,wind_speed,2026-07-20 15:00:00+00:00,0.5,0.46376336312971594,0.6833333333333332,True
101990961244800083,wind_speed,2026-07-20 16:00:00+00:00,0.2666666666666666,0.16208560854814913,0.5,True
101990961244800083,wind_speed,2026-07-20 17:00:00+00:00,1.44,0.14414861839139506,0.2666666666666666,True
101990961244800083,wind_speed,2026-07-20 18:00:00+00:00,0.8333333333333334,0.49430845449806443,1.44,True
101990961244800083,wind_speed,2026-07-20 19:00:00+00:00,0.3999999999999999,0.5130248645985291,0.8333333333333334,True
101990961244800083,wind_speed,2026-07-20 20:00:00+00:00,0.0,0.31258656152671205,0.3999999999999999,True
101990961244800083,wind_speed,2026-07-20 21:00:00+00:00,0.9,0.18114978878022686,0.0,True
101990961244800083,wind_speed,2026-07-20 22:00:00+00:00,,0.40715049458190833,0.9,False
101990961244800083,wind_speed,2026-07-20 23:00:00+00:00,,0.3072666018875518,,False
101990961244800083,wind_speed,2026-07-21 00:00:00+00:00,,0.25706760271852,,False
101990961244800083,wind_speed,2026-07-21 01:00:00+00:00,,0.20912503686950334,,False
101990961244800083,wind_speed,2026-07-21 02:00:00+00:00,,0.20311012681002374,,False
101990961244800083,wind_speed,2026-07-21 03:00:00+00:00,,0.265502269004115,,False
101990961244800083,wind_speed,2026-07-21 04:00:00+00:00,0.0,0.27450331172751113,,False
101990961244800083,wind_speed,2026-07-21 05:00:00+00:00,0.475,0.38951788740923887,0.0,True
101990961244800083,wind_speed,2026-07-21 06:00:00+00:00,0.6,0.5581357805649,0.475,True
101990961244800083,wind_speed,2026-07-21 07:00:00+00:00,0.6000000000000001,0.6297813275638615,0.6,True
101990961244800083,wind_speed,2026-07-21 08:00:00+00:00,0.4,0.5672582293187377,0.6000000000000001,True
101990961244800083,wind_speed,2026-07-21 09:00:00+00:00,0.375,0.5092802524017099,0.4,True
101990961244800083,wind_speed,2026-07-21 10:00:00+00:00,0.32,0.46907608036065723,0.375,True
101990961244800083,wind_speed,2026-07-21 11:00:00+00:00,0.45,0.43044002353335037,0.32,True
101990961244800083,wind_speed,2026-07-21 12:00:00+00:00,0.42,0.49952480838005253,0.45,True
101990961244800083,wind_speed,2026-07-21 13:00:00+00:00,1.85,0.4747800273139622,0.42,True
101990961244800083,wind_speed,2026-07-21 14:00:00+00:00,0.5428571428571428,0.8465776900545384,1.85,True
101990961244800083,wind_speed,2026-07-21 15:00:00+00:00,0.16,0.6225976862368124,0.5428571428571428,True
101990961244800083,wind_speed,2026-07-21 16:00:00+00:00,0.0,0.15709185354291128,0.16,True
101990961244800083,wind_speed,2026-07-21 17:00:00+00:00,0.0,0.174726984738647,0.0,True
101990961244800083,wind_speed,2026-07-21 18:00:00+00:00,0.32,0.08979369693533668,0.0,True
101990961244800083,wind_speed,2026-07-21 19:00:00+00:00,0.0,0.19075557018435949,0.32,True
101990961244800083,wind_speed,2026-07-21 20:00:00+00:00,0.36,0.048460101440734,0.0,True
101990961244800083,wind_speed,2026-07-21 21:00:00+00:00,0.0,0.2573550285147731,0.36,True
101990961244800083,wind_speed,2026-07-21 22:00:00+00:00,,0.15702581488352968,0.0,False
101990961244800083,wind_speed,2026-07-21 23:00:00+00:00,,0.13729266029392337,,False
101990961244800083,wind_speed,2026-07-22 00:00:00+00:00,,0.14146781540134096,,False
101990961244800083,wind_speed,2026-07-22 01:00:00+00:00,,0.13036785508378554,,False
101990961244800083,wind_speed,2026-07-22 02:00:00+00:00,,0.14925258800301683,,False
101990961244800083,wind_speed,2026-07-22 03:00:00+00:00,,0.22837691726425202,,False
101990961244800083,wind_speed,2026-07-22 04:00:00+00:00,0.6,0.23361919182508253,,False
101990961244800083,wind_speed,2026-07-22 05:00:00+00:00,0.76,0.597614732076226,0.6,True
101990961244800083,wind_speed,2026-07-22 06:00:00+00:00,0.6000000000000001,0.7427775234577828,0.76,True
101990961244800083,wind_speed,2026-07-22 07:00:00+00:00,0.175,0.7117554228264161,0.6000000000000001,True
101990961244800083,wind_speed,2026-07-22 08:00:00+00:00,0.9,0.462062869664029,0.175,True
101990961244800083,wind_speed,2026-07-22 09:00:00+00:00,0.35,0.6196051121316664,0.9,True
101990961244800083,wind_speed,2026-07-22 10:00:00+00:00,0.575,0.47902672328177054,0.35,True
101990961244800083,wind_speed,2026-07-22 11:00:00+00:00,0.8142857142857143,0.5155899477350211,0.575,True
101990961244800083,wind_speed,2026-07-22 12:00:00+00:00,0.0,0.6442843776449397,0.8142857142857143,True
101990961244800083,wind_speed,2026-07-22 13:00:00+00:00,0.3,0.5503195184128138,0.0,True
101990961244800083,wind_speed,2026-07-22 14:00:00+00:00,1.2,0.3410113038506096,0.3,True
101990961244800083,wind_speed,2026-07-22 15:00:00+00:00,1.24,0.5811387926217569,1.2,True
101990961244800083,wind_speed,2026-07-22 16:00:00+00:00,0.4666666666666666,0.44224820480501004,1.24,True
101990961244800083,wind_speed,2026-07-22 17:00:00+00:00,0.4571428571428572,0.34936035558697576,0.4666666666666666,True
101990961244800083,wind_speed,2026-07-22 18:00:00+00:00,0.1166666666666666,0.32195396753233313,0.4571428571428572,True
101990961244800083,wind_speed,2026-07-22 19:00:00+00:00,0.0,0.2142191562205678,0.1166666666666666,True
101990961244800083,wind_speed,2026-07-22 20:00:00+00:00,0.16,0.10418708444878844,0.0,True
101990961244800083,wind_speed,2026-07-22 21:00:00+00:00,,0.1488548199797592,0.16,False
101990961244800083,wind_speed,2026-07-22 22:00:00+00:00,,0.18021739501482095,,False
101990961244800083,wind_speed,2026-07-22 23:00:00+00:00,,0.1548292837261454,,False
101990961244800083,wind_speed,2026-07-23 00:00:00+00:00,,0.15600906928978137,,False
101990961244800083,wind_speed,2026-07-23 01:00:00+00:00,,0.1441198915309414,,False
101990961244800083,wind_speed,2026-07-23 02:00:00+00:00,,0.16430035714155553,,False
101990961244800083,wind_speed,2026-07-23 03:00:00+00:00,,0.2470024021375043,,False
101990961244800083,wind_speed,2026-07-23 04:00:00+00:00,0.0,0.2825823288545989,,False
101990961244800083,wind_speed,2026-07-23 05:00:00+00:00,0.74,0.4110113893525336,0.0,True
101990961244800083,wind_speed,2026-07-23 06:00:00+00:00,1.3333333333333333,0.646886508015767,0.74,True
101990961244800083,wind_speed,2026-07-23 07:00:00+00:00,1.04,0.8418389491012654,1.3333333333333333,True
101990961244800083,wind_speed,2026-07-23 08:00:00+00:00,0.78,0.8194965906130263,1.04,True
101990961244800083,wind_speed,2026-07-23 09:00:00+00:00,0.22,0.6946871637411396,0.78,True
101990961244800083,wind_speed,2026-07-23 10:00:00+00:00,0.1399999999999999,0.49352380792262074,0.22,True
101990961244800083,wind_speed,2026-07-23 11:00:00+00:00,0.7,0.41799919436332755,0.1399999999999999,True
101990961244800083,wind_speed,2026-07-23 12:00:00+00:00,0.1666666666666666,0.5134296913744253,0.7,True
101990961244800083,wind_speed,2026-07-23 13:00:00+00:00,0.8800000000000001,0.4784473091731591,0.1666666666666666,True
101990961244800083,wind_speed,2026-07-23 14:00:00+00:00,0.2833333333333333,0.5959779652056155,0.8800000000000001,True
101990961244800083,wind_speed,2026-07-23 15:00:00+00:00,1.4833333333333334,0.46945366229042707,0.2833333333333333,True
101990961244800083,wind_speed,2026-07-23 16:00:00+00:00,1.1800000000000002,0.4441501870092759,1.4833333333333334,True
101990961244800083,wind_speed,2026-07-23 17:00:00+00:00,0.2,0.560582653205071,1.1800000000000002,True
101990961244800083,wind_speed,2026-07-23 18:00:00+00:00,0.2571428571428572,0.29889854464553933,0.2,True
101990961244800083,wind_speed,2026-07-23 19:00:00+00:00,0.0,0.24726048968824987,0.2571428571428572,True
101990961244800083,wind_speed,2026-07-23 20:00:00+00:00,0.0,0.11156662201099397,0.0,True
101990961244800083,wind_speed,2026-07-23 21:00:00+00:00,,0.12107723844563795,0.0,False
101990961244800083,wind_speed,2026-07-23 22:00:00+00:00,,0.156393229290436,,False
101990961244800083,wind_speed,2026-07-23 23:00:00+00:00,,0.13777122691325627,,False
101990961244800083,wind_speed,2026-07-24 00:00:00+00:00,,0.1431300388351763,,False
101990961244800083,wind_speed,2026-07-24 01:00:00+00:00,,0.13346541424807748,,False
101990961244800083,wind_speed,2026-07-24 02:00:00+00:00,,0.15425544175217085,,False
101990961244800083,wind_speed,2026-07-24 03:00:00+00:00,,0.23604374467424785,,False
101990961244800083,wind_speed,2026-07-24 04:00:00+00:00,0.0,0.23698913844857497,,False
101990961244800083,wind_speed,2026-07-24 05:00:00+00:00,0.6333333333333333,0.4311094058642131,0.0,True
101990961244800083,wind_speed,2026-07-24 06:00:00+00:00,0.1666666666666666,0.6818756882741718,0.6333333333333333,True
101990961244800083,wind_speed,2026-07-24 07:00:00+00:00,0.5666666666666667,0.5440687711752643,0.1666666666666666,True
101990961244800083,wind_speed,2026-07-24 08:00:00+00:00,0.3333333333333333,0.5269846527462713,0.5666666666666667,True
101990961244800083,wind_speed,2026-07-24 09:00:00+00:00,0.5666666666666667,0.4353173194304087,0.3333333333333333,True
101990961244800083,wind_speed,2026-07-24 10:00:00+00:00,0.5599999999999999,0.4636817760472229,0.5666666666666667,True
101990961244800083,wind_speed,2026-07-24 11:00:00+00:00,0.16,0.5470461494513038,0.5599999999999999,True
101990961244800083,wind_speed,2026-07-24 12:00:00+00:00,0.32,0.411558755393864,0.16,True
101990961244800083,wind_speed,2026-07-24 13:00:00+00:00,0.8,0.5228091053405132,0.32,True
101990961244800083,wind_speed,2026-07-24 14:00:00+00:00,0.92,0.5069433976144381,0.8,True
101990961244800083,wind_speed,2026-07-24 15:00:00+00:00,1.275,0.6945971413399112,0.92,True
101990961244800083,wind_speed,2026-07-24 16:00:00+00:00,1.75,0.5150584204098139,1.275,True
101990961244800083,wind_speed,2026-07-24 17:00:00+00:00,0.4,0.6884921335211508,1.75,True
101990961244800083,wind_speed,2026-07-24 18:00:00+00:00,0.0,0.42580334228324357,0.4,True
101990961244800083,wind_speed,2026-07-24 19:00:00+00:00,0.7833333333333333,0.21317524367836696,0.0,True
101990961244800083,wind_speed,2026-07-24 20:00:00+00:00,0.775,0.3086088795406341,0.7833333333333333,True
101990961244800083,wind_speed,2026-07-24 21:00:00+00:00,0.0,0.42216730991717527,0.775,True
101990961244800083,wind_speed,2026-07-24 22:00:00+00:00,,0.24179611763429665,0.0,False
101990961244800083,wind_speed,2026-07-24 23:00:00+00:00,,0.19500734638769296,,False
101990961244800083,wind_speed,2026-07-25 00:00:00+00:00,,0.18087910345343433,,False
101990961244800083,wind_speed,2026-07-25 01:00:00+00:00,,0.15745145515489484,,False
101990961244800083,wind_speed,2026-07-25 02:00:00+00:00,,0.1681162445706465,,False
101990961244800083,wind_speed,2026-07-25 03:00:00+00:00,,0.2418812899321533,,False
101990961244800083,wind_speed,2026-07-25 04:00:00+00:00,0.0,0.23703459173349112,,False
101990961244800083,wind_speed,2026-07-25 05:00:00+00:00,0.3857142857142857,0.43582735313200494,0.0,True
101990961244800083,wind_speed,2026-07-25 06:00:00+00:00,0.0,0.5350357222944826,0.3857142857142857,True
101990961244800083,wind_speed,2026-07-25 07:00:00+00:00,0.3666666666666667,0.4631082459618161,0.0,True
101990961244800083,wind_speed,2026-07-25 08:00:00+00:00,0.22,0.42542735208223237,0.3666666666666667,True
101990961244800083,wind_speed,2026-07-25 09:00:00+00:00,0.2666666666666666,0.4040679413086644,0.22,True
101990961244800083,wind_speed,2026-07-25 10:00:00+00:00,0.9,0.37829480830224593,0.2666666666666666,True
101990961244800083,wind_speed,2026-07-25 11:00:00+00:00,0.575,0.5511101190645069,0.9,True
101990961244800083,wind_speed,2026-07-25 12:00:00+00:00,0.1333333333333333,0.5588591460520618,0.575,True
101990961244800083,wind_speed,2026-07-25 13:00:00+00:00,0.45,0.5296369626611642,0.1333333333333333,True
101990961244800083,wind_speed,2026-07-25 14:00:00+00:00,0.0,0.4576518892561473,0.45,True
101990961244800083,wind_speed,2026-07-25 15:00:00+00:00,0.0,0.3967360423965762,0.0,True
101990961244800083,wind_speed,2026-07-25 16:00:00+00:00,0.0,0.10853672434057193,0.0,True
101990961244800083,wind_speed,2026-07-25 17:00:00+00:00,0.0,0.0009941746353561154,0.0,True
101990961244800083,wind_speed,2026-07-25 18:00:00+00:00,0.0,0.008562323279133371,0.0,True
101990961244800083,wind_speed,2026-07-25 19:00:00+00:00,0.0,0.12145320347838451,0.0,True
101990961244800083,wind_speed,2026-07-25 20:00:00+00:00,0.1166666666666666,0.0733641542174015,0.0,True
101990961244800083,wind_speed,2026-07-25 21:00:00+00:00,0.0,0.0859719233686817,0.1166666666666666,True
101990961244800083,wind_speed,2026-07-25 22:00:00+00:00,,0.12292842102061524,0.0,False
101990961244800083,wind_speed,2026-07-25 23:00:00+00:00,,0.1135748588275605,,False
101990961244800083,wind_speed,2026-07-26 00:00:00+00:00,,0.12453259323027988,,False
101990961244800083,wind_speed,2026-07-26 01:00:00+00:00,,0.11764569873883896,,False
101990961244800083,wind_speed,2026-07-26 02:00:00+00:00,,0.1388149014740508,,False
101990961244800083,wind_speed,2026-07-26 03:00:00+00:00,,0.2186408331431562,,False
101990961244800083,wind_speed,2026-07-26 04:00:00+00:00,,0.2167273579473867,,False
101990961244800083,wind_speed,2026-07-26 05:00:00+00:00,0.0,0.4886072300260632,,False
101990961244800083,wind_speed,2026-07-26 06:00:00+00:00,0.1999999999999999,0.40687538189509376,0.0,True
101990961244800083,wind_speed,2026-07-26 07:00:00+00:00,0.2666666666666666,0.466419037373534,0.1999999999999999,True
101990961244800083,wind_speed,2026-07-26 08:00:00+00:00,0.6666666666666666,0.39425859664272433,0.2666666666666666,True
101990961244800083,wind_speed,2026-07-26 09:00:00+00:00,0.8400000000000001,0.5033499250053652,0.6666666666666666,True
101990961244800083,wind_speed,2026-07-26 10:00:00+00:00,0.62,0.6257711338476831,0.8400000000000001,True
101990961244800083,wind_speed,2026-07-26 11:00:00+00:00,0.375,0.5750943285233999,0.62,True
101990961244800083,wind_speed,2026-07-26 12:00:00+00:00,0.38,0.4737991677200394,0.375,True
101990961244800083,wind_speed,2026-07-26 13:00:00+00:00,0.52,0.5560113653022448,0.38,True
101990961244800083,wind_speed,2026-07-26 14:00:00+00:00,0.0,0.4382395529154067,0.52,True
101990961244800083,wind_speed,2026-07-26 15:00:00+00:00,0.0,0.347983800727772,0.0,True
101990961244800083,wind_speed,2026-07-26 16:00:00+00:00,0.0,0.04417363017375374,0.0,True
101990961244800083,wind_speed,2026-07-26 17:00:00+00:00,0.0,0.01814835182626451,0.0,True
101990961244800083,wind_speed,2026-07-26 18:00:00+00:00,0.0,0.02942600239715119,0.0,True
101990961244800083,wind_speed,2026-07-26 19:00:00+00:00,0.0,0.0847137314296525,0.0,True
101990961244800083,wind_speed,2026-07-26 20:00:00+00:00,0.0,0.05508419387464985,0.0,True
101990961244800083,wind_speed,2026-07-26 21:00:00+00:00,0.0,0.0655676867132068,0.0,True
101990961244800083,wind_speed,2026-07-26 22:00:00+00:00,,0.10934668157533449,0.0,False
101990961244800083,wind_speed,2026-07-26 23:00:00+00:00,,0.10374405268174693,,False
101990961244800083,wind_speed,2026-07-27 00:00:00+00:00,,0.11696188657875187,,False
101990961244800083,wind_speed,2026-07-27 01:00:00+00:00,,0.11118700228242577,,False
101990961244800083,wind_speed,2026-07-27 02:00:00+00:00,,0.13248875710696334,,False
101990961244800083,wind_speed,2026-07-27 03:00:00+00:00,,0.2114878857642107,,False
101990961244800083,wind_speed,2026-07-27 04:00:00+00:00,,0.21118748349174538,,False
101990961244800083,wind_speed,2026-07-27 05:00:00+00:00,0.0,0.45170810355595925,,False
101990961244800083,wind_speed,2026-07-27 06:00:00+00:00,0.0,0.4172885769919923,0.0,True
101990961244800083,wind_speed,2026-07-27 07:00:00+00:00,1.3,0.396666252448201,0.0,True
101990961244800083,wind_speed,2026-07-27 08:00:00+00:00,1.1,0.6958609758628996,1.3,True
101990961244800083,wind_speed,2026-07-27 09:00:00+00:00,0.0,0.7666300615305919,1.1,True
101990961244800083,wind_speed,2026-07-27 10:00:00+00:00,,0.4556330241115989,0.0,False
101990961244800083,wind_speed,2026-07-27 11:00:00+00:00,0.8,0.45433689463111765,,False
101990961244800083,wind_speed,2026-07-27 12:00:00+00:00,0.0,0.5744698804930359,0.8,True
101990961244800083,wind_speed,2026-07-27 13:00:00+00:00,0.0,0.48198185044603437,0.0,True
101990961244800083,wind_speed,2026-07-27 14:00:00+00:00,,0.24660402208710186,0.0,False
101990961244800083,wind_speed,2026-07-27 15:00:00+00:00,0.0,0.3351736430171294,,False
101990961244800083,wind_speed,2026-07-27 16:00:00+00:00,0.8,0.03233142200087984,0.0,True
101990961244800083,wind_speed,2026-07-27 17:00:00+00:00,0.2,0.24111587014519198,0.8,True
101990961244800083,wind_speed,2026-07-27 18:00:00+00:00,1.1,0.1736469608651665,0.2,True
101990961244800083,wind_speed,2026-07-27 19:00:00+00:00,,0.44825433252621394,1.1,False
101990961244800083,wind_speed,2026-07-27 20:00:00+00:00,,0.31885111858642246,,False
101990961244800083,wind_speed,2026-07-27 21:00:00+00:00,,0.2624964650833089,,False
101990961244800083,wind_speed,2026-07-27 22:00:00+00:00,,0.2615123313695582,,False
101990961244800083,wind_speed,2026-07-27 23:00:00+00:00,,0.20679515591468778,,False
101990961244800083,wind_speed,2026-07-28 00:00:00+00:00,,0.18652606781040795,,False
101990961244800083,wind_speed,2026-07-28 01:00:00+00:00,,0.15781362218793843,,False
101990961244800083,wind_speed,2026-07-28 02:00:00+00:00,,0.16324870590081778,,False
101990961244800083,wind_speed,2026-07-28 03:00:00+00:00,,0.23104588694617353,,False
101990961244800083,wind_speed,2026-07-28 04:00:00+00:00,,0.22270115455293638,,False
101990961244800083,wind_speed,2026-07-28 05:00:00+00:00,,0.44697559937393366,,False
101990961244800083,wind_speed,2026-07-28 06:00:00+00:00,,0.5445410991496173,,False
101990961244800083,wind_speed,2026-07-28 07:00:00+00:00,,0.6993259470243705,,False
101990961244800083,wind_speed,2026-07-28 08:00:00+00:00,,0.6344267876364269,,False
101990961244800083,wind_speed,2026-07-28 09:00:00+00:00,,0.5220935791544951,,False
101990961244800083,wind_speed,2026-07-28 10:00:00+00:00,,0.5365988790560838,,False
101990961244800083,wind_speed,2026-07-28 11:00:00+00:00,,0.5479222454190829,,False
101990961244800083,wind_speed,2026-07-28 12:00:00+00:00,,0.47358853870624146,,False
101990961244800083,wind_speed,2026-07-28 13:00:00+00:00,,0.5551526224767303,,False
101990961244800083,wind_speed,2026-07-28 14:00:00+00:00,,0.46980942824201877,,False
101990961244800083,wind_speed,2026-07-28 15:00:00+00:00,,0.46701320641241495,,False
101990961244800083,wind_speed,2026-07-28 16:00:00+00:00,,0.2959178332601029,,False
101990961244800083,wind_speed,2026-07-28 17:00:00+00:00,,0.1724923705521821,,False
101990961244800083,wind_speed,2026-07-28 18:00:00+00:00,,0.21980273344985057,,False
101990961244800083,wind_speed,2026-07-28 19:00:00+00:00,,0.1922088274613345,,False
101990961244800083,wind_speed,2026-07-28 20:00:00+00:00,,0.14573317105672065,,False
101990961244800083,wind_speed,2026-07-28 21:00:00+00:00,,0.14735188596880547,,False
101990961244800083,wind_speed,2026-07-28 22:00:00+00:00,,0.1825371849769764,,False
101990961244800083,wind_speed,2026-07-28 23:00:00+00:00,,0.15378353282747867,,False
101990961244800083,wind_speed,2026-07-29 00:00:00+00:00,,0.15143879457570436,,False
101990961244800083,wind_speed,2026-07-29 01:00:00+00:00,,0.13532973975761065,,False
101990961244800083,wind_speed,2026-07-29 02:00:00+00:00,,0.14995855012529008,,False
101990961244800083,wind_speed,2026-07-29 03:00:00+00:00,,0.2249340155267009,,False
101990961244800083,wind_speed,2026-07-29 04:00:00+00:00,,0.2228504453168851,,False
101990961244800083,wind_speed,2026-07-29 05:00:00+00:00,,0.46465523271519604,,False
101990961244800083,wind_speed,2026-07-29 06:00:00+00:00,,0.5692245959020845,,False
101990961244800083,wind_speed,2026-07-29 07:00:00+00:00,,0.6650393156753422,,False
101990961244800083,wind_speed,2026-07-29 08:00:00+00:00,,0.6081099434269718,,False
101990961244800083,wind_speed,2026-07-29 09:00:00+00:00,,0.5483166174903398,,False
101990961244800083,wind_speed,2026-07-29 10:00:00+00:00,0.0,0.5394107519795349,,False
101990961244800083,wind_speed,2026-07-29 11:00:00+00:00,0.85,0.35575906386064793,0.0,True
101990961244800083,wind_speed,2026-07-29 12:00:00+00:00,1.2,0.5194527855357125,0.85,True
101990961244800083,wind_speed,2026-07-29 13:00:00+00:00,2.0,0.7901544302615513,1.2,True
101990961244800083,wind_speed,2026-07-29 14:00:00+00:00,1.3,0.9602884916391496,2.0,True
101990961244800083,wind_speed,2026-07-29 15:00:00+00:00,1.2,0.9119465735756327,1.3,True
101990961244800083,wind_speed,2026-07-29 16:00:00+00:00,2.32,0.6356076955902095,1.2,True
101990961244800083,wind_speed,2026-07-29 17:00:00+00:00,1.1,0.8917867609341661,2.32,True
101990961244800083,wind_speed,2026-07-29 18:00:00+00:00,,0.7212956780026822,1.1,False
101990961244800083,wind_speed,2026-07-29 19:00:00+00:00,,0.5507309492514405,,False
101990961244800083,wind_speed,2026-07-29 20:00:00+00:00,,0.3892292087954358,,False
101990961244800083,wind_speed,2026-07-29 21:00:00+00:00,,0.31281290448255855,,False
101990961244800083,wind_speed,2026-07-29 22:00:00+00:00,,0.2948265783619923,,False
101990961244800083,wind_speed,2026-07-29 23:00:00+00:00,,0.23002313132567503,,False
101990961244800083,wind_speed,2026-07-30 00:00:00+00:00,,0.20319027706150386,,False
101990961244800083,wind_speed,2026-07-30 01:00:00+00:00,,0.17044118062728272,,False
101990961244800083,wind_speed,2026-07-30 02:00:00+00:00,,0.17375457324065596,,False
101990961244800083,wind_speed,2026-07-30 03:00:00+00:00,,0.2410232702026252,,False
101990961244800083,wind_speed,2026-07-30 04:00:00+00:00,,0.2336738112897816,,False
101990961244800083,wind_speed,2026-07-30 05:00:00+00:00,,0.4724484316552216,,False
101990961244800083,wind_speed,2026-07-30 06:00:00+00:00,,0.5744718765115521,,False
101990961244800083,wind_speed,2026-07-30 07:00:00+00:00,,0.664871964602757,,False
101990961244800083,wind_speed,2026-07-30 08:00:00+00:00,,0.6062959482562118,,False
101990961244800083,wind_speed,2026-07-30 09:00:00+00:00,,0.5471281723735957,,False
101990961244800083,wind_speed,2026-07-30 10:00:00+00:00,,0.49299435749696097,,False
101990961244800083,wind_speed,2026-07-30 11:00:00+00:00,,0.5614665338862708,,False
101990961244800083,wind_speed,2026-07-30 12:00:00+00:00,,0.560679238969003,,False
101990961244800083,wind_speed,2026-07-30 13:00:00+00:00,,0.7086625572478278,,False
101990961244800083,wind_speed,2026-07-30 14:00:00+00:00,,0.5528687464916869,,False
101990961244800083,wind_speed,2026-07-30 15:00:00+00:00,,0.5541910939227139,,False
101990961244800083,wind_speed,2026-07-30 16:00:00+00:00,,0.4455204610247847,,False
101990961244800083,wind_speed,2026-07-30 17:00:00+00:00,,0.2513813817480621,,False
101990961244800083,wind_speed,2026-07-30 18:00:00+00:00,,0.21847366583330785,,False
101990961244800083,wind_speed,2026-07-30 19:00:00+00:00,,0.2102207441373698,,False
101990961244800083,wind_speed,2026-07-30 20:00:00+00:00,,0.1580025440840067,,False
101990961244800083,wind_speed,2026-07-30 21:00:00+00:00,,0.15580802136782063,,False
101990961244800083,wind_speed,2026-07-30 22:00:00+00:00,,0.1882217877287683,,False
101990961244800083,wind_speed,2026-07-30 23:00:00+00:00,,0.15765679452273543,,False
101990961244800083,wind_speed,2026-07-31 00:00:00+00:00,,0.15408809260876793,,False
101990961244800083,wind_speed,2026-07-31 01:00:00+00:00,,0.13715683855078808,,False
101990961244800083,wind_speed,2026-07-31 02:00:00+00:00,,0.15124052766961657,,False
101990961244800083,wind_speed,2026-07-31 03:00:00+00:00,,0.22586528276947423,,False
101990961244800083,wind_speed,2026-07-31 04:00:00+00:00,,0.22357321135278313,,False
101990961244800083,wind_speed,2026-07-31 05:00:00+00:00,,0.46590457562776016,,False
101990961244800083,wind_speed,2026-07-31 06:00:00+00:00,,0.5704558575246661,,False
101990961244800083,wind_speed,2026-07-31 07:00:00+00:00,,0.66258184767545,,False
101990961244800083,wind_speed,2026-07-31 08:00:00+00:00,,0.6055840500935068,,False
101990961244800083,wind_speed,2026-07-31 09:00:00+00:00,,0.548020902561238,,False
101990961244800083,wind_speed,2026-07-31 10:00:00+00:00,,0.5178494313160629,,False
101990961244800083,wind_speed,2026-07-31 11:00:00+00:00,,0.5455571321173178,,False
101990961244800083,wind_speed,2026-07-31 12:00:00+00:00,,0.5265524035041165,,False
101990961244800083,wind_speed,2026-07-31 13:00:00+00:00,,0.6403975077952364,,False
101990961244800083,wind_speed,2026-07-31 14:00:00+00:00,,0.5133385993835046,,False
101990961244800083,wind_speed,2026-07-31 15:00:00+00:00,,0.5200643023135749,,False
101990961244800083,wind_speed,2026-07-31 16:00:00+00:00,,0.3468124858276854,,False
101990961244800083,wind_speed,2026-07-31 17:00:00+00:00,,0.20667015863307894,,False
101990961244800083,wind_speed,2026-07-31 18:00:00+00:00,,0.19197523688610663,,False
101990961244800083,wind_speed,2026-07-31 19:00:00+00:00,,0.1922759612683202,,False
101990961244800083,wind_speed,2026-07-31 20:00:00+00:00,,0.1458169691137579,,False
101990961244800083,wind_speed,2026-07-31 21:00:00+00:00,,0.1475339099117196,,False
101990961244800083,wind_speed,2026-07-31 22:00:00+00:00,,0.1826037449003276,,False
101990961244800083,wind_speed,2026-07-31 23:00:00+00:00,,0.1538431059818788,,False
101990961244800083,wind_speed,2026-08-01 00:00:00+00:00,,0.1515004153075053,,False
101990961244800083,wind_speed,2026-08-01 01:00:00+00:00,,0.1354027531392973,,False
101990961244800083,wind_speed,2026-08-01 02:00:00+00:00,,0.15005402839193505,,False
101990961244800083,wind_speed,2026-08-01 03:00:00+00:00,,0.2250664378872492,,False
101990961244800083,wind_speed,2026-08-01 04:00:00+00:00,,0.22304087804764824,,False
101990961244800083,wind_speed,2026-08-01 05:00:00+00:00,,0.4655596621439946,,False
101990961244800083,wind_speed,2026-08-01 06:00:00+00:00,,0.570244136106176,,False
101990961244800083,wind_speed,2026-08-01 07:00:00+00:00,,0.6624610634500575,,False
101990961244800083,wind_speed,2026-08-01 08:00:00+00:00,,0.6055463862703317,,False
101990961244800083,wind_speed,2026-08-01 09:00:00+00:00,0.2666666666666666,0.5480677155620113,,False
101990961244800083,wind_speed,2026-08-01 10:00:00+00:00,,0.426143278980177,0.2666666666666666,False
101990961244800083,wind_speed,2026-08-01 11:00:00+00:00,0.8,0.4815550329331528,,False
101990961244800083,wind_speed,2026-08-01 12:00:00+00:00,,0.5813705055383916,0.8,False
101990961244800083,wind_speed,2026-08-01 13:00:00+00:00,0.0,0.6752460896879818,,False
101990961244800083,wind_speed,2026-08-01 14:00:00+00:00,0.8,0.3271651795688763,0.0,True
101990961244800083,wind_speed,2026-08-01 15:00:00+00:00,0.7,0.5279324916363681,0.8,True
101990961244800083,wind_speed,2026-08-01 16:00:00+00:00,0.0,0.3965387046037636,0.7,True
101990961244800083,wind_speed,2026-08-01 17:00:00+00:00,0.0,0.13042065899240252,0.0,True
101990961244800083,wind_speed,2026-08-01 18:00:00+00:00,0.0,0.10382737782340262,0.0,True
101990961244800083,wind_speed,2026-08-01 19:00:00+00:00,0.0,0.10329819453422076,0.0,True
101990961244800083,wind_speed,2026-08-01 20:00:00+00:00,,0.05640666251610005,0.0,False
101990961244800083,wind_speed,2026-08-01 21:00:00+00:00,,0.08676368597605386,,False
101990961244800083,wind_speed,2026-08-01 22:00:00+00:00,,0.14125782049271385,,False
101990961244800083,wind_speed,2026-08-01 23:00:00+00:00,,0.1256514122706835,,False
101990961244800083,wind_speed,2026-08-02 00:00:00+00:00,,0.13218770278670738,,False
101990961244800083,wind_speed,2026-08-02 01:00:00+00:00,,0.12204026359327906,,False
101990961244800083,wind_speed,2026-08-02 02:00:00+00:00,,0.1406153499643294,,False
101990961244800083,wind_speed,2026-08-02 03:00:00+00:00,,0.21812020197300022,,False
101990961244800083,wind_speed,2026-08-02 04:00:00+00:00,,0.2175342143049947,,False
101990961244800083,wind_speed,2026-08-02 05:00:00+00:00,0.0,0.4606582468294466,,False
101990961244800083,wind_speed,2026-08-02 06:00:00+00:00,0.0,0.4129161915158064,0.0,True
101990961244800083,wind_speed,2026-08-02 07:00:00+00:00,0.0,0.4342862927777086,0.0,True
101990961244800083,wind_speed,2026-08-02 08:00:00+00:00,1.1,0.32498580677803757,0.0,True
101990961244800083,wind_speed,2026-08-02 09:00:00+00:00,1.0,0.5539332402312174,1.1,True
101990961244800083,wind_speed,2026-08-02 10:00:00+00:00,0.5,0.661785790815459,1.0,True
101990961244800083,wind_speed,2026-08-02 11:00:00+00:00,0.0,0.6215280962505406,0.5,True
101990961244800083,wind_speed,2026-08-02 12:00:00+00:00,1.7,0.3806031126738835,0.0,True
101990961244800083,wind_speed,2026-08-02 13:00:00+00:00,1.15,0.8541068143635764,1.7,True
101990961244800083,wind_speed,2026-08-02 14:00:00+00:00,0.3333333333333333,0.8059629537650764,1.15,True
101990961244800083,wind_speed,2026-08-02 15:00:00+00:00,,0.5844552644566254,0.3333333333333333,False
101990961244800083,wind_speed,2026-08-02 16:00:00+00:00,,0.34532967421897764,,False
101990961244800083,wind_speed,2026-08-02 17:00:00+00:00,0.0,0.20933019348652696,,False
101990961244800083,wind_speed,2026-08-02 18:00:00+00:00,,0.121974270026934,0.0,False
101990961244800083,wind_speed,2026-08-02 19:00:00+00:00,,0.13905070958078292,,False
101990961244800083,wind_speed,2026-08-02 20:00:00+00:00,,0.1127723480510823,,False
101990961244800083,wind_speed,2026-08-02 21:00:00+00:00,,0.12438100859580101,,False
101990961244800083,wind_speed,2026-08-02 22:00:00+00:00,,0.165832268560103,,False
101990961244800083,wind_speed,2026-08-02 23:00:00+00:00,,0.14090971392045593,,False
101990961244800083,wind_speed,2026-08-03 00:00:00+00:00,,0.14044376873272696,,False
101990961244800083,wind_speed,2026-08-03 01:00:00+00:00,,0.12454612220110639,,False
101990961244800083,wind_speed,2026-08-03 02:00:00+00:00,,0.13775101167887177,,False
101990961244800083,wind_speed,2026-08-03 03:00:00+00:00,,0.20945129202112275,,False
101990961244800083,wind_speed,2026-08-03 04:00:00+00:00,,0.20174963460814527,,False
101990961244800083,wind_speed,2026-08-03 05:00:00+00:00,0.95,0.42139077173921363,,False
101990961244800083,wind_speed,2026-08-03 06:00:00+00:00,,0.6913227366421631,0.95,False
101990961244800083,wind_speed,2026-08-03 07:00:00+00:00,0.6666666666666666,0.7186670832821719,,False
101990961244800083,wind_speed,2026-08-03 08:00:00+00:00,1.6,0.7115760982626997,0.6666666666666666,True
101990961244800083,wind_speed,2026-08-03 09:00:00+00:00,0.7,0.874720768533139,1.6,True
101990961244800083,wind_speed,2026-08-03 10:00:00+00:00,,0.6683268886472096,0.7,False
101990961244800083,wind_speed,2026-08-03 11:00:00+00:00,1.7,0.6093356373646052,,False
101990961244800083,wind_speed,2026-08-03 12:00:00+00:00,0.4,1.034716253098967,1.7,True
101990961244800083,wind_speed,2026-08-03 13:00:00+00:00,1.6,0.7562296577724215,0.4,True
101990961244800083,wind_speed,2026-08-03 14:00:00+00:00,,0.8076692738406076,1.6,False
101990961244800083,wind_speed,2026-08-03 15:00:00+00:00,1.7,0.7321387441354805,,False
101990961244800083,wind_speed,2026-08-03 16:00:00+00:00,1.05,0.7635484867595643,1.7,True
101990961244800083,wind_speed,2026-08-03 17:00:00+00:00,0.0,0.5576180021311744,1.05,True
101990961244800083,wind_speed,2026-08-03 18:00:00+00:00,0.9,0.2789478614330555,0.0,True
101990961244800083,wind_speed,2026-08-03 19:00:00+00:00,0.0,0.4230274758339304,0.9,True
101990961244800083,wind_speed,2026-08-03 20:00:00+00:00,,0.18584701236392964,0.0,False
101990961244800083,wind_speed,2026-08-03 21:00:00+00:00,,0.17500335613988854,,False
101990961244800083,wind_speed,2026-08-03 22:00:00+00:00,,0.20167792373106666,,False
101990961244800083,wind_speed,2026-08-03 23:00:00+00:00,,0.16741461254648077,,False
101990961244800083,wind_speed,2026-08-04 00:00:00+00:00,,0.16162735889391885,,False
101990961244800083,wind_speed,2026-08-04 01:00:00+00:00,,0.14362088053848351,,False
101990961244800083,wind_speed,2026-08-04 02:00:00+00:00,,0.1576096107706904,,False
101990961244800083,wind_speed,2026-08-04 03:00:00+00:00,,0.23310527373094903,,False
101990961244800083,wind_speed,2026-08-04 04:00:00+00:00,,0.23278675079781203,,False
101990961244800083,wind_speed,2026-08-04 05:00:00+00:00,,0.49263486408981627,,False
101990961244800083,wind_speed,2026-08-04 06:00:00+00:00,,0.567801098553898,,False
101990961244800083,wind_speed,2026-08-04 07:00:00+00:00,,0.6381085883151584,,False
101990961244800083,wind_speed,2026-08-04 08:00:00+00:00,,0.7079802268096897,,False
101990961244800083,wind_speed,2026-08-04 09:00:00+00:00,,0.5664923520771101,,False
101990961244800083,wind_speed,2026-08-04 10:00:00+00:00,,0.5528453239625204,,False
101990961244800083,wind_speed,2026-08-04 11:00:00+00:00,,0.6355562777103898,,False
101990961244800083,wind_speed,2026-08-04 12:00:00+00:00,,0.5502727735864901,,False
101990961244800083,wind_speed,2026-08-04 13:00:00+00:00,,0.715271261326274,,False
101990961244800083,wind_speed,2026-08-04 14:00:00+00:00,,0.5629926165810868,,False
101990961244800083,wind_speed,2026-08-04 15:00:00+00:00,,0.6290485694571124,,False
101990961244800083,wind_speed,2026-08-04 16:00:00+00:00,,0.39140145535143367,,False
101990961244800083,wind_speed,2026-08-04 17:00:00+00:00,,0.17383001656104757,,False
101990961244800083,wind_speed,2026-08-04 18:00:00+00:00,,0.24627501214036696,,False
101990961244800083,wind_speed,2026-08-04 19:00:00+00:00,,0.16573247828794704,,False
101990961244800083,wind_speed,2026-08-04 20:00:00+00:00,,0.14476605072147267,,False
101990961244800083,wind_speed,2026-08-04 21:00:00+00:00,,0.14677970630555134,,False
101990961244800083,wind_speed,2026-08-04 22:00:00+00:00,,0.18203149006668184,,False
101990961244800083,wind_speed,2026-08-04 23:00:00+00:00,,0.15336602791224552,,False
101990961244800083,wind_speed,2026-08-05 00:00:00+00:00,,0.15104616581532598,,False
101990961244800083,wind_speed,2026-08-05 01:00:00+00:00,,0.13490244890720476,,False
101990961244800083,wind_speed,2026-08-05 02:00:00+00:00,,0.14943179687485506,,False
101990961244800083,wind_speed,2026-08-05 03:00:00+00:00,,0.22422791813862014,,False
101990961244800083,wind_speed,2026-08-05 04:00:00+00:00,,0.22186360909591946,,False
101990961244800083,wind_speed,2026-08-05 05:00:00+00:00,,0.46721734311327157,,False
101990961244800083,wind_speed,2026-08-05 06:00:00+00:00,,0.555967707659602,,False
101990961244800083,wind_speed,2026-08-05 07:00:00+00:00,,0.6359796523693818,,False
101990961244800083,wind_speed,2026-08-05 08:00:00+00:00,,0.660632177144929,,False
101990961244800083,wind_speed,2026-08-05 09:00:00+00:00,,0.559180502601103,,False
101990961244800083,wind_speed,2026-08-05 10:00:00+00:00,,0.5327182997396813,,False
101990961244800083,wind_speed,2026-08-05 11:00:00+00:00,,0.5794306089249806,,False
101990961244800083,wind_speed,2026-08-05 12:00:00+00:00,0.7,0.5580869838252325,,False
101990961244800083,wind_speed,2026-08-05 13:00:00+00:00,,0.7156003785047104,0.7,False
101990961244800083,wind_speed,2026-08-05 14:00:00+00:00,,0.5680914365743136,,False
101990961244800083,wind_speed,2026-08-05 15:00:00+00:00,0.0,0.5943277799276167,,False
101990961244800083,wind_speed,2026-08-05 16:00:00+00:00,0.8,0.17969803104686463,0.0,True
101990961244800083,wind_speed,2026-08-05 17:00:00+00:00,,0.24062071973402602,0.8,False
101990961244800083,wind_speed,2026-08-05 18:00:00+00:00,,0.2510582304605355,,False
101990961244800083,wind_speed,2026-08-05 19:00:00+00:00,,0.20105345707687539,,False
101990961244800083,wind_speed,2026-08-05 20:00:00+00:00,,0.160675775661919,,False
101990961244800083,wind_speed,2026-08-05 21:00:00+00:00,,0.15757259721016814,,False
101990961244800083,wind_speed,2026-08-05 22:00:00+00:00,,0.18934428092875952,,False
101990961244800083,wind_speed,2026-08-05 23:00:00+00:00,,0.15830769804634534,,False
101990961244800083,wind_speed,2026-08-06 00:00:00+00:00,,0.15436611585613677,,False
101990961244800083,wind_speed,2026-08-06 01:00:00+00:00,,0.1371041468319055,,False
101990961244800083,wind_speed,2026-08-06 02:00:00+00:00,,0.15084912853985086,,False
101990961244800083,wind_speed,2026-08-06 03:00:00+00:00,,0.22507582084316924,,False
101990961244800083,wind_speed,2026-08-06 04:00:00+00:00,,0.22227066745330698,,False
101990961244800083,wind_speed,2026-08-06 05:00:00+00:00,,0.4666774062305195,,False
101990961244800083,wind_speed,2026-08-06 06:00:00+00:00,,0.5560792422986691,,False
101990961244800083,wind_speed,2026-08-06 07:00:00+00:00,,0.6366496134166837,,False
101990961244800083,wind_speed,2026-08-06 08:00:00+00:00,,0.6590901039361657,,False
101990961244800083,wind_speed,2026-08-06 09:00:00+00:00,,0.5600472393142923,,False
101990961244800083,wind_speed,2026-08-06 10:00:00+00:00,,0.5334261626101628,,False
101990961244800083,wind_speed,2026-08-06 11:00:00+00:00,,0.5789921398718155,,False
101990961244800083,wind_speed,2026-08-06 12:00:00+00:00,,0.5712282749985109,,False
101990961244800083,wind_speed,2026-08-06 13:00:00+00:00,,0.6648667158810082,,False
101990961244800083,wind_speed,2026-08-06 14:00:00+00:00,,0.5282617819721246,,False
101990961244800083,wind_speed,2026-08-06 15:00:00+00:00,,0.518664685090319,,False
101990961244800083,wind_speed,2026-08-06 16:00:00+00:00,,0.394447215315926,,False
101990961244800083,wind_speed,2026-08-06 17:00:00+00:00,,0.1885321730035666,,False
101990961244800083,wind_speed,2026-08-06 18:00:00+00:00,,0.21354899171008762,,False
101990961244800083,wind_speed,2026-08-06 19:00:00+00:00,,0.17726682694139717,,False
101990961244800083,wind_speed,2026-08-06 20:00:00+00:00,,0.1440952585497157,,False
101990961244800083,wind_speed,2026-08-06 21:00:00+00:00,,0.14630884684006087,,False
101990961244800083,wind_speed,2026-08-06 22:00:00+00:00,,0.1816891578837221,,False
101990961244800083,wind_speed,2026-08-06 23:00:00+00:00,,0.15310030857557586,,False
101990961244800083,wind_speed,2026-08-07 00:00:00+00:00,,0.1508167631959032,,False
101990961244800083,wind_speed,2026-08-07 01:00:00+00:00,,0.13467457427510662,,False
101990961244800083,wind_speed,2026-08-07 02:00:00+00:00,,0.14917089320428514,,False
101990961244800083,wind_speed,2026-08-07 03:00:00+00:00,,0.2238944195808167,,False
101990961244800083,wind_speed,2026-08-07 04:00:00+00:00,,0.2214069416360709,,False
101990961244800083,wind_speed,2026-08-07 05:00:00+00:00,,0.46597051116488014,,False
101990961244800083,wind_speed,2026-08-07 06:00:00+00:00,,0.555510335344028,,False
101990961244800083,wind_speed,2026-08-07 07:00:00+00:00,,0.636126651519828,,False
101990961244800083,wind_speed,2026-08-07 08:00:00+00:00,,0.6583826985182116,,False
101990961244800083,wind_speed,2026-08-07 09:00:00+00:00,,0.5593038831343595,,False
101990961244800083,wind_speed,2026-08-07 10:00:00+00:00,,0.5323909553833951,,False
101990961244800083,wind_speed,2026-08-07 11:00:00+00:00,,0.577452387472208,,False
101990961244800083,wind_speed,2026-08-07 12:00:00+00:00,,0.5644191076617643,,False
101990961244800083,wind_speed,2026-08-07 13:00:00+00:00,,0.6654657822975343,,False
101990961244800083,wind_speed,2026-08-07 14:00:00+00:00,,0.5317534430617407,,False
101990961244800083,wind_speed,2026-08-07 15:00:00+00:00,,0.5459366334460906,,False
101990961244800083,wind_speed,2026-08-07 16:00:00+00:00,,0.3731065906112091,,False
101990961244800083,wind_speed,2026-08-07 17:00:00+00:00,,0.18578706553107904,,False
101990961244800083,wind_speed,2026-08-07 18:00:00+00:00,,0.2115724352786287,,False
101990961244800083,wind_speed,2026-08-07 19:00:00+00:00,,0.17601322971449407,,False
101990961244800083,wind_speed,2026-08-07 20:00:00+00:00,,0.1432214785634192,,False
101990961244800083,wind_speed,2026-08-07 21:00:00+00:00,,0.1457152566031197,,False
101990961244800083,wind_speed,2026-08-07 22:00:00+00:00,,0.18128573987550906,,False
101990961244800083,wind_speed,2026-08-07 23:00:00+00:00,,0.15282588475336836,,False
101990961244800083,wind_speed,2026-08-08 00:00:00+00:00,,0.15062971738992856,,False
101990961244800083,wind_speed,2026-08-08 01:00:00+00:00,,0.1345465411271605,,False
101990961244800083,wind_speed,2026-08-08 02:00:00+00:00,,0.1490824565821287,,False
101990961244800083,wind_speed,2026-08-08 03:00:00+00:00,,0.22383216813607584,,False
101990961244800083,wind_speed,2026-08-08 04:00:00+00:00,,0.22136143498316935,,False
101990961244800083,wind_speed,2026-08-08 05:00:00+00:00,,0.4659332774743171,,False
101990961244800083,wind_speed,2026-08-08 06:00:00+00:00,,0.5554803759768921,,False
101990961244800083,wind_speed,2026-08-08 07:00:00+00:00,,0.636099119710487,,False
101990961244800083,wind_speed,2026-08-08 08:00:00+00:00,,0.6583454718102341,,False
101990961244800083,wind_speed,2026-08-08 09:00:00+00:00,,0.5592647702768531,,False
101990961244800083,wind_speed,2026-08-08 10:00:00+00:00,,0.5323364937968083,,False
101990961244800083,wind_speed,2026-08-08 11:00:00+00:00,,0.5773713878381013,,False
101990961244800083,wind_speed,2026-08-08 12:00:00+00:00,,0.564060925253985,,False
101990961244800083,wind_speed,2026-08-08 13:00:00+00:00,,0.6654972924524756,,False
101990961244800083,wind_speed,2026-08-08 14:00:00+00:00,,0.5319371116014691,,False
101990961244800083,wind_speed,2026-08-08 15:00:00+00:00,,0.5473712046919803,,False
101990961244800083,wind_speed,2026-08-08 16:00:00+00:00,,0.37198402000786013,,False
101990961244800083,wind_speed,2026-08-08 17:00:00+00:00,,0.18564266558077216,,False
101990961244800083,wind_speed,2026-08-08 18:00:00+00:00,,0.21146846317549622,,False
101990961244800083,wind_speed,2026-08-08 19:00:00+00:00,,0.17594728716582084,,False
101990961244800083,wind_speed,2026-08-08 20:00:00+00:00,,0.14317551541582352,,False
101990961244800083,wind_speed,2026-08-08 21:00:00+00:00,,0.14568403218041853,,False
101990961244800083,wind_speed,2026-08-08 22:00:00+00:00,,0.18126451901708207,,False
101990961244800083,wind_speed,2026-08-08 23:00:00+00:00,,0.15281144933172244,,False
101990961244800083,wind_speed,2026-08-09 00:00:00+00:00,,0.15061987828404233,,False
101990961244800083,wind_speed,2026-08-09 01:00:00+00:00,,0.13453980624389975,,False
101990961244800083,wind_speed,2026-08-09 02:00:00+00:00,,0.14907780458142567,,False
101990961244800083,wind_speed,2026-08-09 03:00:00+00:00,,0.22382889354546284,,False
101990961244800083,wind_speed,2026-08-09 04:00:00+00:00,,0.22135904121340064,,False
101990961244800083,wind_speed,2026-08-09 05:00:00+00:00,,0.46593131888508493,,False
101990961244800083,wind_speed,2026-08-09 06:00:00+00:00,,0.5554788000366163,,False
101990961244800083,wind_speed,2026-08-09 07:00:00+00:00,,0.6360976714667785,,False
101990961244800083,wind_speed,2026-08-09 08:00:00+00:00,,0.6583435135914332,,False
101990961244800083,wind_speed,2026-08-09 09:00:00+00:00,,0.5592627128423565,,False
101990961244800083,wind_speed,2026-08-09 10:00:00+00:00,,0.5323336289813209,,False
101990961244800083,wind_speed,2026-08-09 11:00:00+00:00,,0.5773671270555601,,False
101990961244800083,wind_speed,2026-08-09 12:00:00+00:00,,0.5640420839687008,,False
101990961244800083,wind_speed,2026-08-09 13:00:00+00:00,,0.6654989499647439,,False
101990961244800083,wind_speed,2026-08-09 14:00:00+00:00,,0.5319467730230624,,False
101990961244800083,wind_speed,2026-08-09 15:00:00+00:00,,0.5474466667053228,,False
101990961244800083,wind_speed,2026-08-09 16:00:00+00:00,,0.3719249700036935,,False
101990961244800083,wind_speed,2026-08-09 17:00:00+00:00,,0.18563506978440825,,False
101990961244800083,wind_speed,2026-08-09 18:00:00+00:00,,0.21146299398439897,,False
101990961244800083,wind_speed,2026-08-09 19:00:00+00:00,,0.17594381842382747,,False
101990961244800083,wind_speed,2026-08-09 20:00:00+00:00,,0.14317309763999597,,False
101990961244800083,wind_speed,2026-08-09 21:00:00+00:00,,0.1456823896981608,,False
101990961244800083,wind_speed,2026-08-09 22:00:00+00:00,,0.18126340274717395,,False
101990961244800083,wind_speed,2026-08-09 23:00:00+00:00,,0.15281068999265754,,False
101990961244800083,wind_speed,2026-08-10 00:00:00+00:00,,0.1506193607226128,,False
101990961244800083,wind_speed,2026-08-10 01:00:00+00:00,,0.13453945197229739,,False
101990961244800083,wind_speed,2026-08-10 02:00:00+00:00,,0.1490775598746239,,False
101990961244800083,wind_speed,2026-08-10 03:00:00+00:00,,0.22382872129385606,,False
101990961244800083,wind_speed,2026-08-10 04:00:00+00:00,,0.22135891529516,,False
101990961244800083,wind_speed,2026-08-10 05:00:00+00:00,,0.46593121585842245,,False
101990961244800083,wind_speed,2026-08-10 06:00:00+00:00,,0.5554787171382403,,False
101990961244800083,wind_speed,2026-08-10 07:00:00+00:00,,0.6360975952855594,,False
101990961244800083,wind_speed,2026-08-10 08:00:00+00:00,,0.6583434105842566,,False
101990961244800083,wind_speed,2026-08-10 09:00:00+00:00,,0.5592626046161877,,False
101990961244800083,wind_speed,2026-08-10 10:00:00+00:00,,0.5323334782849051,,False
101990961244800083,wind_speed,2026-08-10 11:00:00+00:00,,0.5773669029278075,,False
101990961244800083,wind_speed,2026-08-10 12:00:00+00:00,,0.5640410928702612,,False
101990961244800083,wind_speed,2026-08-10 13:00:00+00:00,,0.6654990371540093,,False
101990961244800083,wind_speed,2026-08-10 14:00:00+00:00,,0.5319472812378535,,False
101990961244800083,wind_speed,2026-08-10 15:00:00+00:00,,0.5474506361948,,False
101990961244800083,wind_speed,2026-08-10 16:00:00+00:00,,0.3719218638266942,,False
101990961244800083,wind_speed,2026-08-10 17:00:00+00:00,,0.18563467022663868,,False
101990961244800083,wind_speed,2026-08-10 18:00:00+00:00,,0.21146270629135253,,False
101990961244800083,wind_speed,2026-08-10 19:00:00+00:00,,0.1759436359593764,,False
101990961244800083,wind_speed,2026-08-10 20:00:00+00:00,,0.1431729704589776,,False
101990961244800083,wind_speed,2026-08-10 21:00:00+00:00,,0.14568230329951135,,False
101990961244800083,wind_speed,2026-08-10 22:00:00+00:00,,0.18126334402860209,,False
101990961244800083,wind_speed,2026-08-10 23:00:00+00:00,,0.15281065004953523,,False
101990961244800083,wind_speed,2026-08-11 00:00:00+00:00,,0.15061933349759513,,False
101990961244800083,wind_speed,2026-08-11 01:00:00+00:00,,0.1345394333367305,,False
101990961244800083,wind_speed,2026-08-11 02:00:00+00:00,,0.14907754700243786,,False
101990961244800083,wind_speed,2026-08-11 03:00:00+00:00,,0.2238287122329934,,False
101990961244800083,wind_speed,2026-08-11 04:00:00+00:00,,0.22135890867154753,,False
101990961244800083,wind_speed,2026-08-11 05:00:00+00:00,,0.4659312104389639,,False
101990961244800083,wind_speed,2026-08-11 06:00:00+00:00,,0.5554787127775797,,False
101990961244800083,wind_speed,2026-08-11 07:00:00+00:00,,0.636097591278238,,False
101990961244800083,wind_speed,2026-08-11 08:00:00+00:00,,0.6583434051658231,,False
101990961244800083,wind_speed,2026-08-11 09:00:00+00:00,,0.5592625989232222,,False
101990961244800083,wind_speed,2026-08-11 10:00:00+00:00,,0.532333470357899,,False
101990961244800083,wind_speed,2026-08-11 11:00:00+00:00,,0.5773668911381306,,False
101990961244800083,wind_speed,2026-08-11 12:00:00+00:00,,0.5640410407360197,,False
101990961244800083,wind_speed,2026-08-11 13:00:00+00:00,,0.6654990417403813,,False
101990961244800083,wind_speed,2026-08-11 14:00:00+00:00,,0.5319473079712148,,False
101990961244800083,wind_speed,2026-08-11 15:00:00+00:00,,0.5474508449998134,,False
101990961244800083,wind_speed,2026-08-11 16:00:00+00:00,,0.37192170043406303,,False
101990961244800083,wind_speed,2026-08-11 17:00:00+00:00,,0.18563464920890682,,False
101990961244800083,wind_speed,2026-08-11 18:00:00+00:00,,0.21146269115798316,,False
101990961244800083,wind_speed,2026-08-11 19:00:00+00:00,,0.1759436263612927,,False
101990961244800083,wind_speed,2026-08-11 20:00:00+00:00,,0.1431729637689399,,False
101990961244800083,wind_speed,2026-08-11 21:00:00+00:00,,0.14568229875472763,,False
101990961244800083,wind_speed,2026-08-11 22:00:00+00:00,,0.18126334093985924,,False
101990961244800083,wind_speed,2026-08-11 23:00:00+00:00,,0.15281064794842772,,False
101990961244800083,wind_speed,2026-08-12 00:00:00+00:00,,0.15061933206549152,,False
101990961244800083,wind_speed,2026-08-12 01:00:00+00:00,,0.13453943235645335,,False
101990961244800083,wind_speed,2026-08-12 02:00:00+00:00,,0.14907754632532888,,False
101990961244800083,wind_speed,2026-08-12 03:00:00+00:00,,0.22382871175636948,,False
101990961244800083,wind_speed,2026-08-12 04:00:00+00:00,,0.22135890832312904,,False
101990961244800083,wind_speed,2026-08-12 05:00:00+00:00,,0.4659312101538869,,False
101990961244800083,wind_speed,2026-08-12 06:00:00+00:00,,0.555478712548198,,False
101990961244800083,wind_speed,2026-08-12 07:00:00+00:00,,0.6360975910674429,,False
101990961244800083,wind_speed,2026-08-12 08:00:00+00:00,,0.6583434048808,,False
101990961244800083,wind_speed,2026-08-12 09:00:00+00:00,,0.559262598623758,,False
101990961244800083,wind_speed,2026-08-12 10:00:00+00:00,,0.5323334699409188,,False
101990961244800083,wind_speed,2026-08-12 11:00:00+00:00,,0.5773668905179642,,False
101990961244800083,wind_speed,2026-08-12 12:00:00+00:00,,0.564041037993629,,False
101990961244800083,wind_speed,2026-08-12 13:00:00+00:00,0.0,0.6654990419816359,,False
101990961244800083,wind_speed,2026-08-12 14:00:00+00:00,,0.3117698021243712,0.0,False
101990961244800083,wind_speed,2026-08-12 15:00:00+00:00,,0.3980596626866607,,False
101990961244800083,wind_speed,2026-08-12 16:00:00+00:00,0.0,0.27046678614214803,,False
101990961244800083,wind_speed,2026-08-12 17:00:00+00:00,0.0,0.02950352972193701,0.0,True
101990961244800083,wind_speed,2026-08-12 18:00:00+00:00,,0.09693221416577404,0.0,False
101990961244800083,wind_speed,2026-08-12 19:00:00+00:00,,0.09815083351086772,,False
101990961244800083,wind_speed,2026-08-12 20:00:00+00:00,,0.0903199012453127,,False
101990961244800083,wind_speed,2026-08-12 21:00:00+00:00,,0.10975444762355663,,False
101990961244800083,wind_speed,2026-08-12 22:00:00+00:00,,0.15681226927498002,,False
101990961244800083,wind_speed,2026-08-12 23:00:00+00:00,,0.13612836871934594,,False
101990961244800083,wind_speed,2026-08-13 00:00:00+00:00,,0.13917598995113653,,False
101990961244800083,wind_speed,2026-08-13 01:00:00+00:00,,0.1265996529930623,,False
101990961244800083,wind_speed,2026-08-13 02:00:00+00:00,,0.1434372680379503,,False
101990961244800083,wind_speed,2026-08-13 03:00:00+00:00,,0.21963259051224018,,False
101990961244800083,wind_speed,2026-08-13 04:00:00+00:00,,0.21797061950431595,,False
101990961244800083,wind_speed,2026-08-13 05:00:00+00:00,,0.4628372281541432,,False
101990961244800083,wind_speed,2026-08-13 06:00:00+00:00,,0.5522088642531419,,False
101990961244800083,wind_speed,2026-08-13 07:00:00+00:00,,0.6321564080685003,,False
101990961244800083,wind_speed,2026-08-13 08:00:00+00:00,,0.6531329689575925,,False
101990961244800083,wind_speed,2026-08-13 09:00:00+00:00,0.4,0.5519926111216924,,False
101990961244800083,wind_speed,2026-08-13 10:00:00+00:00,0.275,0.47167698964105226,0.4,True
101990961244800083,wind_speed,2026-08-13 11:00:00+00:00,0.3666666666666667,0.47165176606932907,0.275,True
101990961244800083,wind_speed,2026-08-13 12:00:00+00:00,0.175,0.4511150997546517,0.3666666666666667,True
101990961244800083,wind_speed,2026-08-13 13:00:00+00:00,1.4,0.4644700344480571,0.175,True
101990961244800083,wind_speed,2026-08-13 14:00:00+00:00,0.65,0.6745418172401416,1.4,True
101990961244800083,wind_speed,2026-08-13 15:00:00+00:00,0.0,0.6326114664658107,0.65,True
101990961244800083,wind_speed,2026-08-13 16:00:00+00:00,0.525,0.23414006305366125,0.0,True
101990961244800083,wind_speed,2026-08-13 17:00:00+00:00,0.58,0.18009222287231083,0.525,True
101990961244800083,wind_speed,2026-08-13 18:00:00+00:00,0.0,0.3204745660251747,0.58,True
101990961244800083,wind_speed,2026-08-13 19:00:00+00:00,1.1,0.16012146777211278,0.0,True
101990961244800083,wind_speed,2026-08-13 20:00:00+00:00,0.25,0.3957860128191749,1.1,True
101990961244800083,wind_speed,2026-08-13 21:00:00+00:00,0.0,0.27629377737400934,0.25,True
101990961244800083,wind_speed,2026-08-13 22:00:00+00:00,,0.19241444493554954,0.0,False
101990961244800083,wind_speed,2026-08-13 23:00:00+00:00,,0.1602178806404807,,False
101990961244800083,wind_speed,2026-08-14 00:00:00+00:00,,0.15540599704925154,,False
101990961244800083,wind_speed,2026-08-14 01:00:00+00:00,,0.13743143271909739,,False
101990961244800083,wind_speed,2026-08-14 02:00:00+00:00,,0.1505134468772212,,False
101990961244800083,wind_speed,2026-08-14 03:00:00+00:00,,0.2240262657638024,,False
101990961244800083,wind_speed,2026-08-14 04:00:00+00:00,0.0,0.2203676032488791,,False
101990961244800083,wind_speed,2026-08-14 05:00:00+00:00,0.45,0.39133720821106593,0.0,True
101990961244800083,wind_speed,2026-08-14 06:00:00+00:00,0.2666666666666666,0.5192186146039,0.45,True
101990961244800083,wind_speed,2026-08-14 07:00:00+00:00,0.2,0.5368714357139822,0.2666666666666666,True
101990961244800083,wind_speed,2026-08-14 08:00:00+00:00,0.74,0.491305506717039,0.2,True
101990961244800083,wind_speed,2026-08-14 09:00:00+00:00,1.0666666666666669,0.5044105178223423,0.74,True
101990961244800083,wind_speed,2026-08-14 10:00:00+00:00,1.175,0.6356746320583804,1.0666666666666669,True
101990961244800083,wind_speed,2026-08-14 11:00:00+00:00,1.25,0.7917630720100597,1.175,True
101990961244800083,wind_speed,2026-08-14 12:00:00+00:00,0.75,0.8090302182722228,1.25,True
101990961244800083,wind_speed,2026-08-14 13:00:00+00:00,1.04,0.8894841259887354,0.75,True
101990961244800083,wind_speed,2026-08-14 14:00:00+00:00,0.675,0.6980508923409268,1.04,True
101990961244800083,wind_speed,2026-08-14 15:00:00+00:00,0.675,0.5915616777744949,0.675,True
101990961244800083,wind_speed,2026-08-14 16:00:00+00:00,0.4,0.46703886932977834,0.675,True
101990961244800083,wind_speed,2026-08-14 17:00:00+00:00,0.0,0.26090279015034745,0.4,True
101990961244800083,wind_speed,2026-08-14 18:00:00+00:00,0.0,0.14369016235873278,0.0,True
101990961244800083,wind_speed,2026-08-14 19:00:00+00:00,0.175,0.19507082584188995,0.0,True
101990961244800083,wind_speed,2026-08-14 20:00:00+00:00,0.0,0.09853472976996083,0.175,True
101990961244800083,wind_speed,2026-08-14 21:00:00+00:00,0.0,0.06381521261944119,0.0,True
101990961244800083,wind_speed,2026-08-14 22:00:00+00:00,,0.11869654864960126,0.0,False
101990961244800083,wind_speed,2026-08-14 23:00:00+00:00,,0.1092335127494469,,False
101990961244800083,wind_speed,2026-08-15 00:00:00+00:00,,0.11942333061812556,,False
101990961244800083,wind_speed,2026-08-15 01:00:00+00:00,,0.11099323454024201,,False
101990961244800083,wind_speed,2026-08-15 02:00:00+00:00,,0.12961065045743364,,False
101990961244800083,wind_speed,2026-08-15 03:00:00+00:00,,0.20548897748861777,,False
101990961244800083,wind_speed,2026-08-15 04:00:00+00:00,0.0,0.19034980789407835,,False
101990961244800083,wind_speed,2026-08-15 05:00:00+00:00,0.175,0.39569893375799287,0.0,True
101990961244800083,wind_speed,2026-08-15 06:00:00+00:00,0.9000000000000001,0.4146364016934152,0.175,True
101990961244800083,wind_speed,2026-08-15 07:00:00+00:00,0.3,0.6509680714134264,0.9000000000000001,True
101990961244800083,wind_speed,2026-08-15 08:00:00+00:00,0.45,0.6037229034163495,0.3,True
101990961244800083,wind_speed,2026-08-15 09:00:00+00:00,0.175,0.5164885917388549,0.45,True
101990961244800083,wind_speed,2026-08-15 10:00:00+00:00,0.375,0.4275122105167698,0.175,True
101990961244800083,wind_speed,2026-08-15 11:00:00+00:00,0.5333333333333333,0.5082629360260964,0.375,True
101990961244800083,wind_speed,2026-08-15 12:00:00+00:00,0.5,0.48407823260337324,0.5333333333333333,True
101990961244800083,wind_speed,2026-08-15 13:00:00+00:00,1.05,0.6571871786142263,0.5,True
101990961244800083,wind_speed,2026-08-15 14:00:00+00:00,0.82,0.6190633317784487,1.05,True
101990961244800083,wind_speed,2026-08-15 15:00:00+00:00,0.16,0.6388927448477152,0.82,True
101990961244800083,wind_speed,2026-08-15 16:00:00+00:00,0.0,0.3070949179813545,0.16,True
101990961244800083,wind_speed,2026-08-15 17:00:00+00:00,0.0,0.04996120469939784,0.0,True
101990961244800083,wind_speed,2026-08-15 18:00:00+00:00,0.0,0.0781957940618088,0.0,True
101990961244800083,wind_speed,2026-08-15 19:00:00+00:00,0.1399999999999999,0.12185504037748232,0.0,True
101990961244800083,wind_speed,2026-08-15 20:00:00+00:00,0.5,0.07524546369084148,0.1399999999999999,True
101990961244800083,wind_speed,2026-08-15 21:00:00+00:00,0.0,0.20217619828244582,0.5,True
101990961244800083,wind_speed,2026-08-15 22:00:00+00:00,,0.17093412784142642,0.0,False
101990961244800083,wind_speed,2026-08-15 23:00:00+00:00,,0.1442846438743045,,False
101990961244800083,wind_speed,2026-08-16 00:00:00+00:00,,0.1426034330063648,,False
101990961244800083,wind_speed,2026-08-16 01:00:00+00:00,,0.12581721378031924,,False
101990961244800083,wind_speed,2026-08-16 02:00:00+00:00,,0.13832673752697427,,False
101990961244800083,wind_speed,2026-08-16 03:00:00+00:00,,0.20941896057541654,,False
101990961244800083,wind_speed,2026-08-16 04:00:00+00:00,0.0,0.18677661640542692,,False
101990961244800083,wind_speed,2026-08-16 05:00:00+00:00,0.6,0.3738872521124632,0.0,True
101990961244800083,wind_speed,2026-08-16 06:00:00+00:00,1.52,0.5972817447012981,0.6,True
101990961244800083,wind_speed,2026-08-16 07:00:00+00:00,0.625,0.8568616386769503,1.52,True
101990961244800083,wind_speed,2026-08-16 08:00:00+00:00,0.25,0.7576649360400654,0.625,True
101990961244800083,wind_speed,2026-08-16 09:00:00+00:00,1.64,0.47407824725353825,0.25,True
101990961244800083,wind_speed,2026-08-16 10:00:00+00:00,0.925,0.8140430836944372,1.64,True
101990961244800083,wind_speed,2026-08-16 11:00:00+00:00,0.8,0.8092252641419373,0.925,True
101990961244800083,wind_speed,2026-08-16 12:00:00+00:00,1.7833333333333332,0.6912095174439576,0.8,True
101990961244800083,wind_speed,2026-08-16 13:00:00+00:00,1.1333333333333333,1.1233463393775351,1.7833333333333332,True
101990961244800083,wind_speed,2026-08-16 14:00:00+00:00,0.0,0.838425498375627,1.1333333333333333,True
101990961244800083,wind_speed,2026-08-16 15:00:00+00:00,0.175,0.4427250284124684,0.0,True
101990961244800083,wind_speed,2026-08-16 16:00:00+00:00,0.0,0.22637197693868394,0.175,True
101990961244800083,wind_speed,2026-08-16 17:00:00+00:00,0.0,0.03480799138086869,0.0,True
101990961244800083,wind_speed,2026-08-16 18:00:00+00:00,0.0,0.06962748927048759,0.0,True
101990961244800083,wind_speed,2026-08-16 19:00:00+00:00,0.575,0.11864310441726883,0.0,True
101990961244800083,wind_speed,2026-08-16 20:00:00+00:00,0.0,0.2421249331363463,0.575,True
101990961244800083,wind_speed,2026-08-16 21:00:00+00:00,0.0,0.0931565429248402,0.0,True
101990961244800083,wind_speed,2026-08-16 22:00:00+00:00,,0.13464229139162037,0.0,False
101990961244800083,wind_speed,2026-08-16 23:00:00+00:00,,0.12009788009676814,,False
101990961244800083,wind_speed,2026-08-17 00:00:00+00:00,,0.1268536913910283,,False
101990961244800083,wind_speed,2026-08-17 01:00:00+00:00,,0.11611522276256875,,False
101990961244800083,wind_speed,2026-08-17 02:00:00+00:00,,0.1332016532104986,,False
101990961244800083,wind_speed,2026-08-17 03:00:00+00:00,,0.20809356773179358,,False
101990961244800083,wind_speed,2026-08-17 04:00:00+00:00,0.0,0.17243954924670243,,False
101990961244800083,wind_speed,2026-08-17 05:00:00+00:00,0.8500000000000001,0.4048200916011712,0.0,True
101990961244800083,wind_speed,2026-08-17 06:00:00+00:00,0.8333333333333334,0.7347824674091581,0.8500000000000001,True
101990961244800083,wind_speed,2026-08-17 07:00:00+00:00,0.6,0.6870831575817651,0.8333333333333334,True
101990961244800083,wind_speed,2026-08-17 08:00:00+00:00,0.975,0.6427993989206127,0.6,True
101990961244800083,wind_speed,2026-08-17 09:00:00+00:00,0.0,0.7706474571738561,0.975,True
101990961244800083,wind_speed,2026-08-17 10:00:00+00:00,1.6,0.43510219467120637,0.0,True
101990961244800083,wind_speed,2026-08-17 11:00:00+00:00,0.675,0.8386655211575567,1.6,True
101990961244800083,wind_speed,2026-08-17 12:00:00+00:00,2.92,0.7683509061530083,0.675,True
101990961244800083,wind_speed,2026-08-17 13:00:00+00:00,0.375,1.4137802395783898,2.92,True
101990961244800083,wind_speed,2026-08-17 14:00:00+00:00,0.7250000000000001,0.6624184508773798,0.375,True
101990961244800083,wind_speed,2026-08-17 15:00:00+00:00,0.3,0.6088936570577853,0.7250000000000001,True
101990961244800083,wind_speed,2026-08-17 16:00:00+00:00,0.0,0.3227125018116109,0.3,True
101990961244800083,wind_speed,2026-08-17 17:00:00+00:00,0.3999999999999999,0.07533926955680435,0.0,True
101990961244800083,wind_speed,2026-08-17 18:00:00+00:00,0.225,0.19557314972660853,0.3999999999999999,True
101990961244800083,wind_speed,2026-08-17 19:00:00+00:00,0.36,0.27476705104820476,0.225,True
101990961244800083,wind_speed,2026-08-17 20:00:00+00:00,0.0,0.18419516926465973,0.36,True
101990961244800083,wind_speed,2026-08-17 21:00:00+00:00,0.0,0.08766006597263816,0.0,True
101990961244800083,wind_speed,2026-08-17 22:00:00+00:00,,0.13227175221097204,0.0,False
101990961244800083,wind_speed,2026-08-17 23:00:00+00:00,,0.1184513232511675,,False
101990961244800083,wind_speed,2026-08-18 00:00:00+00:00,,0.12568129405558856,,False
101990961244800083,wind_speed,2026-08-18 01:00:00+00:00,,0.11523848349020871,,False
101990961244800083,wind_speed,2026-08-18 02:00:00+00:00,,0.13248800190188711,,False
101990961244800083,wind_speed,2026-08-18 03:00:00+00:00,,0.2074347797017331,,False
101990961244800083,wind_speed,2026-08-18 04:00:00+00:00,1.1,0.16329820075456514,,False
101990961244800083,wind_speed,2026-08-18 05:00:00+00:00,1.4,0.7988167371709756,1.1,True
101990961244800083,wind_speed,2026-08-18 06:00:00+00:00,1.275,0.9990224343213617,1.4,True
101990961244800083,wind_speed,2026-08-18 07:00:00+00:00,1.98,0.9341916005472924,1.275,True
101990961244800083,wind_speed,2026-08-18 08:00:00+00:00,0.775,1.1822050992004975,1.98,True
101990961244800083,wind_speed,2026-08-18 09:00:00+00:00,0.95,0.7811359209643525,0.775,True
101990961244800083,wind_speed,2026-08-18 10:00:00+00:00,0.2857142857142857,0.8583697629881235,0.95,True
101990961244800083,wind_speed,2026-08-18 11:00:00+00:00,0.0,0.5835510547782738,0.2857142857142857,True
101990961244800083,wind_speed,2026-08-18 12:00:00+00:00,0.675,0.6267004666958784,0.0,True
101990961244800083,wind_speed,2026-08-18 13:00:00+00:00,0.0,0.5760914982644154,0.675,True
101990961244800083,wind_speed,2026-08-18 14:00:00+00:00,2.8,0.30664570133375113,0.0,True
101990961244800083,wind_speed,2026-08-18 15:00:00+00:00,0.45,1.0149081553343766,2.8,True
101990961244800083,wind_speed,2026-08-18 16:00:00+00:00,0.5,0.5147009363537631,0.45,True
101990961244800083,wind_speed,2026-08-18 17:00:00+00:00,0.0,0.3300795779334843,0.5,True
101990961244800083,wind_speed,2026-08-18 18:00:00+00:00,0.2,0.1789704222380148,0.0,True
101990961244800083,wind_speed,2026-08-18 19:00:00+00:00,0.0,0.24477676915218155,0.2,True
101990961244800083,wind_speed,2026-08-18 20:00:00+00:00,0.0,0.06975214186624529,0.0,True
101990961244800083,wind_speed,2026-08-18 21:00:00+00:00,,0.04093942270161127,0.0,False
101990961244800083,wind_speed,2026-08-18 22:00:00+00:00,,0.1309134838597374,,False
101990961244800083,wind_speed,2026-08-18 23:00:00+00:00,,0.1220815008633181,,False
101990961244800083,wind_speed,2026-08-19 00:00:00+00:00,,0.13485064026414723,,False
101990961244800083,wind_speed,2026-08-19 01:00:00+00:00,,0.1313387216759203,,False
101990961244800083,wind_speed,2026-08-19 02:00:00+00:00,,0.15796006671509893,,False
101990961244800083,wind_speed,2026-08-19 03:00:00+00:00,,0.24614149090745574,,False
101990961244800083,wind_speed,2026-08-19 04:00:00+00:00,0.7,0.26188218155311405,,False
101990961244800083,wind_speed,2026-08-19 05:00:00+00:00,1.225,0.7006475969507322,0.7,True
101990961244800083,wind_speed,2026-08-19 06:00:00+00:00,1.75,0.9153858311114695,1.225,True
101990961244800083,wind_speed,2026-08-19 07:00:00+00:00,1.6,1.1291948814302066,1.75,True
101990961244800083,wind_speed,2026-08-19 08:00:00+00:00,0.7000000000000001,1.06025589025846,1.6,True
101990961244800083,wind_speed,2026-08-19 09:00:00+00:00,,0.7814828106994254,0.7000000000000001,False
101990961244800083,wind_speed,2026-08-19 10:00:00+00:00,1.2000000000000002,0.6831857941081932,,False
101990961244800083,wind_speed,2026-08-19 11:00:00+00:00,1.7000000000000002,0.7829682063335888,1.2000000000000002,True
101990961244800083,wind_speed,2026-08-19 12:00:00+00:00,0.0,1.1032646097822827,1.7000000000000002,True
101990961244800083,wind_speed,2026-08-19 13:00:00+00:00,,0.614944298875713,0.0,False
101990961244800083,wind_speed,2026-08-19 14:00:00+00:00,1.0,0.722538840902089,,False
101990961244800083,wind_speed,2026-08-19 15:00:00+00:00,,0.558078405036061,1.0,False
101990961244800083,wind_speed,2026-08-19 16:00:00+00:00,,0.3916275997238967,,False
101990961244800083,wind_speed,2026-08-19 17:00:00+00:00,0.0,0.19980866152167512,,False
101990961244800083,wind_speed,2026-08-19 18:00:00+00:00,0.0,0.13729348981941394,0.0,True
101990961244800083,wind_speed,2026-08-19 19:00:00+00:00,0.0,0.14309266362488665,0.0,True
101990961244800083,wind_speed,2026-08-19 20:00:00+00:00,0.0,0.042850994815392576,0.0,True
101990961244800083,wind_speed,2026-08-19 21:00:00+00:00,,0.035302455117774884,0.0,False
101990961244800083,wind_speed,2026-08-19 22:00:00+00:00,,0.12510384465326788,,False
101990961244800083,wind_speed,2026-08-19 23:00:00+00:00,,0.11865362672542948,,False
101990961244800083,wind_speed,2026-08-20 00:00:00+00:00,,0.13328472689629878,,False
101990961244800083,wind_speed,2026-08-20 01:00:00+00:00,,0.13139747448924863,,False
101990961244800083,wind_speed,2026-08-20 02:00:00+00:00,,0.15965229998405367,,False
101990961244800083,wind_speed,2026-08-20 03:00:00+00:00,,0.2497238305475451,,False
101990961244800083,wind_speed,2026-08-20 04:00:00+00:00,,0.2580877930096336,,False
101990961244800083,wind_speed,2026-08-20 05:00:00+00:00,,0.5733153045354038,,False
101990961244800083,wind_speed,2026-08-20 06:00:00+00:00,,0.7345308496609704,,False
101990961244800083,wind_speed,2026-08-20 07:00:00+00:00,,0.739630631171323,,False
101990961244800083,wind_speed,2026-08-20 08:00:00+00:00,,0.6513907435915997,,False
101990961244800083,wind_speed,2026-08-20 09:00:00+00:00,0.8,0.6212403436053924,,False
101990961244800083,wind_speed,2026-08-20 10:00:00+00:00,0.8,0.6957141849248113,0.8,True
101990961244800083,wind_speed,2026-08-20 11:00:00+00:00,0.35,0.7454934833740673,0.8,True
101990961244800083,wind_speed,2026-08-20 12:00:00+00:00,0.35,0.5546225604912894,0.35,True
101990961244800083,wind_speed,2026-08-20 13:00:00+00:00,1.1,0.5731670386327575,0.35,True
101990961244800083,wind_speed,2026-08-20 14:00:00+00:00,0.0,0.7310340609012335,1.1,True
101990961244800083,wind_speed,2026-08-20 15:00:00+00:00,0.0,0.33561219679123644,0.0,True
101990961244800083,wind_speed,2026-08-20 16:00:00+00:00,0.7,0.13272491348394982,0.0,True
101990961244800083,wind_speed,2026-08-20 17:00:00+00:00,0.0,0.18368608757634847,0.7,True
101990961244800083,wind_speed,2026-08-20 18:00:00+00:00,0.0,0.12589839659958266,0.0,True
101990961244800083,wind_speed,2026-08-20 19:00:00+00:00,0.0,0.14306096701619017,0.0,True
101990961244800083,wind_speed,2026-08-20 20:00:00+00:00,,0.04345007976836284,0.0,False
101990961244800083,wind_speed,2026-08-20 21:00:00+00:00,,0.047200603948849666,,False
101990961244800083,wind_speed,2026-08-20 22:00:00+00:00,,0.1320485800785127,,False
101990961244800083,wind_speed,2026-08-20 23:00:00+00:00,,0.12187896438957323,,False
101990961244800083,wind_speed,2026-08-21 00:00:00+00:00,,0.13327978677252367,,False
101990961244800083,wind_speed,2026-08-21 01:00:00+00:00,,0.12816150715794303,,False
101990961244800083,wind_speed,2026-08-21 02:00:00+00:00,,0.15269457352991506,,False
101990961244800083,wind_speed,2026-08-21 03:00:00+00:00,,0.23798921089826042,,False
101990961244800083,wind_speed,2026-08-21 04:00:00+00:00,,0.23665850904441824,,False
101990961244800083,wind_speed,2026-08-21 05:00:00+00:00,,0.5410152500698755,,False
101990961244800083,wind_speed,2026-08-21 06:00:00+00:00,,0.6835609126235741,,False
101990961244800083,wind_speed,2026-08-21 07:00:00+00:00,0.7,0.6976524075866755,,False
101990961244800083,wind_speed,2026-08-21 08:00:00+00:00,0.8,0.6542207439646794,0.7,True
101990961244800083,wind_speed,2026-08-21 09:00:00+00:00,,0.6619401406377824,0.8,False
101990961244800083,wind_speed,2026-08-21 10:00:00+00:00,1.15,0.6509462567124552,,False
101990961244800083,wind_speed,2026-08-21 11:00:00+00:00,,0.766510106873638,1.15,False
101990961244800083,wind_speed,2026-08-21 12:00:00+00:00,1.0,0.7449897372817236,,False
101990961244800083,wind_speed,2026-08-21 13:00:00+00:00,1.1,0.8729753051319588,1.0,True
101990961244800083,wind_speed,2026-08-21 14:00:00+00:00,0.5666666666666668,0.7484494523968237,1.1,True
101990961244800083,wind_speed,2026-08-21 15:00:00+00:00,0.0,0.5077505540291543,0.5666666666666668,True
101990961244800083,wind_speed,2026-08-21 16:00:00+00:00,0.0,0.2674903657518338,0.0,True
101990961244800083,wind_speed,2026-08-21 17:00:00+00:00,0.0,0.012552466948086153,0.0,True
101990961244800083,wind_speed,2026-08-21 18:00:00+00:00,,0.05550354426300936,0.0,False
101990961244800083,wind_speed,2026-08-21 19:00:00+00:00,,0.12694694656915545,,False
101990961244800083,wind_speed,2026-08-21 20:00:00+00:00,,0.07714089430001614,,False
101990961244800083,wind_speed,2026-08-21 21:00:00+00:00,,0.06915756730081372,,False
101990961244800083,wind_speed,2026-08-21 22:00:00+00:00,,0.14694979707957595,,False
101990961244800083,wind_speed,2026-08-21 23:00:00+00:00,,0.131993687144362,,False
101990961244800083,wind_speed,2026-08-22 00:00:00+00:00,,0.14014190548865307,,False
101990961244800083,wind_speed,2026-08-22 01:00:00+00:00,,0.13281165694482094,,False
101990961244800083,wind_speed,2026-08-22 02:00:00+00:00,,0.15583794623172306,,False
101990961244800083,wind_speed,2026-08-22 03:00:00+00:00,,0.24010249666163497,,False
101990961244800083,wind_speed,2026-08-22 04:00:00+00:00,,0.23789732250196025,,False
101990961244800083,wind_speed,2026-08-22 05:00:00+00:00,0.0,0.5416746855161622,,False
101990961244800083,wind_speed,2026-08-22 06:00:00+00:00,1.9,0.5047196124768597,0.0,True
101990961244800083,wind_speed,2026-08-22 07:00:00+00:00,,0.9717702589510622,1.9,False
101990961244800083,wind_speed,2026-08-22 08:00:00+00:00,,0.8529969018205059,,False
101990961244800083,wind_speed,2026-08-22 09:00:00+00:00,1.0,0.7554596245891143,,False
101990961244800083,wind_speed,2026-08-22 10:00:00+00:00,0.85,0.8253425811873853,1.0,True
101990961244800083,wind_speed,2026-08-22 11:00:00+00:00,0.5,0.7465053951145674,0.85,True
101990961244800083,wind_speed,2026-08-22 12:00:00+00:00,0.8,0.6864638427714131,0.5,True
101990961244800083,wind_speed,2026-08-22 13:00:00+00:00,1.1666666666666667,0.7675607664828894,0.8,True
101990961244800083,wind_speed,2026-08-22 14:00:00+00:00,0.0,0.7439485393331433,1.1666666666666667,True
101990961244800083,wind_speed,2026-08-22 15:00:00+00:00,,0.3111223346340493,0.0,False
101990961244800083,wind_speed,2026-08-22 16:00:00+00:00,0.0,0.23738474907336027,,False
101990961244800083,wind_speed,2026-08-22 17:00:00+00:00,0.7666666666666666,0.022130102182926277,0.0,True
101990961244800083,wind_speed,2026-08-22 18:00:00+00:00,0.7,0.2807082866710562,0.7666666666666666,True
101990961244800083,wind_speed,2026-08-22 19:00:00+00:00,0.0,0.4024004640463871,0.7,True
101990961244800083,wind_speed,2026-08-22 20:00:00+00:00,,0.148588338422722,0.0,False
101990961244800083,wind_speed,2026-08-22 21:00:00+00:00,,0.11759998819011176,,False
101990961244800083,wind_speed,2026-08-22 22:00:00+00:00,,0.1798119756497528,,False
101990961244800083,wind_speed,2026-08-22 23:00:00+00:00,,0.1542596997697689,,False
101990961244800083,wind_speed,2026-08-23 00:00:00+00:00,,0.15518837533481708,,False
101990961244800083,wind_speed,2026-08-23 01:00:00+00:00,,0.1429203630777337,,False
101990961244800083,wind_speed,2026-08-23 02:00:00+00:00,,0.16254187019063102,,False
101990961244800083,wind_speed,2026-08-23 03:00:00+00:00,,0.24441828358091097,,False
101990961244800083,wind_speed,2026-08-23 04:00:00+00:00,,0.24046154958472762,,False
101990961244800083,wind_speed,2026-08-23 05:00:00+00:00,,0.49001466560228835,,False
101990961244800083,wind_speed,2026-08-23 06:00:00+00:00,,0.7994988845784743,,False
101990961244800083,wind_speed,2026-08-23 07:00:00+00:00,,0.7232844446779324,,False
101990961244800083,wind_speed,2026-08-23 08:00:00+00:00,,0.6809592964684641,,False
101990961244800083,wind_speed,2026-08-23 09:00:00+00:00,0.5,0.6522585554460368,,False
101990961244800083,wind_speed,2026-08-23 10:00:00+00:00,,0.6016679678291623,0.5,False
101990961244800083,wind_speed,2026-08-23 11:00:00+00:00,,0.570146355279499,,False
101990961244800083,wind_speed,2026-08-23 12:00:00+00:00,1.75,0.6453515140877839,,False
101990961244800083,wind_speed,2026-08-23 13:00:00+00:00,1.2,1.0875969431149852,1.75,True
101990961244800083,wind_speed,2026-08-23 14:00:00+00:00,,0.8163250233461741,1.2,False
101990961244800083,wind_speed,2026-08-23 15:00:00+00:00,,0.6183345153890287,,False
101990961244800083,wind_speed,2026-08-23 16:00:00+00:00,1.0,0.4246476381430812,,False
101990961244800083,wind_speed,2026-08-23 17:00:00+00:00,0.0,0.47735698779493785,1.0,True
101990961244800083,wind_speed,2026-08-23 18:00:00+00:00,,0.2538783612885475,0.0,False
101990961244800083,wind_speed,2026-08-23 19:00:00+00:00,,0.21365644350541318,,False
101990961244800083,wind_speed,2026-08-23 20:00:00+00:00,,0.14803144402449175,,False
101990961244800083,wind_speed,2026-08-23 21:00:00+00:00,,0.11722160861087828,,False
101990961244800083,wind_speed,2026-08-23 22:00:00+00:00,,0.17954859597998624,,False
101990961244800083,wind_speed,2026-08-23 23:00:00+00:00,,0.15407140224698943,,False
101990961244800083,wind_speed,2026-08-24 00:00:00+00:00,,0.1550466048353511,,False
101990961244800083,wind_speed,2026-08-24 01:00:00+00:00,,0.1428036205080174,,False
101990961244800083,wind_speed,2026-08-24 02:00:00+00:00,,0.1624324514642081,,False
101990961244800083,wind_speed,2026-08-24 03:00:00+00:00,,0.24429959542879262,,False
101990961244800083,wind_speed,2026-08-24 04:00:00+00:00,,0.24031705985483784,,False
101990961244800083,wind_speed,2026-08-24 05:00:00+00:00,1.1,0.5159884955843198,,False
101990961244800083,wind_speed,2026-08-24 06:00:00+00:00,0.0,0.9350948924066665,1.1,True
101990961244800083,wind_speed,2026-08-24 07:00:00+00:00,1.0,0.5711296025364836,0.0,True
101990961244800083,wind_speed,2026-08-24 08:00:00+00:00,0.0,0.6965440964008136,1.0,True
101990961244800083,wind_speed,2026-08-24 09:00:00+00:00,,0.4446111243920496,0.0,False
101990961244800083,wind_speed,2026-08-24 10:00:00+00:00,1.34,0.5360599151256978,,False
101990961244800083,wind_speed,2026-08-24 11:00:00+00:00,1.025,0.8048364720594536,1.34,True
101990961244800083,wind_speed,2026-08-24 12:00:00+00:00,0.0,0.9314683961635504,1.025,True
101990961244800083,wind_speed,2026-08-24 13:00:00+00:00,,0.6214710493497096,0.0,False
101990961244800083,wind_speed,2026-08-24 14:00:00+00:00,2.333333333333333,0.5137491424070404,,False
101990961244800083,wind_speed,2026-08-24 15:00:00+00:00,1.0,0.9657536323949665,2.333333333333333,True
101990961244800083,wind_speed,2026-08-24 16:00:00+00:00,0.0,0.7241874136216457,1.0,True
101990961244800083,wind_speed,2026-08-24 17:00:00+00:00,0.0,0.192224193177154,0.0,True
101990961244800083,wind_speed,2026-08-24 18:00:00+00:00,,0.15426870181087698,0.0,False
101990961244800083,wind_speed,2026-08-24 19:00:00+00:00,,0.1733129764018757,,False
101990961244800083,wind_speed,2026-08-24 20:00:00+00:00,,0.11317177881309717,,False
101990961244800083,wind_speed,2026-08-24 21:00:00+00:00,,0.09382585911504096,,False
101990961244800083,wind_speed,2026-08-24 22:00:00+00:00,,0.1640736514786781,,False
101990961244800083,wind_speed,2026-08-24 23:00:00+00:00,,0.14417042414780926,,False
101990961244800083,wind_speed,2026-08-25 00:00:00+00:00,,0.14921811780177316,,False
101990961244800083,wind_speed,2026-08-25 01:00:00+00:00,,0.14016374338066864,,False
101990961244800083,wind_speed,2026-08-25 02:00:00+00:00,,0.16258084638475412,,False
101990961244800083,wind_speed,2026-08-25 03:00:00+00:00,,0.24725876635921074,,False
101990961244800083,wind_speed,2026-08-25 04:00:00+00:00,,0.24654070615984264,,False
101990961244800083,wind_speed,2026-08-25 05:00:00+00:00,,0.5718469012559277,,False
101990961244800083,wind_speed,2026-08-25 06:00:00+00:00,,0.6663907348420121,,False
101990961244800083,wind_speed,2026-08-25 07:00:00+00:00,,0.7348732632269595,,False
101990961244800083,wind_speed,2026-08-25 08:00:00+00:00,,0.6036850731765737,,False
101990961244800083,wind_speed,2026-08-25 09:00:00+00:00,,0.6286723241686709,,False
101990961244800083,wind_speed,2026-08-25 10:00:00+00:00,,0.7103015795170966,,False
101990961244800083,wind_speed,2026-08-25 11:00:00+00:00,,0.658571038641452,,False
101990961244800083,wind_speed,2026-08-25 12:00:00+00:00,,0.6376857617254282,,False
101990961244800083,wind_speed,2026-08-25 13:00:00+00:00,,0.7674447407340321,,False
101990961244800083,wind_speed,2026-08-25 14:00:00+00:00,,0.7541200608054781,,False
101990961244800083,wind_speed,2026-08-25 15:00:00+00:00,,0.5053025866044433,,False
101990961244800083,wind_speed,2026-08-25 16:00:00+00:00,,0.31416769137440664,,False
101990961244800083,wind_speed,2026-08-25 17:00:00+00:00,,0.1567231503317988,,False
101990961244800083,wind_speed,2026-08-25 18:00:00+00:00,,0.18112761104545422,,False
101990961244800083,wind_speed,2026-08-25 19:00:00+00:00,,0.1929159922617218,,False
101990961244800083,wind_speed,2026-08-25 20:00:00+00:00,,0.12598260549176457,,False
101990961244800083,wind_speed,2026-08-25 21:00:00+00:00,,0.1023812582700122,,False
101990961244800083,wind_speed,2026-08-25 22:00:00+00:00,,0.16967105323105602,,False
101990961244800083,wind_speed,2026-08-25 23:00:00+00:00,,0.14765867040835873,,False
101990961244800083,wind_speed,2026-08-26 00:00:00+00:00,,0.15112619853725565,,False
101990961244800083,wind_speed,2026-08-26 01:00:00+00:00,,0.1407810176240906,,False
101990961244800083,wind_speed,2026-08-26 02:00:00+00:00,,0.16200092331881671,,False
101990961244800083,wind_speed,2026-08-26 03:00:00+00:00,,0.24539370107966682,,False
101990961244800083,wind_speed,2026-08-26 04:00:00+00:00,,0.2431076616346169,,False
101990961244800083,wind_speed,2026-08-26 05:00:00+00:00,0.0,0.544524442401513,,False
101990961244800083,wind_speed,2026-08-26 06:00:00+00:00,,0.5216598016519369,0.0,False
101990961244800083,wind_speed,2026-08-26 07:00:00+00:00,,0.5990183598989397,,False
101990961244800083,wind_speed,2026-08-26 08:00:00+00:00,0.35,0.5526948022026588,,False
101990961244800083,wind_speed,2026-08-26 09:00:00+00:00,1.0,0.506277977096119,0.35,True
101990961244800083,wind_speed,2026-08-26 10:00:00+00:00,1.0,0.7360024447912425,1.0,True
101990961244800083,wind_speed,2026-08-26 11:00:00+00:00,,0.7534853618844414,1.0,False
101990961244800083,wind_speed,2026-08-26 12:00:00+00:00,0.675,0.7486848134725945,,False
101990961244800083,wind_speed,2026-08-26 13:00:00+00:00,0.0,0.7817996571285002,0.675,True
101990961244800083,wind_speed,2026-08-26 14:00:00+00:00,0.7,0.4691279216369505,0.0,True
101990961244800083,wind_speed,2026-08-26 15:00:00+00:00,0.7,0.40685686179132197,0.7,True
101990961244800083,wind_speed,2026-08-26 16:00:00+00:00,0.0,0.3632935045949823,0.7,True
101990961244800083,wind_speed,2026-08-26 17:00:00+00:00,0.0,0.08519896378138386,0.0,True
101990961244800083,wind_speed,2026-08-26 18:00:00+00:00,0.0,0.10433967803402835,0.0,True
101990961244800083,wind_speed,2026-08-26 19:00:00+00:00,0.0,0.11133142103902399,0.0,True
101990961244800083,wind_speed,2026-08-26 20:00:00+00:00,,0.038941431185394726,0.0,False
101990961244800083,wind_speed,2026-08-26 21:00:00+00:00,,0.042642266909751037,,False
101990961244800083,wind_speed,2026-08-26 22:00:00+00:00,,0.12818490812792196,,False
101990961244800083,wind_speed,2026-08-26 23:00:00+00:00,,0.11813403879777387,,False
101990961244800083,wind_speed,2026-08-27 00:00:00+00:00,,0.12908569184983815,,False
101990961244800083,wind_speed,2026-08-27 01:00:00+00:00,,0.1228822086646365,,False
101990961244800083,wind_speed,2026-08-27 02:00:00+00:00,,0.14552947126195936,,False
101990961244800083,wind_speed,2026-08-27 03:00:00+00:00,,0.22785172240708396,,False
101990961244800083,wind_speed,2026-08-27 04:00:00+00:00,,0.22183208844456095,,False
101990961244800083,wind_speed,2026-08-27 05:00:00+00:00,,0.4883631794724744,,False
101990961244800083,wind_speed,2026-08-27 06:00:00+00:00,,0.6848657242492119,,False
101990961244800083,wind_speed,2026-08-27 07:00:00+00:00,,0.7078265594359405,,False
101990961244800083,wind_speed,2026-08-27 08:00:00+00:00,,0.6086654537122845,,False
101990961244800083,wind_speed,2026-08-27 09:00:00+00:00,,0.6619237985608525,,False
101990961244800083,wind_speed,2026-08-27 10:00:00+00:00,,0.7048564895133806,,False
101990961244800083,wind_speed,2026-08-27 11:00:00+00:00,,0.6406566727233166,,False
101990961244800083,wind_speed,2026-08-27 12:00:00+00:00,,0.673409071778468,,False
101990961244800083,wind_speed,2026-08-27 13:00:00+00:00,,0.6822048212947144,,False
101990961244800083,wind_speed,2026-08-27 14:00:00+00:00,,0.6698450753005203,,False
101990961244800083,wind_speed,2026-08-27 15:00:00+00:00,0.0,0.49899944783137246,,False
101990961244800083,wind_speed,2026-08-27 16:00:00+00:00,,0.13707698227426077,0.0,False
101990961244800083,wind_speed,2026-08-27 17:00:00+00:00,0.0,0.038799224354782835,,False
101990961244800083,wind_speed,2026-08-27 18:00:00+00:00,,0.07757583019516837,0.0,False
101990961244800083,wind_speed,2026-08-27 19:00:00+00:00,,0.11589161068612501,,False
101990961244800083,wind_speed,2026-08-27 20:00:00+00:00,,0.07766014832627666,,False
101990961244800083,wind_speed,2026-08-27 21:00:00+00:00,,0.06922785930327505,,False
101990961244800083,wind_speed,2026-08-27 22:00:00+00:00,,0.1466724195171259,,False
101990961244800083,wind_speed,2026-08-27 23:00:00+00:00,,0.13132708655960906,,False
101990961244800083,wind_speed,2026-08-28 00:00:00+00:00,,0.13898499192276564,,False
101990961244800083,wind_speed,2026-08-28 01:00:00+00:00,,0.13098898259117972,,False
101990961244800083,wind_speed,2026-08-28 02:00:00+00:00,,0.1530731053128785,,False
101990961244800083,wind_speed,2026-08-28 03:00:00+00:00,,0.23597620310963802,,False
101990961244800083,wind_speed,2026-08-28 04:00:00+00:00,,0.23176951279656796,,False
101990961244800083,wind_speed,2026-08-28 05:00:00+00:00,,0.5149099795061451,,False
101990961244800083,wind_speed,2026-08-28 06:00:00+00:00,,0.693502290179851,,False
101990961244800083,wind_speed,2026-08-28 07:00:00+00:00,,0.7128876165835001,,False
101990961244800083,wind_speed,2026-08-28 08:00:00+00:00,,0.6212464277037183,,False
101990961244800083,wind_speed,2026-08-28 09:00:00+00:00,,0.6423083714155419,,False
101990961244800083,wind_speed,2026-08-28 10:00:00+00:00,,0.6864078585026615,,False
101990961244800083,wind_speed,2026-08-28 11:00:00+00:00,,0.6348792537049031,,False
101990961244800083,wind_speed,2026-08-28 12:00:00+00:00,,0.6666752929480132,,False
101990961244800083,wind_speed,2026-08-28 13:00:00+00:00,,0.7082363433012241,,False
101990961244800083,wind_speed,2026-08-28 14:00:00+00:00,,0.6535917599717989,,False
101990961244800083,wind_speed,2026-08-28 15:00:00+00:00,,0.4436340236353779,,False
101990961244800083,wind_speed,2026-08-28 16:00:00+00:00,,0.30241031380408334,,False
101990961244800083,wind_speed,2026-08-28 17:00:00+00:00,,0.14545127091699522,,False
101990961244800083,wind_speed,2026-08-28 18:00:00+00:00,,0.1667019228116955,,False
101990961244800083,wind_speed,2026-08-28 19:00:00+00:00,,0.17974125694924004,,False
101990961244800083,wind_speed,2026-08-28 20:00:00+00:00,,0.11892248004380288,,False
101990961244800083,wind_speed,2026-08-28 21:00:00+00:00,,0.09727077636852978,,False
101990961244800083,wind_speed,2026-08-28 22:00:00+00:00,,0.1657486095740751,,False
101990961244800083,wind_speed,2026-08-28 23:00:00+00:00,,0.14432943972851844,,False
101990961244800083,wind_speed,2026-08-29 00:00:00+00:00,,0.14788530544984177,,False
101990961244800083,wind_speed,2026-08-29 01:00:00+00:00,,0.1371369824433366,,False
101990961244800083,wind_speed,2026-08-29 02:00:00+00:00,,0.15740113112284884,,False
101990961244800083,wind_speed,2026-08-29 03:00:00+00:00,,0.23914059679205435,,False
101990961244800083,wind_speed,2026-08-29 04:00:00+00:00,,0.23425015231393917,,False
101990961244800083,wind_speed,2026-08-29 05:00:00+00:00,0.0,0.5177820006757168,,False
101990961244800083,wind_speed,2026-08-29 06:00:00+00:00,,0.5239140674506404,0.0,False
101990961244800083,wind_speed,2026-08-29 07:00:00+00:00,,0.5981597042139503,,False
101990961244800083,wind_speed,2026-08-29 08:00:00+00:00,0.7666666666666666,0.5443148758630365,,False
101990961244800083,wind_speed,2026-08-29 09:00:00+00:00,1.0333333333333334,0.6608134336222252,0.7666666666666666,True
101990961244800083,wind_speed,2026-08-29 10:00:00+00:00,0.0,0.8062636957487148,1.0333333333333334,True
101990961244800083,wind_speed,2026-08-29 11:00:00+00:00,0.0,0.4915901565992514,0.0,True
101990961244800083,wind_speed,2026-08-29 12:00:00+00:00,0.7,0.43421876087133515,0.0,True
101990961244800083,wind_speed,2026-08-29 13:00:00+00:00,0.875,0.6297633162604424,0.7,True
101990961244800083,wind_speed,2026-08-29 14:00:00+00:00,0.6,0.6717277020051579,0.875,True
101990961244800083,wind_speed,2026-08-29 15:00:00+00:00,0.0,0.45380779712703917,0.6,True
101990961244800083,wind_speed,2026-08-29 16:00:00+00:00,0.8500000000000001,0.17583025258878698,0.0,True
101990961244800083,wind_speed,2026-08-29 17:00:00+00:00,0.0,0.24935729194895342,0.8500000000000001,True
101990961244800083,wind_speed,2026-08-29 18:00:00+00:00,0.0,0.1667708685773563,0.0,True
101990961244800083,wind_speed,2026-08-29 19:00:00+00:00,0.0,0.1329864703493547,0.0,True
101990961244800083,wind_speed,2026-08-29 20:00:00+00:00,0.0,0.049407538845109074,0.0,True
101990961244800083,wind_speed,2026-08-29 21:00:00+00:00,,0.03566700198079517,0.0,False
101990961244800083,wind_speed,2026-08-29 22:00:00+00:00,,0.12310350225147719,,False
101990961244800083,wind_speed,2026-08-29 23:00:00+00:00,,0.11417595602793672,,False
101990961244800083,wind_speed,2026-08-30 00:00:00+00:00,,0.1256506918510341,,False
101990961244800083,wind_speed,2026-08-30 01:00:00+00:00,,0.11944937591890412,,False
101990961244800083,wind_speed,2026-08-30 02:00:00+00:00,,0.14157821935627996,,False
101990961244800083,wind_speed,2026-08-30 03:00:00+00:00,,0.22278284692076553,,False
101990961244800083,wind_speed,2026-08-30 04:00:00+00:00,,0.21487318719388884,,False
101990961244800083,wind_speed,2026-08-30 05:00:00+00:00,,0.4651917424557294,,False
101990961244800083,wind_speed,2026-08-30 06:00:00+00:00,,0.6805970135053854,,False
101990961244800083,wind_speed,2026-08-30 07:00:00+00:00,0.0,0.7083308832263057,,False
101990961244800083,wind_speed,2026-08-30 08:00:00+00:00,,0.40408232204097555,0.0,False
101990961244800083,wind_speed,2026-08-30 09:00:00+00:00,,0.5230087938096721,,False
101990961244800083,wind_speed,2026-08-30 10:00:00+00:00,0.5666666666666667,0.516072145880998,,False
101990961244800083,wind_speed,2026-08-30 11:00:00+00:00,,0.5209602984734238,0.5666666666666667,False
101990961244800083,wind_speed,2026-08-30 12:00:00+00:00,0.9,0.6351815032225312,,False
101990961244800083,wind_speed,2026-08-30 13:00:00+00:00,0.0,0.7877941000508607,0.9,True
101990961244800083,wind_speed,2026-08-30 14:00:00+00:00,1.1,0.47052554559961135,0.0,True
101990961244800083,wind_speed,2026-08-30 15:00:00+00:00,0.2666666666666666,0.47511253237194173,1.1,True
101990961244800083,wind_speed,2026-08-30 16:00:00+00:00,0.0,0.33739822478561576,0.2666666666666666,True
101990961244800083,wind_speed,2026-08-30 17:00:00+00:00,0.0,0.028896385387422792,0.0,True
101990961244800083,wind_speed,2026-08-30 18:00:00+00:00,,0.07184755843262217,0.0,False
101990961244800083,wind_speed,2026-08-30 19:00:00+00:00,,0.10900226873542694,,False
101990961244800083,wind_speed,2026-08-30 20:00:00+00:00,,0.07061653394731152,,False
101990961244800083,wind_speed,2026-08-30 21:00:00+00:00,,0.0657048838828766,,False
101990961244800083,wind_speed,2026-08-30 22:00:00+00:00,,0.14337461639839658,,False
101990961244800083,wind_speed,2026-08-30 23:00:00+00:00,,0.1277543994758524,,False
101990961244800083,wind_speed,2026-08-31 00:00:00+00:00,,0.13459562553839027,,False
101990961244800083,wind_speed,2026-08-31 01:00:00+00:00,,0.12511729237951605,,False
101990961244800083,wind_speed,2026-08-31 02:00:00+00:00,,0.14482865395556488,,False
101990961244800083,wind_speed,2026-08-31 03:00:00+00:00,,0.22410872566404333,,False
101990961244800083,wind_speed,2026-08-31 04:00:00+00:00,,0.2144755408446774,,False
101990961244800083,wind_speed,2026-08-31 05:00:00+00:00,,0.4769462298487685,,False
101990961244800083,wind_speed,2026-08-31 06:00:00+00:00,,0.6659461523882493,,False
101990961244800083,wind_speed,2026-08-31 07:00:00+00:00,,0.6420543827265851,,False
101990961244800083,wind_speed,2026-08-31 08:00:00+00:00,,0.609291344354824,,False
101990961244800083,wind_speed,2026-08-31 09:00:00+00:00,,0.6494050082033851,,False
101990961244800083,wind_speed,2026-08-31 10:00:00+00:00,,0.650872974886153,,False
101990961244800083,wind_speed,2026-08-31 11:00:00+00:00,,0.603476800040527,,False
101990961244800083,wind_speed,2026-08-31 12:00:00+00:00,,0.6923478281842872,,False
101990961244800083,wind_speed,2026-08-31 13:00:00+00:00,,0.6574533803555515,,False
101990961244800083,wind_speed,2026-08-31 14:00:00+00:00,,0.7000930074715797,,False
101990961244800083,wind_speed,2026-08-31 15:00:00+00:00,,0.43303489509605486,,False
101990961244800083,wind_speed,2026-08-31 16:00:00+00:00,,0.3037787451106285,,False
101990961244800083,wind_speed,2026-08-31 17:00:00+00:00,,0.1348875541252758,,False
101990961244800083,wind_speed,2026-08-31 18:00:00+00:00,,0.15610684163130598,,False
101990961244800083,wind_speed,2026-08-31 19:00:00+00:00,,0.16938914272817285,,False
101990961244800083,wind_speed,2026-08-31 20:00:00+00:00,,0.11144548329502543,,False
101990961244800083,wind_speed,2026-08-31 21:00:00+00:00,,0.09276331826286323,,False
101990961244800083,wind_speed,2026-08-31 22:00:00+00:00,,0.1620376473942355,,False
101990961244800083,wind_speed,2026-08-31 23:00:00+00:00,,0.14085226194160505,,False
101990961244800083,wind_speed,2026-09-01 00:00:00+00:00,,0.14411460063452522,,False
101990961244800083,wind_speed,2026-09-01 01:00:00+00:00,,0.13250092564255575,,False
101990961244800083,wind_speed,2026-09-01 02:00:00+00:00,,0.15119666791157282,,False
101990961244800083,wind_speed,2026-09-01 03:00:00+00:00,,0.230426824921958,,False
101990961244800083,wind_speed,2026-09-01 04:00:00+00:00,,0.22170186048637036,,False
101990961244800083,wind_speed,2026-09-01 05:00:00+00:00,,0.48686921790042376,,False
101990961244800083,wind_speed,2026-09-01 06:00:00+00:00,,0.678057864544949,,False
101990961244800083,wind_speed,2026-09-01 07:00:00+00:00,0.0,0.6763537417764321,,False
101990961244800083,wind_speed,2026-09-01 08:00:00+00:00,,0.3969464636751751,0.0,False
101990961244800083,wind_speed,2026-09-01 09:00:00+00:00,,0.5045030348664233,,False
101990961244800083,wind_speed,2026-09-01 10:00:00+00:00,,0.5529069397732767,,False
101990961244800083,wind_speed,2026-09-01 11:00:00+00:00,0.6,0.5378482562542258,,False
101990961244800083,wind_speed,2026-09-01 12:00:00+00:00,1.0,0.6544786107277534,0.6,True
101990961244800083,wind_speed,2026-09-01 13:00:00+00:00,0.45,0.7730853319579513,1.0,True
101990961244800083,wind_speed,2026-09-01 14:00:00+00:00,0.5,0.6433302465265853,0.45,True
101990961244800083,wind_speed,2026-09-01 15:00:00+00:00,0.2666666666666666,0.3774172057498927,0.5,True
101990961244800083,wind_speed,2026-09-01 16:00:00+00:00,0.0,0.24502184686066114,0.2666666666666666,True
101990961244800083,wind_speed,2026-09-01 17:00:00+00:00,1.7,0.02262833327900246,0.0,True
101990961244800083,wind_speed,2026-09-01 18:00:00+00:00,,0.549511211802556,1.7,False
101990961244800083,wind_speed,2026-09-01 19:00:00+00:00,,0.4365607436257025,,False
101990961244800083,wind_speed,2026-09-01 20:00:00+00:00,,0.2926365868861116,,False
101990961244800083,wind_speed,2026-09-01 21:00:00+00:00,,0.21542038354264081,,False
101990961244800083,wind_speed,2026-09-01 22:00:00+00:00,,0.24484088682244529,,False
101990961244800083,wind_speed,2026-09-01 23:00:00+00:00,,0.19635872681284217,,False
101990961244800083,wind_speed,2026-09-02 00:00:00+00:00,,0.18074180534535234,,False
101990961244800083,wind_speed,2026-09-02 01:00:00+00:00,,0.15580335851418806,,False
101990961244800083,wind_speed,2026-09-02 02:00:00+00:00,,0.1647081257641736,,False
101990961244800083,wind_speed,2026-09-02 03:00:00+00:00,,0.23619631035187685,,False
101990961244800083,wind_speed,2026-09-02 04:00:00+00:00,,0.22060400009922687,,False
101990961244800083,wind_speed,2026-09-02 05:00:00+00:00,0.8,0.4790586113170673,,False
101990961244800083,wind_speed,2026-09-02 06:00:00+00:00,,0.7675182739009785,0.8,False
101990961244800083,wind_speed,2026-09-02 07:00:00+00:00,0.8,0.6857908275913873,,False
101990961244800083,wind_speed,2026-09-02 08:00:00+00:00,1.0,0.6869339773962023,0.8,True
101990961244800083,wind_speed,2026-09-02 09:00:00+00:00,0.6,0.7916313857768044,1.0,True
101990961244800083,wind_speed,2026-09-02 10:00:00+00:00,2.5,0.6965633717098716,0.6,True
101990961244800083,wind_speed,2026-09-02 11:00:00+00:00,0.6999999999999998,1.1395807172858587,2.5,True
101990961244800083,wind_speed,2026-09-02 12:00:00+00:00,0.7999999999999999,0.9486742570859742,0.6999999999999998,True
101990961244800083,wind_speed,2026-09-02 13:00:00+00:00,0.6,0.7917834615880646,0.7999999999999999,True
101990961244800083,wind_speed,2026-09-02 14:00:00+00:00,0.0,0.689507314576639,0.6,True
101990961244800083,wind_speed,2026-09-02 15:00:00+00:00,0.4666666666666666,0.25199495228496616,0.0,True
101990961244800083,wind_speed,2026-09-02 16:00:00+00:00,0.0,0.23274541195179288,0.4666666666666666,True
101990961244800083,wind_speed,2026-09-02 17:00:00+00:00,0.0,0.17744625340098286,0.0,True
101990961244800083,wind_speed,2026-09-02 18:00:00+00:00,,0.07491638767564979,0.0,False
101990961244800083,wind_speed,2026-09-02 19:00:00+00:00,,0.1145493208293471,,False
101990961244800083,wind_speed,2026-09-02 20:00:00+00:00,,0.07438164657822482,,False
101990961244800083,wind_speed,2026-09-02 21:00:00+00:00,,0.06782790144181275,,False
101990961244800083,wind_speed,2026-09-02 22:00:00+00:00,,0.14552682458524624,,False
101990961244800083,wind_speed,2026-09-02 23:00:00+00:00,,0.1302620864592807,,False
101990961244800083,wind_speed,2026-09-03 00:00:00+00:00,,0.13783908020493266,,False
101990961244800083,wind_speed,2026-09-03 01:00:00+00:00,,0.12958838221869173,,False
101990961244800083,wind_speed,2026-09-03 02:00:00+00:00,,0.151205416452806,,False
101990961244800083,wind_speed,2026-09-03 03:00:00+00:00,,0.23335819213521125,,False
101990961244800083,wind_speed,2026-09-03 04:00:00+00:00,0.0,0.22800360527594105,,False
101990961244800083,wind_speed,2026-09-03 05:00:00+00:00,0.0,0.4364419461137125,0.0,True
101990961244800083,wind_speed,2026-09-03 06:00:00+00:00,,0.5087675963724472,0.0,False
101990961244800083,wind_speed,2026-09-03 07:00:00+00:00,,0.5410006192151683,,False
101990961244800083,wind_speed,2026-09-03 08:00:00+00:00,0.8333333333333334,0.5669333388949728,,False
101990961244800083,wind_speed,2026-09-03 09:00:00+00:00,0.0,0.6733380105578239,0.8333333333333334,True
101990961244800083,wind_speed,2026-09-03 10:00:00+00:00,2.1,0.654842769745495,0.0,True
101990961244800083,wind_speed,2026-09-03 11:00:00+00:00,0.0,0.9032389430904015,2.1,True
101990961244800083,wind_speed,2026-09-03 12:00:00+00:00,1.0,0.6464791403181509,0.0,True
101990961244800083,wind_speed,2026-09-03 13:00:00+00:00,,0.7375792278937352,1.0,False
101990961244800083,wind_speed,2026-09-03 14:00:00+00:00,0.0,0.6516623429022907,,False
101990961244800083,wind_speed,2026-09-03 15:00:00+00:00,0.0,0.2652345806707215,0.0,True
101990961244800083,wind_speed,2026-09-03 16:00:00+00:00,0.0,0.08738356795581902,0.0,True
101990961244800083,wind_speed,2026-09-03 17:00:00+00:00,,0.027170753948413933,0.0,False
101990961244800083,wind_speed,2026-09-03 18:00:00+00:00,,0.0604364655371797,,False
101990961244800083,wind_speed,2026-09-03 19:00:00+00:00,,0.10434013520462512,,False
101990961244800083,wind_speed,2026-09-03 20:00:00+00:00,,0.06686834965792464,,False
101990961244800083,wind_speed,2026-09-03 21:00:00+00:00,,0.06184648519093362,,False
101990961244800083,wind_speed,2026-09-03 22:00:00+00:00,,0.1401806411626908,,False
101990961244800083,wind_speed,2026-09-03 23:00:00+00:00,,0.12474259996211182,,False
101990961244800083,wind_speed,2026-09-04 00:00:00+00:00,,0.1313092403252469,,False
101990961244800083,wind_speed,2026-09-04 01:00:00+00:00,,0.12105780391254517,,False
101990961244800083,wind_speed,2026-09-04 02:00:00+00:00,,0.13938052005907375,,False
101990961244800083,wind_speed,2026-09-04 03:00:00+00:00,,0.21644574086673757,,False
101990961244800083,wind_speed,2026-09-04 04:00:00+00:00,1.0,0.19904343573809763,,False
101990961244800083,wind_speed,2026-09-04 05:00:00+00:00,1.7,0.7089744130659821,1.0,True
101990961244800083,wind_speed,2026-09-04 06:00:00+00:00,0.0,1.1265605904982434,1.7,True
101990961244800083,wind_speed,2026-09-04 07:00:00+00:00,2.3,0.6472599615917153,0.0,True
101990961244800083,wind_speed,2026-09-04 08:00:00+00:00,,1.1081676943132506,2.3,False
101990961244800083,wind_speed,2026-09-04 09:00:00+00:00,0.45,0.895804522184564,,False
101990961244800083,wind_speed,2026-09-04 10:00:00+00:00,1.2,0.9301473947986518,0.45,True
101990961244800083,wind_speed,2026-09-04 11:00:00+00:00,1.2,0.6795379812289432,1.2,True
101990961244800083,wind_speed,2026-09-04 12:00:00+00:00,1.0,0.9562420551670291,1.2,True
101990961244800083,wind_speed,2026-09-04 13:00:00+00:00,0.0,0.8385054632717818,1.0,True
101990961244800083,wind_speed,2026-09-04 14:00:00+00:00,0.0,0.47047928664708494,0.0,True
101990961244800083,wind_speed,2026-09-04 15:00:00+00:00,0.0,0.18656191096430955,0.0,True
101990961244800083,wind_speed,2026-09-04 16:00:00+00:00,0.0,0.07462277374573406,0.0,True
101990961244800083,wind_speed,2026-09-04 17:00:00+00:00,0.0,0.025307663349858414,0.0,True
101990961244800083,wind_speed,2026-09-04 18:00:00+00:00,,0.05099744742326045,0.0,False
101990961244800083,wind_speed,2026-09-04 19:00:00+00:00,,0.09885750444116503,,False
101990961244800083,wind_speed,2026-09-04 20:00:00+00:00,,0.06457912091028481,,False
101990961244800083,wind_speed,2026-09-04 21:00:00+00:00,,0.06244002810717229,,False
101990961244800083,wind_speed,2026-09-04 22:00:00+00:00,,0.14376179124515687,,False
101990961244800083,wind_speed,2026-09-04 23:00:00+00:00,,0.1318407617351877,,False
101990961244800083,wind_speed,2026-09-05 00:00:00+00:00,,0.1430009925682379,,False
101990961244800083,wind_speed,2026-09-05 01:00:00+00:00,,0.13911704014598725,,False
101990961244800083,wind_speed,2026-09-05 02:00:00+00:00,,0.16654544716945796,,False
101990961244800083,wind_speed,2026-09-05 03:00:00+00:00,,0.256835899929862,,False
101990961244800083,wind_speed,2026-09-05 04:00:00+00:00,,0.28849734301164986,,False
101990961244800083,wind_speed,2026-09-05 05:00:00+00:00,,0.586696661182535,,False
101990961244800083,wind_speed,2026-09-05 06:00:00+00:00,,0.5920815678419314,,False
101990961244800083,wind_speed,2026-09-05 07:00:00+00:00,,0.8088639154736712,,False
101990961244800083,wind_speed,2026-09-05 08:00:00+00:00,,0.6725194924479815,,False
101990961244800083,wind_speed,2026-09-05 09:00:00+00:00,,0.6000586393195265,,False
101990961244800083,wind_speed,2026-09-05 10:00:00+00:00,,0.8208598758750469,,False
101990961244800083,wind_speed,2026-09-05 11:00:00+00:00,,0.6403144581799454,,False
101990961244800083,wind_speed,2026-09-05 12:00:00+00:00,,0.7339185711432571,,False
101990961244800083,wind_speed,2026-09-05 13:00:00+00:00,,0.6141705362913765,,False
101990961244800083,wind_speed,2026-09-05 14:00:00+00:00,,0.5669421839678268,,False
101990961244800083,wind_speed,2026-09-05 15:00:00+00:00,,0.3840997514339128,,False
101990961244800083,wind_speed,2026-09-05 16:00:00+00:00,,0.2611097080721521,,False
101990961244800083,wind_speed,2026-09-05 17:00:00+00:00,,0.17129423444033012,,False
101990961244800083,wind_speed,2026-09-05 18:00:00+00:00,,0.15776241665688398,,False
101990961244800083,wind_speed,2026-09-05 19:00:00+00:00,,0.17094166075786188,,False
101990961244800083,wind_speed,2026-09-05 20:00:00+00:00,,0.1129139713784938,,False
101990961244800083,wind_speed,2026-09-05 21:00:00+00:00,,0.09435551690213229,,False
101990961244800083,wind_speed,2026-09-05 22:00:00+00:00,,0.16409787916341226,,False
101990961244800083,wind_speed,2026-09-05 23:00:00+00:00,,0.1436814014762939,,False
101990961244800083,wind_speed,2026-09-06 00:00:00+00:00,,0.1481418083958601,,False
101990961244800083,wind_speed,2026-09-06 01:00:00+00:00,,0.13833763298008805,,False
101990961244800083,wind_speed,2026-09-06 02:00:00+00:00,,0.15972762048949765,,False
101990961244800083,wind_speed,2026-09-06 03:00:00+00:00,,0.24294573535983427,,False
101990961244800083,wind_speed,2026-09-06 04:00:00+00:00,0.0,0.25331727410941207,,False
101990961244800083,wind_speed,2026-09-06 05:00:00+00:00,,0.44677103401330004,0.0,False
101990961244800083,wind_speed,2026-09-06 06:00:00+00:00,1.0666666666666669,0.5678877252185262,,False
101990961244800083,wind_speed,2026-09-06 07:00:00+00:00,,0.8476947336720876,1.0666666666666669,False
101990961244800083,wind_speed,2026-09-06 08:00:00+00:00,0.0,0.7328867223001034,,False
101990961244800083,wind_speed,2026-09-06 09:00:00+00:00,0.7,0.43485036658041143,0.0,True
101990961244800083,wind_speed,2026-09-06 10:00:00+00:00,0.9,0.7587689144198504,0.7,True
101990961244800083,wind_speed,2026-09-06 11:00:00+00:00,1.1,0.6219311119999114,0.9,True
101990961244800083,wind_speed,2026-09-06 12:00:00+00:00,0.6,0.8610153348824975,1.1,True
101990961244800083,wind_speed,2026-09-06 13:00:00+00:00,0.7,0.6691141706305126,0.6,True
101990961244800083,wind_speed,2026-09-06 14:00:00+00:00,,0.6207716745110472,0.7,False
101990961244800083,wind_speed,2026-09-06 15:00:00+00:00,1.3,0.42056136390035526,,False
101990961244800083,wind_speed,2026-09-06 16:00:00+00:00,1.45,0.5574142091834013,1.3,True
101990961244800083,wind_speed,2026-09-06 17:00:00+00:00,0.9,0.625987124890929,1.45,True
101990961244800083,wind_speed,2026-09-06 18:00:00+00:00,,0.5430542307730211,0.9,False
101990961244800083,wind_speed,2026-09-06 19:00:00+00:00,,0.4324413148528684,,False
101990961244800083,wind_speed,2026-09-06 20:00:00+00:00,,0.29026250278196536,,False
101990961244800083,wind_speed,2026-09-06 21:00:00+00:00,,0.2144423164599289,,False
101990961244800083,wind_speed,2026-09-06 22:00:00+00:00,,0.2451059704487379,,False
101990961244800083,wind_speed,2026-09-06 23:00:00+00:00,,0.1979044960323645,,False
101990961244800083,wind_speed,2026-09-07 00:00:00+00:00,,0.1838027022447007,,False
101990961244800083,wind_speed,2026-09-07 01:00:00+00:00,,0.16084372325146304,,False
101990961244800083,wind_speed,2026-09-07 02:00:00+00:00,,0.17249224003631236,,False
101990961244800083,wind_speed,2026-09-07 03:00:00+00:00,,0.24790462931178397,,False
101990961244800083,wind_speed,2026-09-07 04:00:00+00:00,,0.23190275066702692,,False
101990961244800083,wind_speed,2026-09-07 05:00:00+00:00,,0.5331168506397684,,False
101990961244800083,wind_speed,2026-09-07 06:00:00+00:00,,0.6758160307085324,,False
101990961244800083,wind_speed,2026-09-07 07:00:00+00:00,,0.7262908666922155,,False
101990961244800083,wind_speed,2026-09-07 08:00:00+00:00,,0.5902285073441966,,False
101990961244800083,wind_speed,2026-09-07 09:00:00+00:00,,0.6185904879156046,,False
101990961244800083,wind_speed,2026-09-07 10:00:00+00:00,,0.8096854336204393,,False
101990961244800083,wind_speed,2026-09-07 11:00:00+00:00,,0.6555765080074207,,False
101990961244800083,wind_speed,2026-09-07 12:00:00+00:00,,0.7086074946554883,,False
101990961244800083,wind_speed,2026-09-07 13:00:00+00:00,,0.652662432451701,,False
101990961244800083,wind_speed,2026-09-07 14:00:00+00:00,0.0,0.6301583943791436,,False
101990961244800083,wind_speed,2026-09-07 15:00:00+00:00,1.65,0.2793975836858662,0.0,True
101990961244800083,wind_speed,2026-09-07 16:00:00+00:00,0.0,0.6356052460258448,1.65,True
101990961244800083,wind_speed,2026-09-07 17:00:00+00:00,0.0,0.23898405384780697,0.0,True
101990961244800083,wind_speed,2026-09-07 18:00:00+00:00,,0.12620786553119656,0.0,False
101990961244800083,wind_speed,2026-09-07 19:00:00+00:00,,0.14942193374925455,,False
101990961244800083,wind_speed,2026-09-07 20:00:00+00:00,,0.09816023446997052,,False
101990961244800083,wind_speed,2026-09-07 21:00:00+00:00,,0.08411701610495764,,False
101990961244800083,wind_speed,2026-09-07 22:00:00+00:00,,0.15679021038396246,,False
101990961244800083,wind_speed,2026-09-07 23:00:00+00:00,,0.13820525520746418,,False
101990961244800083,wind_speed,2026-09-08 00:00:00+00:00,,0.14366663493935272,,False
101990961244800083,wind_speed,2026-09-08 01:00:00+00:00,,0.13418422469392013,,False
101990961244800083,wind_speed,2026-09-08 02:00:00+00:00,,0.15526641688970996,,False
101990961244800083,wind_speed,2026-09-08 03:00:00+00:00,,0.23750019822995125,,False
101990961244800083,wind_speed,2026-09-08 04:00:00+00:00,,0.2348389088664171,,False
101990961244800083,wind_speed,2026-09-08 05:00:00+00:00,1.0,0.5262239881177587,,False
101990961244800083,wind_speed,2026-09-08 06:00:00+00:00,0.9,0.806990424753698,1.0,True
101990961244800083,wind_speed,2026-09-08 07:00:00+00:00,,0.8570584196430839,0.9,False
101990961244800083,wind_speed,2026-09-08 08:00:00+00:00,,0.7084824592746666,,False
101990961244800083,wind_speed,2026-09-08 09:00:00+00:00,,0.672733873136584,,False
101990961244800083,wind_speed,2026-09-08 10:00:00+00:00,,0.8435670197914357,,False
101990961244800083,wind_speed,2026-09-08 11:00:00+00:00,,0.6569228169650241,,False
101990961244800083,wind_speed,2026-09-08 12:00:00+00:00,,0.7289028255737237,,False
101990961244800083,wind_speed,2026-09-08 13:00:00+00:00,,0.6568522125267778,,False
101990961244800083,wind_speed,2026-09-08 14:00:00+00:00,,0.5626019845609215,,False
101990961244800083,wind_speed,2026-09-08 15:00:00+00:00,,0.5531359447534865,,False
101990961244800083,wind_speed,2026-09-08 16:00:00+00:00,,0.2952055040238799,,False
101990961244800083,wind_speed,2026-09-08 17:00:00+00:00,,0.19170512420244476,,False
101990961244800083,wind_speed,2026-09-08 18:00:00+00:00,,0.17505327789712796,,False
101990961244800083,wind_speed,2026-09-08 19:00:00+00:00,,0.18284800093679782,,False
101990961244800083,wind_speed,2026-09-08 20:00:00+00:00,,0.12125555189284626,,False
101990961244800083,wind_speed,2026-09-08 21:00:00+00:00,,0.10040066507200143,,False
101990961244800083,wind_speed,2026-09-08 22:00:00+00:00,,0.16872136190613102,,False
101990961244800083,wind_speed,2026-09-08 23:00:00+00:00,,0.14759340405027352,,False
101990961244800083,wind_speed,2026-09-09 00:00:00+00:00,,0.15193548512259583,,False
101990961244800083,wind_speed,2026-09-09 01:00:00+00:00,,0.14258773140206737,,False
101990961244800083,wind_speed,2026-09-09 02:00:00+00:00,,0.16507897109324723,,False
101990961244800083,wind_speed,2026-09-09 03:00:00+00:00,,0.25020986651451027,,False
101990961244800083,wind_speed,2026-09-09 04:00:00+00:00,,0.2526203050951103,,False
101990961244800083,wind_speed,2026-09-09 05:00:00+00:00,,0.5730311689177683,,False
101990961244800083,wind_speed,2026-09-09 06:00:00+00:00,,0.6744794759567709,,False
101990961244800083,wind_speed,2026-09-09 07:00:00+00:00,,0.7375550278211047,,False
101990961244800083,wind_speed,2026-09-09 08:00:00+00:00,,0.6291525986892251,,False
101990961244800083,wind_speed,2026-09-09 09:00:00+00:00,,0.6178940150816389,,False
101990961244800083,wind_speed,2026-09-09 10:00:00+00:00,,0.8067690317320301,,False
101990961244800083,wind_speed,2026-09-09 11:00:00+00:00,,0.6316690919406578,,False
101990961244800083,wind_speed,2026-09-09 12:00:00+00:00,,0.7140602629812818,,False
101990961244800083,wind_speed,2026-09-09 13:00:00+00:00,,0.6481626966551537,,False
101990961244800083,wind_speed,2026-09-09 14:00:00+00:00,,0.5837976264083079,,False
101990961244800083,wind_speed,2026-09-09 15:00:00+00:00,,0.48973475228861746,,False
101990961244800083,wind_speed,2026-09-09 16:00:00+00:00,,0.3068609160138744,,False
101990961244800083,wind_speed,2026-09-09 17:00:00+00:00,,0.19915908682304836,,False
101990961244800083,wind_speed,2026-09-09 18:00:00+00:00,,0.17569981429841725,,False
101990961244800083,wind_speed,2026-09-09 19:00:00+00:00,,0.18315463971299972,,False
101990961244800083,wind_speed,2026-09-09 20:00:00+00:00,,0.1212687945876773,,False
101990961244800083,wind_speed,2026-09-09 21:00:00+00:00,,0.1001225199303419,,False
101990961244800083,wind_speed,2026-09-09 22:00:00+00:00,,0.16810964842286819,,False
101990961244800083,wind_speed,2026-09-09 23:00:00+00:00,,0.1465553563278736,,False
101990961244800083,wind_speed,2026-09-10 00:00:00+00:00,,0.15031368399132317,,False
101990961244800083,wind_speed,2026-09-10 01:00:00+00:00,,0.1401362319192646,,False
101990961244800083,wind_speed,2026-09-10 02:00:00+00:00,,0.16142600517459363,,False
101990961244800083,wind_speed,2026-09-10 03:00:00+00:00,,0.24480146457886023,,False
101990961244800083,wind_speed,2026-09-10 04:00:00+00:00,,0.24465904846248307,,False
101990961244800083,wind_speed,2026-09-10 05:00:00+00:00,,0.5505462474245751,,False
101990961244800083,wind_speed,2026-09-10 06:00:00+00:00,,0.6625993550764759,,False
101990961244800083,wind_speed,2026-09-10 07:00:00+00:00,,0.7312571850990434,,False
101990961244800083,wind_speed,2026-09-10 08:00:00+00:00,,0.6249717277147411,,False
101990961244800083,wind_speed,2026-09-10 09:00:00+00:00,,0.6150039217253676,,False
101990961244800083,wind_speed,2026-09-10 10:00:00+00:00,,0.8048297122445655,,False
101990961244800083,wind_speed,2026-09-10 11:00:00+00:00,,0.6303382019416192,,False
101990961244800083,wind_speed,2026-09-10 12:00:00+00:00,,0.7132778222766487,,False
101990961244800083,wind_speed,2026-09-10 13:00:00+00:00,,0.6477044622423866,,False
101990961244800083,wind_speed,2026-09-10 14:00:00+00:00,,0.5849117927876732,,False
101990961244800083,wind_speed,2026-09-10 15:00:00+00:00,,0.4863991642704459,,False
101990961244800083,wind_speed,2026-09-10 16:00:00+00:00,,0.3074736613016479,,False
101990961244800083,wind_speed,2026-09-10 17:00:00+00:00,,0.19955094043019897,,False
101990961244800083,wind_speed,2026-09-10 18:00:00+00:00,,0.17573365846038136,,False
101990961244800083,wind_speed,2026-09-10 19:00:00+00:00,,0.18317065744859254,,False
101990961244800083,wind_speed,2026-09-10 20:00:00+00:00,,0.12126941497465975,,False
101990961244800083,wind_speed,2026-09-10 21:00:00+00:00,,0.10010783704994118,,False
101990961244800083,wind_speed,2026-09-10 22:00:00+00:00,,0.16807743562712593,,False
101990961244800083,wind_speed,2026-09-10 23:00:00+00:00,,0.14650072857012844,,False
101990961244800083,wind_speed,2026-09-11 00:00:00+00:00,,0.1502283570124961,,False
101990961244800083,wind_speed,2026-09-11 01:00:00+00:00,,0.1400072659460936,,False
101990961244800083,wind_speed,2026-09-11 02:00:00+00:00,,0.1612338426125841,,False
101990961244800083,wind_speed,2026-09-11 03:00:00+00:00,,0.2445169641175377,,False
101990961244800083,wind_speed,2026-09-11 04:00:00+00:00,,0.24424026312738897,,False
101990961244800083,wind_speed,2026-09-11 05:00:00+00:00,,0.5493634823226139,,False
101990961244800083,wind_speed,2026-09-11 06:00:00+00:00,,0.6619744295982211,,False
101990961244800083,wind_speed,2026-09-11 07:00:00+00:00,,0.7309259018378662,,False
101990961244800083,wind_speed,2026-09-11 08:00:00+00:00,,0.6247518027760489,,False
101990961244800083,wind_speed,2026-09-11 09:00:00+00:00,,0.6148518951331208,,False
101990961244800083,wind_speed,2026-09-11 10:00:00+00:00,,0.8047276988809061,,False
101990961244800083,wind_speed,2026-09-11 11:00:00+00:00,,0.6302681935899088,,False
101990961244800083,wind_speed,2026-09-11 12:00:00+00:00,,0.7132366637947742,,False
101990961244800083,wind_speed,2026-09-11 13:00:00+00:00,,0.6476803578673727,,False
101990961244800083,wind_speed,2026-09-11 14:00:00+00:00,,0.5849704006368066,,False
101990961244800083,wind_speed,2026-09-11 15:00:00+00:00,,0.4862237040006178,,False
101990961244800083,wind_speed,2026-09-11 16:00:00+00:00,,0.3075058931937253,,False
101990961244800083,wind_speed,2026-09-11 17:00:00+00:00,,0.19957155288144687,,False
101990961244800083,wind_speed,2026-09-11 18:00:00+00:00,,0.17573543873213648,,False
101990961244800083,wind_speed,2026-09-11 19:00:00+00:00,,0.18317150001091637,,False
101990961244800083,wind_speed,2026-09-11 20:00:00+00:00,,0.12126944760150576,,False
101990961244800083,wind_speed,2026-09-11 21:00:00+00:00,,0.10010706468914647,,False
101990961244800083,wind_speed,2026-09-11 22:00:00+00:00,,0.16807574115074694,,False
101990961244800083,wind_speed,2026-09-11 23:00:00+00:00,,0.14649785501207493,,False
101990961244800083,wind_speed,2026-09-12 00:00:00+00:00,,0.1502238685998135,,False
101990961244800083,wind_speed,2026-09-12 01:00:00+00:00,,0.1400004820143166,,False
101990961244800083,wind_speed,2026-09-12 02:00:00+00:00,,0.1612237343834737,,False
101990961244800083,wind_speed,2026-09-12 03:00:00+00:00,,0.2445019986856217,,False
101990961244800083,wind_speed,2026-09-12 04:00:00+00:00,,0.2442182339774723,,False
101990961244800083,wind_speed,2026-09-12 05:00:00+00:00,,0.5493012659380432,,False
101990961244800083,wind_speed,2026-09-12 06:00:00+00:00,,0.6619415569645449,,False
101990961244800083,wind_speed,2026-09-12 07:00:00+00:00,,0.7309084755147599,,False
101990961244800083,wind_speed,2026-09-12 08:00:00+00:00,,0.62474023417754,,False
101990961244800083,wind_speed,2026-09-12 09:00:00+00:00,,0.6148438981564311,,False
101990961244800083,wind_speed,2026-09-12 10:00:00+00:00,,0.8047223327243724,,False
101990961244800083,wind_speed,2026-09-12 11:00:00+00:00,,0.6302645109765683,,False
101990961244800083,wind_speed,2026-09-12 12:00:00+00:00,,0.7132344987563058,,False
101990961244800083,wind_speed,2026-09-12 13:00:00+00:00,,0.647679089917321,,False
101990961244800083,wind_speed,2026-09-12 14:00:00+00:00,,0.5849734835553455,,False
101990961244800083,wind_speed,2026-09-12 15:00:00+00:00,,0.48621447435428,,False
101990961244800083,wind_speed,2026-09-12 16:00:00+00:00,,0.3075075886713641,,False
101990961244800083,wind_speed,2026-09-12 17:00:00+00:00,,0.19957263714761667,,False
101990961244800083,wind_speed,2026-09-12 18:00:00+00:00,,0.1757355323788546,,False
101990961244800083,wind_speed,2026-09-12 19:00:00+00:00,,0.18317154433178798,,False
101990961244800083,wind_speed,2026-09-12 20:00:00+00:00,,0.12126944931775831,,False
101990961244800083,wind_speed,2026-09-12 21:00:00+00:00,,0.10010702406104838,,False
101990961244800083,wind_speed,2026-09-12 22:00:00+00:00,,0.16807565201707717,,False
101990961244800083,wind_speed,2026-09-12 23:00:00+00:00,,0.14649770385577834,,False
101990961244800083,wind_speed,2026-09-13 00:00:00+00:00,,0.15022363249814943,,False
101990961244800083,wind_speed,2026-09-13 01:00:00+00:00,,0.14000012516264226,,False
101990961244800083,wind_speed,2026-09-13 02:00:00+00:00,,0.16122320266549647,,False
101990961244800083,wind_speed,2026-09-13 03:00:00+00:00,,0.2445012114667034,,False
101990961244800083,wind_speed,2026-09-13 04:00:00+00:00,,0.24421707518942895,,False
101990961244800083,wind_speed,2026-09-13 05:00:00+00:00,,0.5492979932015639,,False
101990961244800083,wind_speed,2026-09-13 06:00:00+00:00,,0.6619398277823023,,False
101990961244800083,wind_speed,2026-09-13 07:00:00+00:00,,0.730907558846848,,False
101990961244800083,wind_speed,2026-09-13 08:00:00+00:00,,0.6247396256405024,,False
101990961244800083,wind_speed,2026-09-13 09:00:00+00:00,,0.6148434774955792,,False
101990961244800083,wind_speed,2026-09-13 10:00:00+00:00,,0.8047220504512002,,False
101990961244800083,wind_speed,2026-09-13 11:00:00+00:00,,0.6302643172619528,,False
101990961244800083,wind_speed,2026-09-13 12:00:00+00:00,,0.7132343848699008,,False
101990961244800083,wind_speed,2026-09-13 13:00:00+00:00,,0.6476790232199966,,False
101990961244800083,wind_speed,2026-09-13 14:00:00+00:00,,0.5849736457245238,,False
101990961244800083,wind_speed,2026-09-13 15:00:00+00:00,,0.48621398885194056,,False
101990961244800083,wind_speed,2026-09-13 16:00:00+00:00,,0.30750767785770233,,False
101990961244800083,wind_speed,2026-09-13 17:00:00+00:00,,0.19957269418271234,,False
101990961244800083,wind_speed,2026-09-13 18:00:00+00:00,,0.17573553730490474,,False
101990961244800083,wind_speed,2026-09-13 19:00:00+00:00,,0.183171546663176,,False
101990961244800083,wind_speed,2026-09-13 20:00:00+00:00,,0.12126944940803745,,False
101990961244800083,wind_speed,2026-09-13 21:00:00+00:00,,0.10010702192390943,,False
101990961244800083,wind_speed,2026-09-13 22:00:00+00:00,,0.1680756473284246,,False
101990961244800083,wind_speed,2026-09-13 23:00:00+00:00,,0.14649769590458142,,False
101990961244800083,wind_speed,2026-09-14 00:00:00+00:00,,0.15022362007861503,,False
101990961244800083,wind_speed,2026-09-14 01:00:00+00:00,,0.14000010639135718,,False
101990961244800083,wind_speed,2026-09-14 02:00:00+00:00,,0.16122317469580918,,False
101990961244800083,wind_speed,2026-09-14 03:00:00+00:00,,0.2445011700570315,,False
101990961244800083,wind_speed,2026-09-14 04:00:00+00:00,,0.24421701423429748,,False
101990961244800083,wind_speed,2026-09-14 05:00:00+00:00,,0.5492978210474901,,False
101990961244800083,wind_speed,2026-09-14 06:00:00+00:00,,0.6619397368230181,,False
101990961244800083,wind_speed,2026-09-14 07:00:00+00:00,,0.7309075106278373,,False
101990961244800083,wind_speed,2026-09-14 08:00:00+00:00,,0.6247395936299417,,False
101990961244800083,wind_speed,2026-09-14 09:00:00+00:00,,0.6148434553677727,,False
101990961244800083,wind_speed,2026-09-14 10:00:00+00:00,,0.8047220356029297,,False
101990961244800083,wind_speed,2026-09-14 11:00:00+00:00,,0.6302643070720825,,False
101990961244800083,wind_speed,2026-09-14 12:00:00+00:00,,0.7132343788791927,,False
101990961244800083,wind_speed,2026-09-14 13:00:00+00:00,,0.6476790197115515,,False
101990961244800083,wind_speed,2026-09-14 14:00:00+00:00,,0.5849736542550257,,False
101990961244800083,wind_speed,2026-09-14 15:00:00+00:00,0.8,0.4862139633133107,,False
101990961244800083,wind_speed,2026-09-14 16:00:00+00:00,,0.41122216530319056,0.8,False
101990961244800083,wind_speed,2026-09-14 17:00:00+00:00,0.0,0.2699801629850267,,False
