device_id,variable,timestamp,actual,predicted,naive,used_for_metrics
101990961244800083,air_humidity,2026-07-16 15:00:00+00:00,72.33333333333333,74.28266929081984,65.75,True
101990961244800083,air_humidity,2026-07-16 16:00:00+00:00,72.75,79.24329106675464,72.33333333333333,True
101990961244800083,air_humidity,2026-07-16 17:00:00+00:00,78.66666666666667,75.56516094743016,72.75,True
101990961244800083,air_humidity,2026-07-16 18:00:00+00:00,79.0,82.39979285134622,78.66666666666667,True
101990961244800083,air_humidity,2026-07-16 19:00:00+00:00,78.33333333333333,80.5507290547261,79.0,True
101990961244800083,air_humidity,2026-07-16 20:00:00+00:00,77.5,79.46299574656508,78.33333333333333,True
101990961244800083,air_humidity,2026-07-16 21:00:00+00:00,77.0,79.05180533775635,77.5,True
101990961244800083,air_humidity,2026-07-16 22:00:00+00:00,,78.63125152134508,77.0,False
101990961244800083,air_humidity,2026-07-16 23:00:00+00:00,,80.45743520155949,,False
101990961244800083,air_humidity,2026-07-17 00:00:00+00:00,,81.95275228402234,,False
101990961244800083,air_humidity,2026-07-17 01:00:00+00:00,,82.3384796903013,,False
101990961244800083,air_humidity,2026-07-17 02:00:00+00:00,,82.55130257972652,,False
101990961244800083,air_humidity,2026-07-17 03:00:00+00:00,,83.35483559892376,,False
101990961244800083,air_humidity,2026-07-17 04:00:00+00:00,78.0,82.45101203013058,,False
101990961244800083,air_humidity,2026-07-17 05:00:00+00:00,71.66666666666667,73.56423695443787,78.0,True
101990961244800083,air_humidity,2026-07-17 06:00:00+00:00,67.5,64.41508408841409,71.66666666666667,True
101990961244800083,air_humidity,2026-07-17 07:00:00+00:00,61.0,60.525557981129595,67.5,True
101990961244800083,air_humidity,2026-07-17 08:00:00+00:00,54.25,54.578867024339964,61.0,True
101990961244800083,air_humidity,2026-07-17 09:00:00+00:00,50.4,51.370503588342,54.25,True
101990961244800083,air_humidity,2026-07-17 10:00:00+00:00,50.16666666666666,48.2349715407286,50.4,True
101990961244800083,air_humidity,2026-07-17 11:00:00+00:00,49.75,49.32921266611906,50.16666666666666,True
101990961244800083,air_humidity,2026-07-17 12:00:00+00:00,50.6,51.372609728066465,49.75,True
101990961244800083,air_humidity,2026-07-17 13:00:00+00:00,49.833333333333336,53.88760241194548,50.6,True
101990961244800083,air_humidity,2026-07-17 14:00:00+00:00,59.25,56.90832690931652,49.833333333333336,True
101990961244800083,air_humidity,2026-07-17 15:00:00+00:00,66.2,67.35923487127377,59.25,True
101990961244800083,air_humidity,2026-07-17 16:00:00+00:00,77.66666666666667,73.18511387210197,66.2,True
101990961244800083,air_humidity,2026-07-17 17:00:00+00:00,78.33333333333333,81.8403735311351,77.66666666666667,True
101990961244800083,air_humidity,2026-07-17 18:00:00+00:00,77.0,79.68756101329618,78.33333333333333,True
101990961244800083,air_humidity,2026-07-17 19:00:00+00:00,78.75,78.30625561412644,77.0,True
101990961244800083,air_humidity,2026-07-17 20:00:00+00:00,84.0,79.85658249073893,78.75,True
101990961244800083,air_humidity,2026-07-17 21:00:00+00:00,,85.23132723531293,84.0,False
101990961244800083,air_humidity,2026-07-17 22:00:00+00:00,,85.50309765461488,,False
101990961244800083,air_humidity,2026-07-17 23:00:00+00:00,,85.78659741172503,,False
101990961244800083,air_humidity,2026-07-18 00:00:00+00:00,,86.00167529582731,,False
101990961244800083,air_humidity,2026-07-18 01:00:00+00:00,,85.3142461295565,,False
101990961244800083,air_humidity,2026-07-18 02:00:00+00:00,,84.61458719643954,,False
101990961244800083,air_humidity,2026-07-18 03:00:00+00:00,,84.62686853596912,,False
101990961244800083,air_humidity,2026-07-18 04:00:00+00:00,,83.02210795906518,,False
101990961244800083,air_humidity,2026-07-18 05:00:00+00:00,,77.67669730774365,,False
101990961244800083,air_humidity,2026-07-18 06:00:00+00:00,86.5,70.24921507705311,,False
101990961244800083,air_humidity,2026-07-18 07:00:00+00:00,70.0,76.89627417896425,86.5,True
101990961244800083,air_humidity,2026-07-18 08:00:00+00:00,66.0,60.86329436463377,70.0,True
101990961244800083,air_humidity,2026-07-18 09:00:00+00:00,71.0,62.71926394873307,66.0,True
101990961244800083,air_humidity,2026-07-18 10:00:00+00:00,70.0,68.13519312676021,71.0,True
101990961244800083,air_humidity,2026-07-18 11:00:00+00:00,65.75,66.43025960670944,70.0,True
101990961244800083,air_humidity,2026-07-18 12:00:00+00:00,63.5,65.04334518003829,65.75,True
101990961244800083,air_humidity,2026-07-18 13:00:00+00:00,61.85714285714285,64.4927505350805,63.5,True
101990961244800083,air_humidity,2026-07-18 14:00:00+00:00,63.25,67.53945508062175,61.85714285714285,True
101990961244800083,air_humidity,2026-07-18 15:00:00+00:00,79.2,69.72980467054568,63.25,True
101990961244800083,air_humidity,2026-07-18 16:00:00+00:00,90.0,88.04112027423699,79.2,True
101990961244800083,air_humidity,2026-07-18 17:00:00+00:00,87.25,91.7827203020828,90.0,True
101990961244800083,air_humidity,2026-07-18 18:00:00+00:00,91.0,87.3157602661813,87.25,True
101990961244800083,air_humidity,2026-07-18 19:00:00+00:00,89.71428571428571,92.31505801260523,91.0,True
101990961244800083,air_humidity,2026-07-18 20:00:00+00:00,90.66666666666669,89.7399771152962,89.71428571428571,True
101990961244800083,air_humidity,2026-07-18 21:00:00+00:00,,91.25589565015268,90.66666666666669,False
101990961244800083,air_humidity,2026-07-18 22:00:00+00:00,,91.5669225924231,,False
101990961244800083,air_humidity,2026-07-18 23:00:00+00:00,,91.89151043967075,,False
101990961244800083,air_humidity,2026-07-19 00:00:00+00:00,,92.17682234487496,,False
101990961244800083,air_humidity,2026-07-19 01:00:00+00:00,,91.59098412104873,,False
101990961244800083,air_humidity,2026-07-19 02:00:00+00:00,,91.02784486196882,,False
101990961244800083,air_humidity,2026-07-19 03:00:00+00:00,,91.21665552283926,,False
101990961244800083,air_humidity,2026-07-19 04:00:00+00:00,81.0,89.86777408609429,,False
101990961244800083,air_humidity,2026-07-19 05:00:00+00:00,78.5,76.9721695112554,81.0,True
101990961244800083,air_humidity,2026-07-19 06:00:00+00:00,68.0,72.10981120904393,78.5,True
101990961244800083,air_humidity,2026-07-19 07:00:00+00:00,64.0,59.33581064436851,68.0,True
101990961244800083,air_humidity,2026-07-19 08:00:00+00:00,59.66666666666666,59.16913012150963,64.0,True
101990961244800083,air_humidity,2026-07-19 09:00:00+00:00,54.75,57.85925271727076,59.66666666666666,True
101990961244800083,air_humidity,2026-07-19 10:00:00+00:00,51.0,52.530167582728296,54.75,True
101990961244800083,air_humidity,2026-07-19 11:00:00+00:00,51.0,49.84058634925046,51.0,True
101990961244800083,air_humidity,2026-07-19 12:00:00+00:00,47.75,53.06026018419093,51.0,True
101990961244800083,air_humidity,2026-07-19 13:00:00+00:00,49.6,50.42916820869995,47.75,True
101990961244800083,air_humidity,2026-07-19 14:00:00+00:00,52.333333333333336,56.93211216166857,49.6,True
101990961244800083,air_humidity,2026-07-19 15:00:00+00:00,68.2,61.49756026993595,52.333333333333336,True
101990961244800083,air_humidity,2026-07-19 16:00:00+00:00,91.0,78.31201517067933,68.2,True
101990961244800083,air_humidity,2026-07-19 17:00:00+00:00,90.0,94.55385122789163,91.0,True
101990961244800083,air_humidity,2026-07-19 18:00:00+00:00,90.25,90.03115574908865,90.0,True
101990961244800083,air_humidity,2026-07-19 19:00:00+00:00,87.16666666666667,90.57536453632457,90.25,True
101990961244800083,air_humidity,2026-07-19 20:00:00+00:00,87.16666666666667,87.03877714966278,87.16666666666667,True
101990961244800083,air_humidity,2026-07-19 21:00:00+00:00,85.66666666666667,87.77059248342954,87.16666666666667,True
101990961244800083,air_humidity,2026-07-19 22:00:00+00:00,,85.97953931500237,85.66666666666667,False
101990961244800083,air_humidity,2026-07-19 23:00:00+00:00,,86.72509256951861,,False
101990961244800083,air_humidity,2026-07-20 00:00:00+00:00,,87.30431837190064,,False
101990961244800083,air_humidity,2026-07-20 01:00:00+00:00,,86.89877632285773,,False
101990961244800083,air_humidity,2026-07-20 02:00:00+00:00,,86.41086470610041,,False
101990961244800083,air_humidity,2026-07-20 03:00:00+00:00,,86.57380778766974,,False
101990961244800083,air_humidity,2026-07-20 04:00:00+00:00,,85.2428942558222,,False
101990961244800083,air_humidity,2026-07-20 05:00:00+00:00,81.4,80.61892621053971,,False
101990961244800083,air_humidity,2026-07-20 06:00:00+00:00,78.8,73.4217200465039,81.4,True
101990961244800083,air_humidity,2026-07-20 07:00:00+00:00,75.0,71.22022171096702,78.8,True
101990961244800083,air_humidity,2026-07-20 08:00:00+00:00,68.75,68.03205183007945,75.0,True
101990961244800083,air_humidity,2026-07-20 09:00:00+00:00,66.0,64.46644415370841,68.75,True
101990961244800083,air_humidity,2026-07-20 10:00:00+00:00,60.4,62.46437927494595,66.0,True
101990961244800083,air_humidity,2026-07-20 11:00:00+00:00,55.833333333333336,57.752670307713,60.4,True
101990961244800083,air_humidity,2026-07-20 12:00:00+00:00,53.75,56.025723026169246,55.833333333333336,True
101990961244800083,air_humidity,2026-07-20 13:00:00+00:00,54.66666666666666,56.23852291005673,53.75,True
101990961244800083,air_humidity,2026-07-20 14:00:00+00:00,69.5,60.89833942338181,54.66666666666666,True
101990961244800083,air_humidity,2026-07-20 15:00:00+00:00,74.66666666666667,79.0666215042922,69.5,True
101990961244800083,air_humidity,2026-07-20 16:00:00+00:00,77.16666666666667,82.80104173695703,74.66666666666667,True
101990961244800083,air_humidity,2026-07-20 17:00:00+00:00,82.8,79.17082122746491,77.16666666666667,True
101990961244800083,air_humidity,2026-07-20 18:00:00+00:00,90.0,85.76375038424854,82.8,True
101990961244800083,air_humidity,2026-07-20 19:00:00+00:00,92.5,91.13672717393231,90.0,True
101990961244800083,air_humidity,2026-07-20 20:00:00+00:00,91.6,92.58889659620917,92.5,True
101990961244800083,air_humidity,2026-07-20 21:00:00+00:00,88.0,91.14180258815784,91.6,True
101990961244800083,air_humidity,2026-07-20 22:00:00+00:00,,87.88976842712903,88.0,False
101990961244800083,air_humidity,2026-07-20 23:00:00+00:00,,88.59464577023701,,False
101990961244800083,air_humidity,2026-07-21 00:00:00+00:00,,89.15239366965241,,False
101990961244800083,air_humidity,2026-07-21 01:00:00+00:00,,88.74332150112407,,False
101990961244800083,air_humidity,2026-07-21 02:00:00+00:00,,88.26935327419534,,False
101990961244800083,air_humidity,2026-07-21 03:00:00+00:00,,88.46399614823291,,False
101990961244800083,air_humidity,2026-07-21 04:00:00+00:00,84.0,87.10572790852373,,False
101990961244800083,air_humidity,2026-07-21 05:00:00+00:00,78.25,79.59078919951699,84.0,True
101990961244800083,air_humidity,2026-07-21 06:00:00+00:00,70.2,71.50239796642366,78.25,True
101990961244800083,air_humidity,2026-07-21 07:00:00+00:00,62.5,63.057825178288425,70.2,True
101990961244800083,air_humidity,2026-07-21 08:00:00+00:00,53.8,56.75009628424102,62.5,True
101990961244800083,air_humidity,2026-07-21 09:00:00+00:00,53.0,51.53480051298527,53.8,True
101990961244800083,air_humidity,2026-07-21 10:00:00+00:00,49.0,51.48760314095324,53.0,True
101990961244800083,air_humidity,2026-07-21 11:00:00+00:00,49.0,47.71254008177414,49.0,True
101990961244800083,air_humidity,2026-07-21 12:00:00+00:00,55.4,50.968150769585094,49.0,True
101990961244800083,air_humidity,2026-07-21 13:00:00+00:00,75.0,58.91474088585336,55.4,True
101990961244800083,air_humidity,2026-07-21 14:00:00+00:00,91.42857142857144,83.1203312148642,75.0,True
101990961244800083,air_humidity,2026-07-21 15:00:00+00:00,91.4,96.56738394213689,91.42857142857144,True
101990961244800083,air_humidity,2026-07-21 16:00:00+00:00,93.2,94.8627873648901,91.4,True
101990961244800083,air_humidity,2026-07-21 17:00:00+00:00,90.0,94.01936341182159,93.2,True
101990961244800083,air_humidity,2026-07-21 18:00:00+00:00,88.8,90.87956879587206,90.0,True
101990961244800083,air_humidity,2026-07-21 19:00:00+00:00,87.5,89.42749822910976,88.8,True
101990961244800083,air_humidity,2026-07-21 20:00:00+00:00,87.2,87.81031420116182,87.5,True
101990961244800083,air_humidity,2026-07-21 21:00:00+00:00,85.0,87.4353905158324,87.2,True
101990961244800083,air_humidity,2026-07-21 22:00:00+00:00,,85.59682647893324,85.0,False
101990961244800083,air_humidity,2026-07-21 23:00:00+00:00,,86.76200870079192,,False
101990961244800083,air_humidity,2026-07-22 00:00:00+00:00,,87.68584740626343,,False
101990961244800083,air_humidity,2026-07-22 01:00:00+00:00,,87.56456785880775,,False
101990961244800083,air_humidity,2026-07-22 02:00:00+00:00,,87.31261848270026,,False
101990961244800083,air_humidity,2026-07-22 03:00:00+00:00,,87.67318546962743,,False
101990961244800083,air_humidity,2026-07-22 04:00:00+00:00,92.0,86.42148339450601,,False
101990961244800083,air_humidity,2026-07-22 05:00:00+00:00,88.4,86.62873539541805,92.0,True
101990961244800083,air_humidity,2026-07-22 06:00:00+00:00,79.25,80.3040992760326,88.4,True
101990961244800083,air_humidity,2026-07-22 07:00:00+00:00,65.25,70.44358049396862,79.25,True
101990961244800083,air_humidity,2026-07-22 08:00:00+00:00,59.75,57.77409289401563,65.25,True
101990961244800083,air_humidity,2026-07-22 09:00:00+00:00,53.75,57.87709505045226,59.75,True
101990961244800083,air_humidity,2026-07-22 10:00:00+00:00,52.0,51.00678145495322,53.75,True
101990961244800083,air_humidity,2026-07-22 11:00:00+00:00,51.0,51.53368428433739,52.0,True
101990961244800083,air_humidity,2026-07-22 12:00:00+00:00,49.5,53.28955608108606,51.0,True
101990961244800083,air_humidity,2026-07-22 13:00:00+00:00,55.5,54.585124221529995,49.5,True
101990961244800083,air_humidity,2026-07-22 14:00:00+00:00,91.66666666666669,64.48892835855104,55.5,True
101990961244800083,air_humidity,2026-07-22 15:00:00+00:00,89.6,100.94301890690922,91.66666666666669,True
101990961244800083,air_humidity,2026-07-22 16:00:00+00:00,92.66666666666669,92.17700079110544,89.6,True
101990961244800083,air_humidity,2026-07-22 17:00:00+00:00,90.71428571428572,93.53749077660383,92.66666666666669,True
101990961244800083,air_humidity,2026-07-22 18:00:00+00:00,89.83333333333333,91.18576560141682,90.71428571428572,True
101990961244800083,air_humidity,2026-07-22 19:00:00+00:00,90.6,90.17290956798422,89.83333333333333,True
101990961244800083,air_humidity,2026-07-22 20:00:00+00:00,86.6,91.00871478252395,90.6,True
101990961244800083,air_humidity,2026-07-22 21:00:00+00:00,,86.15307469007865,86.6,False
101990961244800083,air_humidity,2026-07-22 22:00:00+00:00,,87.3331997317915,,False
101990961244800083,air_humidity,2026-07-22 23:00:00+00:00,,88.48819011175951,,False
101990961244800083,air_humidity,2026-07-23 00:00:00+00:00,,89.42701056707715,,False
101990961244800083,air_humidity,2026-07-23 01:00:00+00:00,,89.34634589248279,,False
101990961244800083,air_humidity,2026-07-23 02:00:00+00:00,,89.16221475913471,,False
101990961244800083,air_humidity,2026-07-23 03:00:00+00:00,,89.62055023074343,,False
101990961244800083,air_humidity,2026-07-23 04:00:00+00:00,81.0,88.50965020258447,,False
101990961244800083,air_humidity,2026-07-23 05:00:00+00:00,78.6,77.15894223775238,81.0,True
101990961244800083,air_humidity,2026-07-23 06:00:00+00:00,74.16666666666667,72.02156031354717,78.6,True
101990961244800083,air_humidity,2026-07-23 07:00:00+00:00,62.8,66.2409730152539,74.16666666666667,True
101990961244800083,air_humidity,2026-07-23 08:00:00+00:00,59.4,56.350427607157506,62.8,True
101990961244800083,air_humidity,2026-07-23 09:00:00+00:00,55.0,57.24450467243997,59.4,True
101990961244800083,air_humidity,2026-07-23 10:00:00+00:00,54.8,52.5680987269958,55.0,True
101990961244800083,air_humidity,2026-07-23 11:00:00+00:00,54.0,54.00862825977309,54.8,True
101990961244800083,air_humidity,2026-07-23 12:00:00+00:00,51.5,55.07985883175053,54.0,True
101990961244800083,air_humidity,2026-07-23 13:00:00+00:00,51.2,55.068809983294024,51.5,True
101990961244800083,air_humidity,2026-07-23 14:00:00+00:00,62.5,62.12471724518617,51.2,True
101990961244800083,air_humidity,2026-07-23 15:00:00+00:00,74.5,70.05631280497603,62.5,True
101990961244800083,air_humidity,2026-07-23 16:00:00+00:00,76.2,82.9280455969398,74.5,True
101990961244800083,air_humidity,2026-07-23 17:00:00+00:00,82.6,77.88212234788972,76.2,True
101990961244800083,air_humidity,2026-07-23 18:00:00+00:00,83.14285714285714,85.76384392948441,82.6,True
101990961244800083,air_humidity,2026-07-23 19:00:00+00:00,84.0,84.15193471593764,83.14285714285714,True
101990961244800083,air_humidity,2026-07-23 20:00:00+00:00,84.33333333333333,84.59139131067337,84.0,True
101990961244800083,air_humidity,2026-07-23 21:00:00+00:00,,84.84252842967177,84.33333333333333,False
101990961244800083,air_humidity,2026-07-23 22:00:00+00:00,,85.76643709036723,,False
101990961244800083,air_humidity,2026-07-23 23:00:00+00:00,,86.63591719628118,,False
101990961244800083,air_humidity,2026-07-24 00:00:00+00:00,,87.31145034208687,,False
101990961244800083,air_humidity,2026-07-24 01:00:00+00:00,,86.9787645202972,,False
101990961244800083,air_humidity,2026-07-24 02:00:00+00:00,,86.54342305044301,,False
101990961244800083,air_humidity,2026-07-24 03:00:00+00:00,,86.74092737068808,,False
101990961244800083,air_humidity,2026-07-24 04:00:00+00:00,81.5,85.41702341037931,,False
101990961244800083,air_humidity,2026-07-24 05:00:00+00:00,74.33333333333333,77.44570846106764,81.5,True
101990961244800083,air_humidity,2026-07-24 06:00:00+00:00,69.5,67.52579398784786,74.33333333333333,True
101990961244800083,air_humidity,2026-07-24 07:00:00+00:00,62.333333333333336,62.03607601917414,69.5,True
101990961244800083,air_humidity,2026-07-24 08:00:00+00:00,59.66666666666666,56.72686469124476,62.333333333333336,True
101990961244800083,air_humidity,2026-07-24 09:00:00+00:00,56.16666666666666,57.211593715004156,59.66666666666666,True
101990961244800083,air_humidity,2026-07-24 10:00:00+00:00,52.0,53.73543612148082,56.16666666666666,True
101990961244800083,air_humidity,2026-07-24 11:00:00+00:00,49.6,50.565786327044854,52.0,True
101990961244800083,air_humidity,2026-07-24 12:00:00+00:00,50.6,50.724276412652685,49.6,True
101990961244800083,air_humidity,2026-07-24 13:00:00+00:00,51.2,54.14785065008524,50.6,True
101990961244800083,air_humidity,2026-07-24 14:00:00+00:00,54.0,59.97474644823396,51.2,True
101990961244800083,air_humidity,2026-07-24 15:00:00+00:00,62.0,62.14588800720887,54.0,True
101990961244800083,air_humidity,2026-07-24 16:00:00+00:00,72.83333333333333,70.60838417893042,62.0,True
101990961244800083,air_humidity,2026-07-24 17:00:00+00:00,81.0,77.3273203275166,72.83333333333333,True
101990961244800083,air_humidity,2026-07-24 18:00:00+00:00,89.5,83.80018097796241,81.0,True
101990961244800083,air_humidity,2026-07-24 19:00:00+00:00,88.83333333333333,90.91081080969921,89.5,True
101990961244800083,air_humidity,2026-07-24 20:00:00+00:00,88.5,88.15362752631214,88.83333333333333,True
101990961244800083,air_humidity,2026-07-24 21:00:00+00:00,86.0,88.26181673544629,88.5,True
101990961244800083,air_humidity,2026-07-24 22:00:00+00:00,,85.96632697270175,86.0,False
101990961244800083,air_humidity,2026-07-24 23:00:00+00:00,,86.55686729447591,,False
101990961244800083,air_humidity,2026-07-25 00:00:00+00:00,,87.01233312865891,,False
101990961244800083,air_humidity,2026-07-25 01:00:00+00:00,,86.50896602091997,,False
101990961244800083,air_humidity,2026-07-25 02:00:00+00:00,,85.94496358971693,,False
101990961244800083,air_humidity,2026-07-25 03:00:00+00:00,,86.05029458498767,,False
101990961244800083,air_humidity,2026-07-25 04:00:00+00:00,82.0,84.54592252053621,,False
101990961244800083,air_humidity,2026-07-25 05:00:00+00:00,72.42857142857143,77.22161779032766,82.0,True
101990961244800083,air_humidity,2026-07-25 06:00:00+00:00,65.66666666666667,65.34901303752522,72.42857142857143,True
101990961244800083,air_humidity,2026-07-25 07:00:00+00:00,59.333333333333336,58.57462642414606,65.66666666666667,True
101990961244800083,air_humidity,2026-07-25 08:00:00+00:00,55.6,54.294078480331365,59.333333333333336,True
101990961244800083,air_humidity,2026-07-25 09:00:00+00:00,49.66666666666666,53.29884974237702,55.6,True
101990961244800083,air_humidity,2026-07-25 10:00:00+00:00,45.6,47.12122869680462,49.66666666666666,True
101990961244800083,air_humidity,2026-07-25 11:00:00+00:00,44.0,44.8087821899149,45.6,True
101990961244800083,air_humidity,2026-07-25 12:00:00+00:00,45.333333333333336,46.03125310094971,44.0,True
101990961244800083,air_humidity,2026-07-25 13:00:00+00:00,49.333333333333336,49.29215019578073,45.333333333333336,True
101990961244800083,air_humidity,2026-07-25 14:00:00+00:00,51.0,57.87453324682633,49.333333333333336,True
101990961244800083,air_humidity,2026-07-25 15:00:00+00:00,53.8,58.66318069350085,51.0,True
101990961244800083,air_humidity,2026-07-25 16:00:00+00:00,57.4,63.04881133238128,53.8,True
101990961244800083,air_humidity,2026-07-25 17:00:00+00:00,60.0,62.584944459634286,57.4,True
101990961244800083,air_humidity,2026-07-25 18:00:00+00:00,63.5,65.3251188757767,60.0,True
101990961244800083,air_humidity,2026-07-25 19:00:00+00:00,72.6,66.95620177590786,63.5,True
101990961244800083,air_humidity,2026-07-25 20:00:00+00:00,71.66666666666667,75.79667878366128,72.6,True
101990961244800083,air_humidity,2026-07-25 21:00:00+00:00,76.0,72.31203324530394,71.66666666666667,True
101990961244800083,air_humidity,2026-07-25 22:00:00+00:00,,78.19994027999671,76.0,False
101990961244800083,air_humidity,2026-07-25 23:00:00+00:00,,79.35479646076901,,False
101990961244800083,air_humidity,2026-07-26 00:00:00+00:00,,80.28147404993611,,False
101990961244800083,air_humidity,2026-07-26 01:00:00+00:00,,80.17707588342711,,False
101990961244800083,air_humidity,2026-07-26 02:00:00+00:00,,79.95750860034507,,False
101990961244800083,air_humidity,2026-07-26 03:00:00+00:00,,80.36811007198297,,False
101990961244800083,air_humidity,2026-07-26 04:00:00+00:00,,79.05001906116867,,False
101990961244800083,air_humidity,2026-07-26 05:00:00+00:00,77.16666666666667,73.80362537762026,,False
101990961244800083,air_humidity,2026-07-26 06:00:00+00:00,70.57142857142857,69.66110567131511,77.16666666666667,True
101990961244800083,air_humidity,2026-07-26 07:00:00+00:00,65.33333333333333,62.235483686740004,70.57142857142857,True
101990961244800083,air_humidity,2026-07-26 08:00:00+00:00,57.16666666666666,59.19218597733672,65.33333333333333,True
101990961244800083,air_humidity,2026-07-26 09:00:00+00:00,55.2,52.939907934446275,57.16666666666666,True
101990961244800083,air_humidity,2026-07-26 10:00:00+00:00,49.2,52.396430547422725,55.2,True
101990961244800083,air_humidity,2026-07-26 11:00:00+00:00,52.25,46.89573498732875,49.2,True
101990961244800083,air_humidity,2026-07-26 12:00:00+00:00,51.2,53.79197876822521,52.25,True
101990961244800083,air_humidity,2026-07-26 13:00:00+00:00,60.0,53.5629043403662,51.2,True
101990961244800083,air_humidity,2026-07-26 14:00:00+00:00,64.4,67.49667047867594,60.0,True
101990961244800083,air_humidity,2026-07-26 15:00:00+00:00,66.25,69.70946322490761,64.4,True
101990961244800083,air_humidity,2026-07-26 16:00:00+00:00,69.2,72.58191240010882,66.25,True
101990961244800083,air_humidity,2026-07-26 17:00:00+00:00,74.0,71.97417929075513,69.2,True
101990961244800083,air_humidity,2026-07-26 18:00:00+00:00,78.2,77.16706945842594,74.0,True
101990961244800083,air_humidity,2026-07-26 19:00:00+00:00,82.8,80.46281386857639,78.2,True
101990961244800083,air_humidity,2026-07-26 20:00:00+00:00,83.0,83.19973901134624,82.8,True
101990961244800083,air_humidity,2026-07-26 21:00:00+00:00,83.0,83.17481830056867,83.0,True
101990961244800083,air_humidity,2026-07-26 22:00:00+00:00,,83.43449277005415,83.0,False
101990961244800083,air_humidity,2026-07-26 23:00:00+00:00,,83.89105240181169,,False
101990961244800083,air_humidity,2026-07-27 00:00:00+00:00,,84.25501842238039,,False
101990961244800083,air_humidity,2026-07-27 01:00:00+00:00,,83.69864839206585,,False
101990961244800083,air_humidity,2026-07-27 02:00:00+00:00,,83.11779809964756,,False
101990961244800083,air_humidity,2026-07-27 03:00:00+00:00,,83.24167956521661,,False
101990961244800083,air_humidity,2026-07-27 04:00:00+00:00,,81.77763324524392,,False
101990961244800083,air_humidity,2026-07-27 05:00:00+00:00,78.0,76.6873997644794,,False
101990961244800083,air_humidity,2026-07-27 06:00:00+00:00,72.0,70.5451207327718,78.0,True
101990961244800083,air_humidity,2026-07-27 07:00:00+00:00,62.5,63.99493785549815,72.0,True
101990961244800083,air_humidity,2026-07-27 08:00:00+00:00,65.0,55.623856093845546,62.5,True
101990961244800083,air_humidity,2026-07-27 09:00:00+00:00,58.0,62.626212577712934,65.0,True
101990961244800083,air_humidity,2026-07-27 10:00:00+00:00,,53.172895631883804,58.0,False
101990961244800083,air_humidity,2026-07-27 11:00:00+00:00,51.0,51.71638574088382,,False
101990961244800083,air_humidity,2026-07-27 12:00:00+00:00,94.0,51.51266970618506,51.0,True
101990961244800083,air_humidity,2026-07-27 13:00:00+00:00,92.0,100.16340533888003,94.0,True
101990961244800083,air_humidity,2026-07-27 14:00:00+00:00,,91.59977492302167,92.0,False
101990961244800083,air_humidity,2026-07-27 15:00:00+00:00,90.0,93.55429324001786,,False
101990961244800083,air_humidity,2026-07-27 16:00:00+00:00,93.0,93.341890193517,90.0,True
101990961244800083,air_humidity,2026-07-27 17:00:00+00:00,93.25,93.56116346064825,93.0,True
101990961244800083,air_humidity,2026-07-27 18:00:00+00:00,92.0,93.72217533931169,93.25,True
101990961244800083,air_humidity,2026-07-27 19:00:00+00:00,,92.05198837398106,92.0,False
101990961244800083,air_humidity,2026-07-27 20:00:00+00:00,,91.41679010212388,,False
101990961244800083,air_humidity,2026-07-27 21:00:00+00:00,,90.83295655570498,,False
101990961244800083,air_humidity,2026-07-27 22:00:00+00:00,,90.80681493847047,,False
101990961244800083,air_humidity,2026-07-27 23:00:00+00:00,,90.91075116055983,,False
101990961244800083,air_humidity,2026-07-28 00:00:00+00:00,,90.97378263761807,,False
101990961244800083,air_humidity,2026-07-28 01:00:00+00:00,,90.15455138808429,,False
101990961244800083,air_humidity,2026-07-28 02:00:00+00:00,,89.33694688247196,,False
101990961244800083,air_humidity,2026-07-28 03:00:00+00:00,,89.23934398486908,,False
101990961244800083,air_humidity,2026-07-28 04:00:00+00:00,,87.56840729998741,,False
101990961244800083,air_humidity,2026-07-28 05:00:00+00:00,,82.38544995481197,,False
101990961244800083,air_humidity,2026-07-28 06:00:00+00:00,,75.08978112993354,,False
101990961244800083,air_humidity,2026-07-28 07:00:00+00:00,,66.71552941508622,,False
101990961244800083,air_humidity,2026-07-28 08:00:00+00:00,,61.46091578324171,,False
101990961244800083,air_humidity,2026-07-28 09:00:00+00:00,,57.96112552600809,,False
101990961244800083,air_humidity,2026-07-28 10:00:00+00:00,,54.44430466135012,,False
101990961244800083,air_humidity,2026-07-28 11:00:00+00:00,,53.64825779597987,,False
101990961244800083,air_humidity,2026-07-28 12:00:00+00:00,,59.65053448579713,,False
101990961244800083,air_humidity,2026-07-28 13:00:00+00:00,,62.55156137730249,,False
101990961244800083,air_humidity,2026-07-28 14:00:00+00:00,,69.14281324979544,,False
101990961244800083,air_humidity,2026-07-28 15:00:00+00:00,,75.32125361504438,,False
101990961244800083,air_humidity,2026-07-28 16:00:00+00:00,,82.06437845005334,,False
101990961244800083,air_humidity,2026-07-28 17:00:00+00:00,,84.68414749520534,,False
101990961244800083,air_humidity,2026-07-28 18:00:00+00:00,,86.58059268388001,,False
101990961244800083,air_humidity,2026-07-28 19:00:00+00:00,,87.8711226734734,,False
101990961244800083,air_humidity,2026-07-28 20:00:00+00:00,,88.1060255302538,,False
101990961244800083,air_humidity,2026-07-28 21:00:00+00:00,,88.23671135305416,,False
101990961244800083,air_humidity,2026-07-28 22:00:00+00:00,,88.75630903920688,,False
101990961244800083,air_humidity,2026-07-28 23:00:00+00:00,,89.30009268575836,,False
101990961244800083,air_humidity,2026-07-29 00:00:00+00:00,,89.72373309124907,,False
101990961244800083,air_humidity,2026-07-29 01:00:00+00:00,,89.20178221484417,,False
101990961244800083,air_humidity,2026-07-29 02:00:00+00:00,,88.63129815008398,,False
101990961244800083,air_humidity,2026-07-29 03:00:00+00:00,,88.74165309958944,,False
101990961244800083,air_humidity,2026-07-29 04:00:00+00:00,,87.24928382525115,,False
101990961244800083,air_humidity,2026-07-29 05:00:00+00:00,,82.18494763220875,,False
101990961244800083,air_humidity,2026-07-29 06:00:00+00:00,,74.90287401077701,,False
101990961244800083,air_humidity,2026-07-29 07:00:00+00:00,,66.71425884597392,,False
101990961244800083,air_humidity,2026-07-29 08:00:00+00:00,,60.91567046025061,,False
101990961244800083,air_humidity,2026-07-29 09:00:00+00:00,,57.759387306762704,,False
101990961244800083,air_humidity,2026-07-29 10:00:00+00:00,57.0,54.81254826014059,,False
101990961244800083,air_humidity,2026-07-29 11:00:00+00:00,57.5,55.754710017454734,57.0,True
101990961244800083,air_humidity,2026-07-29 12:00:00+00:00,65.0,60.449787860647795,57.5,True
101990961244800083,air_humidity,2026-07-29 13:00:00+00:00,57.0,68.1933936764695,65.0,True
101990961244800083,air_humidity,2026-07-29 14:00:00+00:00,60.333333333333336,62.40251154553177,57.0,True
101990961244800083,air_humidity,2026-07-29 15:00:00+00:00,73.0,67.75501696706382,60.333333333333336,True
101990961244800083,air_humidity,2026-07-29 16:00:00+00:00,85.0,81.48671941285163,73.0,True
101990961244800083,air_humidity,2026-07-29 17:00:00+00:00,85.0,88.09117677611808,85.0,True
101990961244800083,air_humidity,2026-07-29 18:00:00+00:00,,86.39025046330178,85.0,False
101990961244800083,air_humidity,2026-07-29 19:00:00+00:00,,87.84233532134407,,False
101990961244800083,air_humidity,2026-07-29 20:00:00+00:00,,88.19895009126454,,False
101990961244800083,air_humidity,2026-07-29 21:00:00+00:00,,88.43011800492465,,False
101990961244800083,air_humidity,2026-07-29 22:00:00+00:00,,89.03127610592394,,False
101990961244800083,air_humidity,2026-07-29 23:00:00+00:00,,89.64274038935888,,False
101990961244800083,air_humidity,2026-07-30 00:00:00+00:00,,90.12322844483327,,False
101990961244800083,air_humidity,2026-07-30 01:00:00+00:00,,89.64972107953798,,False
101990961244800083,air_humidity,2026-07-30 02:00:00+00:00,,89.12134148463154,,False
101990961244800083,air_humidity,2026-07-30 03:00:00+00:00,,89.26925252665355,,False
101990961244800083,air_humidity,2026-07-30 04:00:00+00:00,,87.81165869186059,,False
101990961244800083,air_humidity,2026-07-30 05:00:00+00:00,,82.77851515496046,,False
101990961244800083,air_humidity,2026-07-30 06:00:00+00:00,,75.5220347352097,,False
101990961244800083,air_humidity,2026-07-30 07:00:00+00:00,,67.37562187777681,,False
101990961244800083,air_humidity,2026-07-30 08:00:00+00:00,,61.56474784904204,,False
101990961244800083,air_humidity,2026-07-30 09:00:00+00:00,,58.4726361328848,,False
101990961244800083,air_humidity,2026-07-30 10:00:00+00:00,,55.60753574800345,,False
101990961244800083,air_humidity,2026-07-30 11:00:00+00:00,,54.719480339520565,,False
101990961244800083,air_humidity,2026-07-30 12:00:00+00:00,,58.09443937540636,,False
101990961244800083,air_humidity,2026-07-30 13:00:00+00:00,,60.078375284917016,,False
101990961244800083,air_humidity,2026-07-30 14:00:00+00:00,,66.96379075182098,,False
101990961244800083,air_humidity,2026-07-30 15:00:00+00:00,,74.41652077855889,,False
101990961244800083,air_humidity,2026-07-30 16:00:00+00:00,,82.09933559988883,,False
101990961244800083,air_humidity,2026-07-30 17:00:00+00:00,,84.59608305331705,,False
101990961244800083,air_humidity,2026-07-30 18:00:00+00:00,,86.68337612413549,,False
101990961244800083,air_humidity,2026-07-30 19:00:00+00:00,,88.09882394513197,,False
101990961244800083,air_humidity,2026-07-30 20:00:00+00:00,,88.42423046770222,,False
101990961244800083,air_humidity,2026-07-30 21:00:00+00:00,,88.62948120873229,,False
101990961244800083,air_humidity,2026-07-30 22:00:00+00:00,,89.20862033440982,,False
101990961244800083,air_humidity,2026-07-30 23:00:00+00:00,,89.80128972401465,,False
101990961244800083,air_humidity,2026-07-31 00:00:00+00:00,,90.26546358465988,,False
101990961244800083,air_humidity,2026-07-31 01:00:00+00:00,,89.77743768802603,,False
101990961244800083,air_humidity,2026-07-31 02:00:00+00:00,,89.2357279190586,,False
101990961244800083,air_humidity,2026-07-31 03:00:00+00:00,,89.37094127877828,,False
101990961244800083,air_humidity,2026-07-31 04:00:00+00:00,,87.90075678187262,,False
101990961244800083,air_humidity,2026-07-31 05:00:00+00:00,,82.8543556286389,,False
101990961244800083,air_humidity,2026-07-31 06:00:00+00:00,,75.58306507635541,,False
101990961244800083,air_humidity,2026-07-31 07:00:00+00:00,,67.42145066192269,,False
101990961244800083,air_humidity,2026-07-31 08:00:00+00:00,,61.58850163548351,,False
101990961244800083,air_humidity,2026-07-31 09:00:00+00:00,,58.4770433223637,,False
101990961244800083,air_humidity,2026-07-31 10:00:00+00:00,,55.59468114520034,,False
101990961244800083,air_humidity,2026-07-31 11:00:00+00:00,,54.59368268410843,,False
101990961244800083,air_humidity,2026-07-31 12:00:00+00:00,,57.636660809552424,,False
101990961244800083,air_humidity,2026-07-31 13:00:00+00:00,,60.4196405263382,,False
101990961244800083,air_humidity,2026-07-31 14:00:00+00:00,,67.5888279770222,,False
101990961244800083,air_humidity,2026-07-31 15:00:00+00:00,,74.62294675001134,,False
101990961244800083,air_humidity,2026-07-31 16:00:00+00:00,,81.95915928338438,,False
101990961244800083,air_humidity,2026-07-31 17:00:00+00:00,,84.6555208066122,,False
101990961244800083,air_humidity,2026-07-31 18:00:00+00:00,,86.79828186763376,,False
101990961244800083,air_humidity,2026-07-31 19:00:00+00:00,,88.21047118617618,,False
101990961244800083,air_humidity,2026-07-31 20:00:00+00:00,,88.53311472526916,,False
101990961244800083,air_humidity,2026-07-31 21:00:00+00:00,,88.73607563228819,,False
101990961244800083,air_humidity,2026-07-31 22:00:00+00:00,,89.31327723392945,,False
101990961244800083,air_humidity,2026-07-31 23:00:00+00:00,,89.90429990189658,,False
101990961244800083,air_humidity,2026-08-01 00:00:00+00:00,,90.36705218718595,,False
101990961244800083,air_humidity,2026-08-01 01:00:00+00:00,,89.87777002135378,,False
101990961244800083,air_humidity,2026-08-01 02:00:00+00:00,,89.33491660486692,,False
101990961244800083,air_humidity,2026-08-01 03:00:00+00:00,,89.46905112934776,,False
101990961244800083,air_humidity,2026-08-01 04:00:00+00:00,,87.99780784727811,,False
101990961244800083,air_humidity,2026-08-01 05:00:00+00:00,,82.95030377708187,,False
101990961244800083,air_humidity,2026-08-01 06:00:00+00:00,,75.67779345445666,,False
101990961244800083,air_humidity,2026-08-01 07:00:00+00:00,,67.51493405192613,,False
101990961244800083,air_humidity,2026-08-01 08:00:00+00:00,,61.68019416353378,,False
101990961244800083,air_humidity,2026-08-01 09:00:00+00:00,53.66666666666666,58.56716771816399,,False
101990961244800083,air_humidity,2026-08-01 10:00:00+00:00,,51.14119462551812,53.66666666666666,False
101990961244800083,air_humidity,2026-08-01 11:00:00+00:00,53.5,50.56337671946229,,False
101990961244800083,air_humidity,2026-08-01 12:00:00+00:00,,56.75210033948174,53.5,False
101990961244800083,air_humidity,2026-08-01 13:00:00+00:00,58.0,59.49922033699543,,False
101990961244800083,air_humidity,2026-08-01 14:00:00+00:00,60.0,65.16822239741943,58.0,True
101990961244800083,air_humidity,2026-08-01 15:00:00+00:00,62.0,66.75781667818379,60.0,True
101990961244800083,air_humidity,2026-08-01 16:00:00+00:00,70.0,69.82908465189809,62.0,True
101990961244800083,air_humidity,2026-08-01 17:00:00+00:00,80.0,74.17753057861384,70.0,True
101990961244800083,air_humidity,2026-08-01 18:00:00+00:00,83.0,83.73317093934911,80.0,True
101990961244800083,air_humidity,2026-08-01 19:00:00+00:00,87.0,84.37083574125319,83.0,True
101990961244800083,air_humidity,2026-08-01 20:00:00+00:00,,87.6448115957201,87.0,False
101990961244800083,air_humidity,2026-08-01 21:00:00+00:00,,87.53505628791308,,False
101990961244800083,air_humidity,2026-08-01 22:00:00+00:00,,87.8527903877711,,False
101990961244800083,air_humidity,2026-08-01 23:00:00+00:00,,88.22925902786558,,False
101990961244800083,air_humidity,2026-08-02 00:00:00+00:00,,88.51405317381926,,False
101990961244800083,air_humidity,2026-08-02 01:00:00+00:00,,87.87593804595251,,False
101990961244800083,air_humidity,2026-08-02 02:00:00+00:00,,87.2071668897445,,False
101990961244800083,air_humidity,2026-08-02 03:00:00+00:00,,87.23308087150666,,False
101990961244800083,air_humidity,2026-08-02 04:00:00+00:00,,85.66664751541491,,False
101990961244800083,air_humidity,2026-08-02 05:00:00+00:00,88.0,80.5317666965335,,False
101990961244800083,air_humidity,2026-08-02 06:00:00+00:00,73.66666666666667,79.91375803687944,88.0,True
101990961244800083,air_humidity,2026-08-02 07:00:00+00:00,69.0,64.1670127149825,73.66666666666667,True
101990961244800083,air_humidity,2026-08-02 08:00:00+00:00,55.0,63.68536508289854,69.0,True
101990961244800083,air_humidity,2026-08-02 09:00:00+00:00,54.5,50.75159897179734,55.0,True
101990961244800083,air_humidity,2026-08-02 10:00:00+00:00,50.0,53.083083170651065,54.5,True
101990961244800083,air_humidity,2026-08-02 11:00:00+00:00,50.0,49.20715722393006,50.0,True
101990961244800083,air_humidity,2026-08-02 12:00:00+00:00,49.0,53.708450514260804,50.0,True
101990961244800083,air_humidity,2026-08-02 13:00:00+00:00,53.0,51.80604952323004,49.0,True
101990961244800083,air_humidity,2026-08-02 14:00:00+00:00,62.0,60.72329103411791,53.0,True
101990961244800083,air_humidity,2026-08-02 15:00:00+00:00,,69.15478731897937,62.0,False
101990961244800083,air_humidity,2026-08-02 16:00:00+00:00,,76.89548850880938,,False
101990961244800083,air_humidity,2026-08-02 17:00:00+00:00,72.0,80.79325721719228,,False
101990961244800083,air_humidity,2026-08-02 18:00:00+00:00,,75.17068665921934,72.0,False
101990961244800083,air_humidity,2026-08-02 19:00:00+00:00,,78.31033836279953,,False
101990961244800083,air_humidity,2026-08-02 20:00:00+00:00,,79.85328214029069,,False
101990961244800083,air_humidity,2026-08-02 21:00:00+00:00,,80.99827027249069,,False
101990961244800083,air_humidity,2026-08-02 22:00:00+00:00,,82.35714970033423,,False
101990961244800083,air_humidity,2026-08-02 23:00:00+00:00,,83.60635759352917,,False
101990961244800083,air_humidity,2026-08-03 00:00:00+00:00,,84.63333842571232,,False
101990961244800083,air_humidity,2026-08-03 01:00:00+00:00,,84.63899415334004,,False
101990961244800083,air_humidity,2026-08-03 02:00:00+00:00,,84.54345493346919,,False
101990961244800083,air_humidity,2026-08-03 03:00:00+00:00,,85.09688514128175,,False
101990961244800083,air_humidity,2026-08-03 04:00:00+00:00,,84.0351715481185,,False
101990961244800083,air_humidity,2026-08-03 05:00:00+00:00,76.75,79.10970155601657,,False
101990961244800083,air_humidity,2026-08-03 06:00:00+00:00,,68.94234999128398,76.75,False
101990961244800083,air_humidity,2026-08-03 07:00:00+00:00,65.66666666666667,61.625988177709715,,False
101990961244800083,air_humidity,2026-08-03 08:00:00+00:00,63.0,58.89238862198469,65.66666666666667,True
101990961244800083,air_humidity,2026-08-03 09:00:00+00:00,54.0,60.13575794297712,63.0,True
101990961244800083,air_humidity,2026-08-03 10:00:00+00:00,,49.645719308791286,54.0,False
101990961244800083,air_humidity,2026-08-03 11:00:00+00:00,53.0,49.09615642230087,,False
101990961244800083,air_humidity,2026-08-03 12:00:00+00:00,54.0,55.517581717993956,53.0,True
101990961244800083,air_humidity,2026-08-03 13:00:00+00:00,58.0,56.46171520735017,54.0,True
101990961244800083,air_humidity,2026-08-03 14:00:00+00:00,,65.23683838537997,58.0,False
101990961244800083,air_humidity,2026-08-03 15:00:00+00:00,71.0,71.41892522300704,,False
101990961244800083,air_humidity,2026-08-03 16:00:00+00:00,75.5,77.74568724479475,71.0,True
101990961244800083,air_humidity,2026-08-03 17:00:00+00:00,79.25,78.03898540348047,75.5,True
101990961244800083,air_humidity,2026-08-03 18:00:00+00:00,82.33333333333333,81.8674893685211,79.25,True
101990961244800083,air_humidity,2026-08-03 19:00:00+00:00,83.0,84.07084023128822,82.33333333333333,True
101990961244800083,air_humidity,2026-08-03 20:00:00+00:00,,83.32665544628668,83.0,False
101990961244800083,air_humidity,2026-08-03 21:00:00+00:00,,83.7414926320323,,False
101990961244800083,air_humidity,2026-08-03 22:00:00+00:00,,84.49107011538382,,False
101990961244800083,air_humidity,2026-08-03 23:00:00+00:00,,85.22551380648777,,False
101990961244800083,air_humidity,2026-08-04 00:00:00+00:00,,85.80997678061671,,False
101990961244800083,air_humidity,2026-08-04 01:00:00+00:00,,85.42617650382721,,False
101990961244800083,air_humidity,2026-08-04 02:00:00+00:00,,84.97735551336245,,False
101990961244800083,air_humidity,2026-08-04 03:00:00+00:00,,85.1983564719898,,False
101990961244800083,air_humidity,2026-08-04 04:00:00+00:00,,83.81063287973373,,False
101990961244800083,air_humidity,2026-08-04 05:00:00+00:00,,78.76221007957129,,False
101990961244800083,air_humidity,2026-08-04 06:00:00+00:00,,71.30770789957198,,False
101990961244800083,air_humidity,2026-08-04 07:00:00+00:00,,63.72206664583768,,False
101990961244800083,air_humidity,2026-08-04 08:00:00+00:00,,57.93964923078369,,False
101990961244800083,air_humidity,2026-08-04 09:00:00+00:00,,54.223157219563944,,False
101990961244800083,air_humidity,2026-08-04 10:00:00+00:00,,51.432858299536335,,False
101990961244800083,air_humidity,2026-08-04 11:00:00+00:00,,50.8071173913514,,False
101990961244800083,air_humidity,2026-08-04 12:00:00+00:00,,53.42564996902738,,False
101990961244800083,air_humidity,2026-08-04 13:00:00+00:00,,56.42362794729026,,False
101990961244800083,air_humidity,2026-08-04 14:00:00+00:00,,63.50421096997003,,False
101990961244800083,air_humidity,2026-08-04 15:00:00+00:00,,70.07247668295483,,False
101990961244800083,air_humidity,2026-08-04 16:00:00+00:00,,76.95831878644265,,False
101990961244800083,air_humidity,2026-08-04 17:00:00+00:00,,80.01712489582847,,False
101990961244800083,air_humidity,2026-08-04 18:00:00+00:00,,82.33664510565578,,False
101990961244800083,air_humidity,2026-08-04 19:00:00+00:00,,83.8015616664909,,False
101990961244800083,air_humidity,2026-08-04 20:00:00+00:00,,84.1789751325743,,False
101990961244800083,air_humidity,2026-08-04 21:00:00+00:00,,84.43430032569212,,False
101990961244800083,air_humidity,2026-08-04 22:00:00+00:00,,85.05632988613844,,False
101990961244800083,air_humidity,2026-08-04 23:00:00+00:00,,85.68966390051035,,False
101990961244800083,air_humidity,2026-08-05 00:00:00+00:00,,86.19507405830241,,False
101990961244800083,air_humidity,2026-08-05 01:00:00+00:00,,85.75085122001958,,False
101990961244800083,air_humidity,2026-08-05 02:00:00+00:00,,85.25761776946807,,False
101990961244800083,air_humidity,2026-08-05 03:00:00+00:00,,85.4482892489101,,False
101990961244800083,air_humidity,2026-08-05 04:00:00+00:00,,84.04300165109967,,False
101990961244800083,air_humidity,2026-08-05 05:00:00+00:00,,78.97342782759422,,False
101990961244800083,air_humidity,2026-08-05 06:00:00+00:00,,71.41599922074003,,False
101990961244800083,air_humidity,2026-08-05 07:00:00+00:00,,63.58539399777951,,False
101990961244800083,air_humidity,2026-08-05 08:00:00+00:00,,57.542057377662424,,False
101990961244800083,air_humidity,2026-08-05 09:00:00+00:00,,54.23990773287285,,False
101990961244800083,air_humidity,2026-08-05 10:00:00+00:00,,51.395197052136766,,False
101990961244800083,air_humidity,2026-08-05 11:00:00+00:00,,50.61682602796213,,False
101990961244800083,air_humidity,2026-08-05 12:00:00+00:00,95.0,53.36019296125146,,False
101990961244800083,air_humidity,2026-08-05 13:00:00+00:00,,94.39125466147803,95.0,False
101990961244800083,air_humidity,2026-08-05 14:00:00+00:00,,97.13509192035298,,False
101990961244800083,air_humidity,2026-08-05 15:00:00+00:00,85.0,100.26564024807607,,False
101990961244800083,air_humidity,2026-08-05 16:00:00+00:00,93.0,90.33326211566515,85.0,True
101990961244800083,air_humidity,2026-08-05 17:00:00+00:00,,95.87576132373687,93.0,False
101990961244800083,air_humidity,2026-08-05 18:00:00+00:00,,97.48896942647868,,False
101990961244800083,air_humidity,2026-08-05 19:00:00+00:00,,98.50569813733084,,False
101990961244800083,air_humidity,2026-08-05 20:00:00+00:00,,98.55805673727379,,False
101990961244800083,air_humidity,2026-08-05 21:00:00+00:00,,98.56273554474545,,False
101990961244800083,air_humidity,2026-08-05 22:00:00+00:00,,98.99694909140962,,False
101990961244800083,air_humidity,2026-08-05 23:00:00+00:00,,99.49410579091165,,False
101990961244800083,air_humidity,2026-08-06 00:00:00+00:00,,99.90729137162869,,False
101990961244800083,air_humidity,2026-08-06 01:00:00+00:00,,99.40950353267553,,False
101990961244800083,air_humidity,2026-08-06 02:00:00+00:00,,98.89774490598694,,False
101990961244800083,air_humidity,2026-08-06 03:00:00+00:00,,99.10282810562416,,False
101990961244800083,air_humidity,2026-08-06 04:00:00+00:00,,97.74433354803445,,False
101990961244800083,air_humidity,2026-08-06 05:00:00+00:00,,92.76576165219784,,False
101990961244800083,air_humidity,2026-08-06 06:00:00+00:00,,85.38297981937455,,False
101990961244800083,air_humidity,2026-08-06 07:00:00+00:00,,77.77170738463295,,False
101990961244800083,air_humidity,2026-08-06 08:00:00+00:00,,72.01290787628105,,False
101990961244800083,air_humidity,2026-08-06 09:00:00+00:00,,69.13022080728945,,False
101990961244800083,air_humidity,2026-08-06 10:00:00+00:00,,66.77435154986844,,False
101990961244800083,air_humidity,2026-08-06 11:00:00+00:00,,66.59376415906361,,False
101990961244800083,air_humidity,2026-08-06 12:00:00+00:00,,69.76265129555493,,False
101990961244800083,air_humidity,2026-08-06 13:00:00+00:00,,71.61488869498359,,False
101990961244800083,air_humidity,2026-08-06 14:00:00+00:00,,77.3984466375728,,False
101990961244800083,air_humidity,2026-08-06 15:00:00+00:00,,83.06117591000778,,False
101990961244800083,air_humidity,2026-08-06 16:00:00+00:00,,90.26891802424373,,False
101990961244800083,air_humidity,2026-08-06 17:00:00+00:00,,93.25340049360979,,False
101990961244800083,air_humidity,2026-08-06 18:00:00+00:00,,95.44227622514231,,False
101990961244800083,air_humidity,2026-08-06 19:00:00+00:00,,96.92989758557084,,False
101990961244800083,air_humidity,2026-08-06 20:00:00+00:00,,97.3479645938032,,False
101990961244800083,air_humidity,2026-08-06 21:00:00+00:00,,97.6388330543751,,False
101990961244800083,air_humidity,2026-08-06 22:00:00+00:00,,98.2958122702921,,False
101990961244800083,air_humidity,2026-08-06 23:00:00+00:00,,98.96239988329421,,False
101990961244800083,air_humidity,2026-08-07 00:00:00+00:00,,99.49946213604301,,False
101990961244800083,air_humidity,2026-08-07 01:00:00+00:00,,99.0858053250375,,False
101990961244800083,air_humidity,2026-08-07 02:00:00+00:00,,98.62252020078449,,False
101990961244800083,air_humidity,2026-08-07 03:00:00+00:00,,98.84296398043169,,False
101990961244800083,air_humidity,2026-08-07 04:00:00+00:00,,97.46782831684463,,False
101990961244800083,air_humidity,2026-08-07 05:00:00+00:00,,92.44017166092534,,False
101990961244800083,air_humidity,2026-08-07 06:00:00+00:00,,84.97343904453747,,False
101990961244800083,air_humidity,2026-08-07 07:00:00+00:00,,77.24003354796012,,False
101990961244800083,air_humidity,2026-08-07 08:00:00+00:00,,71.31694910550475,,False
101990961244800083,air_humidity,2026-08-07 09:00:00+00:00,,68.22567386855502,,False
101990961244800083,air_humidity,2026-08-07 10:00:00+00:00,,65.60084616088776,,False
101990961244800083,air_humidity,2026-08-07 11:00:00+00:00,,65.08219551833609,,False
101990961244800083,air_humidity,2026-08-07 12:00:00+00:00,,68.0295310971335,,False
101990961244800083,air_humidity,2026-08-07 13:00:00+00:00,,70.48501164126694,,False
101990961244800083,air_humidity,2026-08-07 14:00:00+00:00,,77.00357415091527,,False
101990961244800083,air_humidity,2026-08-07 15:00:00+00:00,,83.22637584519121,,False
101990961244800083,air_humidity,2026-08-07 16:00:00+00:00,,90.37735854179543,,False
101990961244800083,air_humidity,2026-08-07 17:00:00+00:00,,93.37602742182561,,False
101990961244800083,air_humidity,2026-08-07 18:00:00+00:00,,95.6154866949585,,False
101990961244800083,air_humidity,2026-08-07 19:00:00+00:00,,97.14446050266768,,False
101990961244800083,air_humidity,2026-08-07 20:00:00+00:00,,97.59477244653067,,False
101990961244800083,air_humidity,2026-08-07 21:00:00+00:00,,97.91096235118809,,False
101990961244800083,air_humidity,2026-08-07 22:00:00+00:00,,98.58773266594142,,False
101990961244800083,air_humidity,2026-08-07 23:00:00+00:00,,99.26947350470866,,False
101990961244800083,air_humidity,2026-08-08 00:00:00+00:00,,99.81774282165365,,False
101990961244800083,air_humidity,2026-08-08 01:00:00+00:00,,99.4118678063766,,False
101990961244800083,air_humidity,2026-08-08 02:00:00+00:00,,98.95331183210375,,False
101990961244800083,air_humidity,2026-08-08 03:00:00+00:00,,99.17567259812544,,False
101990961244800083,air_humidity,2026-08-08 04:00:00+00:00,,97.79976050867886,,False
101990961244800083,air_humidity,2026-08-08 05:00:00+00:00,,92.76862271609333,,False
101990961244800083,air_humidity,2026-08-08 06:00:00+00:00,,85.29552971017911,,False
101990961244800083,air_humidity,2026-08-08 07:00:00+00:00,,77.5526347130595,,False
101990961244800083,air_humidity,2026-08-08 08:00:00+00:00,,71.61662645268727,,False
101990961244800083,air_humidity,2026-08-08 09:00:00+00:00,,68.50883117039663,,False
101990961244800083,air_humidity,2026-08-08 10:00:00+00:00,,65.86260803383213,,False
101990961244800083,air_humidity,2026-08-08 11:00:00+00:00,,65.3169934878437,,False
101990961244800083,air_humidity,2026-08-08 12:00:00+00:00,,68.24667858860674,,False
101990961244800083,air_humidity,2026-08-08 13:00:00+00:00,,70.7505921113319,,False
101990961244800083,air_humidity,2026-08-08 14:00:00+00:00,,77.32813151796864,,False
101990961244800083,air_humidity,2026-08-08 15:00:00+00:00,,83.59587704753272,,False
101990961244800083,air_humidity,2026-08-08 16:00:00+00:00,,90.74235685473474,,False
101990961244800083,air_humidity,2026-08-08 17:00:00+00:00,,93.74220016383276,,False
101990961244800083,air_humidity,2026-08-08 18:00:00+00:00,,95.98574389522278,,False
101990961244800083,air_humidity,2026-08-08 19:00:00+00:00,,97.51805662655096,,False
101990961244800083,air_humidity,2026-08-08 20:00:00+00:00,,97.9709729342384,,False
101990961244800083,air_humidity,2026-08-08 21:00:00+00:00,,98.28920855112906,,False
101990961244800083,air_humidity,2026-08-08 22:00:00+00:00,,98.96757828694844,,False
101990961244800083,air_humidity,2026-08-08 23:00:00+00:00,,99.65054435694071,,False
101990961244800083,air_humidity,2026-08-09 00:00:00+00:00,,100.19972061895452,,False
101990961244800083,air_humidity,2026-08-09 01:00:00+00:00,,99.7944763885489,,False
101990961244800083,air_humidity,2026-08-09 02:00:00+00:00,,99.33630521069912,,False
101990961244800083,air_humidity,2026-08-09 03:00:00+00:00,,99.55882430828625,,False
101990961244800083,air_humidity,2026-08-09 04:00:00+00:00,,98.1828538061019,,False
101990961244800083,air_humidity,2026-08-09 05:00:00+00:00,,93.15144011604848,,False
101990961244800083,air_humidity,2026-08-09 06:00:00+00:00,,85.67783987337343,,False
101990961244800083,air_humidity,2026-08-09 07:00:00+00:00,,77.9341863842613,,False
101990961244800083,air_humidity,2026-08-09 08:00:00+00:00,,71.99714400439785,,False
101990961244800083,air_humidity,2026-08-09 09:00:00+00:00,,68.88802607075009,,False
101990961244800083,air_humidity,2026-08-09 10:00:00+00:00,,66.24008929124439,,False
101990961244800083,air_humidity,2026-08-09 11:00:00+00:00,,65.69231461033344,,False
101990961244800083,air_humidity,2026-08-09 12:00:00+00:00,,68.62058583494506,,False
101990961244800083,air_humidity,2026-08-09 13:00:00+00:00,,71.12838161456334,,False
101990961244800083,air_humidity,2026-08-09 14:00:00+00:00,,77.71064821172904,,False
101990961244800083,air_humidity,2026-08-09 15:00:00+00:00,,83.98199616028054,,False
101990961244800083,air_humidity,2026-08-09 16:00:00+00:00,,91.12811539824538,,False
101990961244800083,air_humidity,2026-08-09 17:00:00+00:00,,94.12805308849964,,False
101990961244800083,air_humidity,2026-08-09 18:00:00+00:00,,96.37192437770916,,False
101990961244800083,air_humidity,2026-08-09 19:00:00+00:00,,97.90450487680806,,False
101990961244800083,air_humidity,2026-08-09 20:00:00+00:00,,98.35763004912306,,False
101990961244800083,air_humidity,2026-08-09 21:00:00+00:00,,98.67602973163966,,False
101990961244800083,air_humidity,2026-08-09 22:00:00+00:00,,99.3545277440622,,False
101990961244800083,air_humidity,2026-08-09 23:00:00+00:00,,100.03759208413534,,False
101990961244800083,air_humidity,2026-08-10 00:00:00+00:00,,100.58684109330893,,False
101990961244800083,air_humidity,2026-08-10 01:00:00+00:00,,100.18164746592674,,False
101990961244800083,air_humidity,2026-08-10 02:00:00+00:00,,99.7235071671904,,False
101990961244800083,air_humidity,2026-08-10 03:00:00+00:00,,99.94603898641394,,False
101990961244800083,air_humidity,2026-08-10 04:00:00+00:00,,98.57006382883509,,False
101990961244800083,air_humidity,2026-08-10 05:00:00+00:00,,93.53862804814453,,False
101990961244800083,air_humidity,2026-08-10 06:00:00+00:00,,86.06498717013173,,False
101990961244800083,air_humidity,2026-08-10 07:00:00+00:00,,78.32127290556106,,False
101990961244800083,air_humidity,2026-08-10 08:00:00+00:00,,72.3841476574052,,False
101990961244800083,air_humidity,2026-08-10 09:00:00+00:00,,69.274923728901,,False
101990961244800083,air_humidity,2026-08-10 10:00:00+00:00,,66.62684961672491,,False
101990961244800083,air_humidity,2026-08-10 11:00:00+00:00,,66.07890181756672,,False
101990961244800083,air_humidity,2026-08-10 12:00:00+00:00,,69.00705973181168,,False
101990961244800083,air_humidity,2026-08-10 13:00:00+00:00,,71.51516665953531,,False
101990961244800083,air_humidity,2026-08-10 14:00:00+00:00,,78.0978121213881,,False
101990961244800083,air_humidity,2026-08-10 15:00:00+00:00,,84.36944878902416,,False
101990961244800083,air_humidity,2026-08-10 16:00:00+00:00,,91.51553913127125,,False
101990961244800083,air_humidity,2026-08-10 17:00:00+00:00,,94.51548438747238,,False
101990961244800083,air_humidity,2026-08-10 18:00:00+00:00,,96.75938193027946,,False
101990961244800083,air_humidity,2026-08-10 19:00:00+00:00,,98.2919838908259,,False
101990961244800083,air_humidity,2026-08-10 20:00:00+00:00,,98.74512580356969,,False
101990961244800083,air_humidity,2026-08-10 21:00:00+00:00,,99.06353863591576,,False
101990961244800083,air_humidity,2026-08-10 22:00:00+00:00,,99.74204692970761,,False
101990961244800083,air_humidity,2026-08-10 23:00:00+00:00,,100.42511914615622,,False
101990961244800083,air_humidity,2026-08-11 00:00:00+00:00,,100.9743739860722,,False
101990961244800083,air_humidity,2026-08-11 01:00:00+00:00,,100.56918441461023,,False
101990961244800083,air_humidity,2026-08-11 02:00:00+00:00,,100.11104659095588,,False
101990961244800083,air_humidity,2026-08-11 03:00:00+00:00,,100.33357942997682,,False
101990961244800083,air_humidity,2026-08-11 04:00:00+00:00,,98.95760389946932,,False
101990961244800083,air_humidity,2026-08-11 05:00:00+00:00,,93.92616634846637,,False
101990961244800083,air_humidity,2026-08-11 06:00:00+00:00,,86.45252221384607,,False
101990961244800083,air_humidity,2026-08-11 07:00:00+00:00,,78.70880307851269,,False
101990961244800083,air_humidity,2026-08-11 08:00:00+00:00,,72.77167118894256,,False
101990961244800083,air_humidity,2026-08-11 09:00:00+00:00,,69.66243876552747,,False
101990961244800083,air_humidity,2026-08-11 10:00:00+00:00,,67.01435364685467,,False
101990961244800083,air_humidity,2026-08-11 11:00:00+00:00,,66.46639197314953,,False
101990961244800083,air_humidity,2026-08-11 12:00:00+00:00,,69.39454080615155,,False
101990961244800083,air_humidity,2026-08-11 13:00:00+00:00,,71.90267267091578,,False
101990961244800083,air_humidity,2026-08-11 14:00:00+00:00,,78.48534849695986,,False
101990961244800083,air_humidity,2026-08-11 15:00:00+00:00,,84.75700830404976,,False
101990961244800083,air_humidity,2026-08-11 16:00:00+00:00,,91.90309633045986,,False
101990961244800083,air_humidity,2026-08-11 17:00:00+00:00,,94.903042193047,,False
101990961244800083,air_humidity,2026-08-11 18:00:00+00:00,,97.14694183996247,,False
101990961244800083,air_humidity,2026-08-11 19:00:00+00:00,,98.67954552054783,,False
101990961244800083,air_humidity,2026-08-11 20:00:00+00:00,,99.13268877496236,,False
101990961244800083,air_humidity,2026-08-11 21:00:00+00:00,,99.45110266120875,,False
101990961244800083,air_humidity,2026-08-11 22:00:00+00:00,,100.12961177900678,,False
101990961244800083,air_humidity,2026-08-11 23:00:00+00:00,,100.81268462671218,,False
101990961244800083,air_humidity,2026-08-12 00:00:00+00:00,,101.36193993393672,,False
101990961244800083,air_humidity,2026-08-12 01:00:00+00:00,,100.95675068753941,,False
101990961244800083,air_humidity,2026-08-12 02:00:00+00:00,,100.49861306225272,,False
101990961244800083,air_humidity,2026-08-12 03:00:00+00:00,,100.72114598300698,,False
101990961244800083,air_humidity,2026-08-12 04:00:00+00:00,,99.34517042261227,,False
101990961244800083,air_humidity,2026-08-12 05:00:00+00:00,,94.31373272972837,,False
101990961244800083,air_humidity,2026-08-12 06:00:00+00:00,,86.84008833410756,,False
101990961244800083,air_humidity,2026-08-12 07:00:00+00:00,,79.09636880840682,,False
101990961244800083,air_humidity,2026-08-12 08:00:00+00:00,,73.15923638656005,,False
101990961244800083,air_humidity,2026-08-12 09:00:00+00:00,,70.05000328231947,,False
101990961244800083,air_humidity,2026-08-12 10:00:00+00:00,,67.40191728152962,,False
101990961244800083,air_humidity,2026-08-12 11:00:00+00:00,,66.85395449584705,,False
101990961244800083,air_humidity,2026-08-12 12:00:00+00:00,,69.78210260103172,,False
101990961244800083,air_humidity,2026-08-12 13:00:00+00:00,48.0,72.29023646437906,,False
101990961244800083,air_humidity,2026-08-12 14:00:00+00:00,,55.67322428994504,48.0,False
101990961244800083,air_humidity,2026-08-12 15:00:00+00:00,,63.294714334973335,,False
101990961244800083,air_humidity,2026-08-12 16:00:00+00:00,64.0,71.52819053624381,,False
101990961244800083,air_humidity,2026-08-12 17:00:00+00:00,65.0,68.22591304426673,64.0,True
101990961244800083,air_humidity,2026-08-12 18:00:00+00:00,,68.45472647625385,65.0,False
101990961244800083,air_humidity,2026-08-12 19:00:00+00:00,,71.6321907545453,,False
101990961244800083,air_humidity,2026-08-12 20:00:00+00:00,,73.39580038251695,,False
101990961244800083,air_humidity,2026-08-12 21:00:00+00:00,,74.76892640971573,,False
101990961244800083,air_humidity,2026-08-12 22:00:00+00:00,,76.29876753720491,,False
101990961244800083,air_humidity,2026-08-12 23:00:00+00:00,,77.66832371059833,,False
101990961244800083,air_humidity,2026-08-13 00:00:00+00:00,,78.77036605180426,,False
101990961244800083,air_humidity,2026-08-13 01:00:00+00:00,,78.80953854284157,,False
101990961244800083,air_humidity,2026-08-13 02:00:00+00:00,,78.70791497482321,,False
101990961244800083,air_humidity,2026-08-13 03:00:00+00:00,,79.21588916344629,,False
101990961244800083,air_humidity,2026-08-13 04:00:00+00:00,,78.0679726326221,,False
101990961244800083,air_humidity,2026-08-13 05:00:00+00:00,,73.21481085421826,,False
101990961244800083,air_humidity,2026-08-13 06:00:00+00:00,,65.86567552673718,,False
101990961244800083,air_humidity,2026-08-13 07:00:00+00:00,,58.211741900206114,,False
101990961244800083,air_humidity,2026-08-13 08:00:00+00:00,,52.3345098491097,,False
101990961244800083,air_humidity,2026-08-13 09:00:00+00:00,61.5,49.25839059293814,,False
101990961244800083,air_humidity,2026-08-13 10:00:00+00:00,45.0,57.78558707593911,61.5,True
101990961244800083,air_humidity,2026-08-13 11:00:00+00:00,44.66666666666666,42.40312111507615,45.0,True
101990961244800083,air_humidity,2026-08-13 12:00:00+00:00,46.5,48.71707826031925,44.66666666666666,True
101990961244800083,air_humidity,2026-08-13 13:00:00+00:00,56.0,49.21063804658043,46.5,True
101990961244800083,air_humidity,2026-08-13 14:00:00+00:00,63.25,63.6887792231873,56.0,True
101990961244800083,air_humidity,2026-08-13 15:00:00+00:00,71.0,68.85057615351732,63.25,True
101990961244800083,air_humidity,2026-08-13 16:00:00+00:00,75.75,77.72850679185456,71.0,True
101990961244800083,air_humidity,2026-08-13 17:00:00+00:00,74.4,77.71840353411179,75.75,True
101990961244800083,air_humidity,2026-08-13 18:00:00+00:00,73.5,76.44312045040728,74.4,True
101990961244800083,air_humidity,2026-08-13 19:00:00+00:00,74.5,75.47713500955037,73.5,True
101990961244800083,air_humidity,2026-08-13 20:00:00+00:00,78.25,75.86824691736965,74.5,True
101990961244800083,air_humidity,2026-08-13 21:00:00+00:00,79.0,79.70466471692203,78.25,True
101990961244800083,air_humidity,2026-08-13 22:00:00+00:00,,80.04007413329143,79.0,False
101990961244800083,air_humidity,2026-08-13 23:00:00+00:00,,81.1826188471942,,False
101990961244800083,air_humidity,2026-08-14 00:00:00+00:00,,82.12083053606086,,False
101990961244800083,air_humidity,2026-08-14 01:00:00+00:00,,82.05178067845276,,False
101990961244800083,air_humidity,2026-08-14 02:00:00+00:00,,81.89237746781545,,False
101990961244800083,air_humidity,2026-08-14 03:00:00+00:00,,82.3900328319011,,False
101990961244800083,air_humidity,2026-08-14 04:00:00+00:00,78.33333333333333,81.27821104688681,,False
101990961244800083,air_humidity,2026-08-14 05:00:00+00:00,70.0,73.85722947423763,78.33333333333333,True
101990961244800083,air_humidity,2026-08-14 06:00:00+00:00,55.66666666666666,62.960307064790854,70.0,True
101990961244800083,air_humidity,2026-08-14 07:00:00+00:00,46.75,48.72269716820243,55.66666666666666,True
101990961244800083,air_humidity,2026-08-14 08:00:00+00:00,42.8,43.04884134385988,46.75,True
101990961244800083,air_humidity,2026-08-14 09:00:00+00:00,39.16666666666666,41.537119613276836,42.8,True
101990961244800083,air_humidity,2026-08-14 10:00:00+00:00,35.5,36.05501199701137,39.16666666666666,True
101990961244800083,air_humidity,2026-08-14 11:00:00+00:00,33.25,36.661302122264615,35.5,True
101990961244800083,air_humidity,2026-08-14 12:00:00+00:00,32.0,37.258144080989716,33.25,True
101990961244800083,air_humidity,2026-08-14 13:00:00+00:00,40.8,36.82286847473549,32.0,True
101990961244800083,air_humidity,2026-08-14 14:00:00+00:00,39.5,49.96643853985228,40.8,True
101990961244800083,air_humidity,2026-08-14 15:00:00+00:00,47.5,46.46584480528968,39.5,True
101990961244800083,air_humidity,2026-08-14 16:00:00+00:00,54.5,57.050368573277694,47.5,True
101990961244800083,air_humidity,2026-08-14 17:00:00+00:00,60.4,58.69012187163395,54.5,True
101990961244800083,air_humidity,2026-08-14 18:00:00+00:00,66.0,64.43655833605249,60.4,True
101990961244800083,air_humidity,2026-08-14 19:00:00+00:00,68.5,69.01662454800683,66.0,True
101990961244800083,air_humidity,2026-08-14 20:00:00+00:00,69.4,70.2959458725786,68.5,True
101990961244800083,air_humidity,2026-08-14 21:00:00+00:00,71.5,70.54213733520078,69.4,True
101990961244800083,air_humidity,2026-08-14 22:00:00+00:00,,73.0196604244111,71.5,False
101990961244800083,air_humidity,2026-08-14 23:00:00+00:00,,74.18665515159329,,False
101990961244800083,air_humidity,2026-08-15 00:00:00+00:00,,75.14391534407648,,False
101990961244800083,air_humidity,2026-08-15 01:00:00+00:00,,75.0901165704235,,False
101990961244800083,air_humidity,2026-08-15 02:00:00+00:00,,74.94359637744094,,False
101990961244800083,air_humidity,2026-08-15 03:00:00+00:00,,75.453102094131,,False
101990961244800083,air_humidity,2026-08-15 04:00:00+00:00,76.33333333333333,74.28084304238682,,False
101990961244800083,air_humidity,2026-08-15 05:00:00+00:00,71.0,70.8248980127621,76.33333333333333,True
101990961244800083,air_humidity,2026-08-15 06:00:00+00:00,59.0,62.50002907522036,71.0,True
101990961244800083,air_humidity,2026-08-15 07:00:00+00:00,50.5,50.82763367363614,59.0,True
101990961244800083,air_humidity,2026-08-15 08:00:00+00:00,40.5,45.40895448528784,50.5,True
101990961244800083,air_humidity,2026-08-15 09:00:00+00:00,35.5,37.41567624281045,40.5,True
101990961244800083,air_humidity,2026-08-15 10:00:00+00:00,35.0,33.067944679879226,35.5,True
101990961244800083,air_humidity,2026-08-15 11:00:00+00:00,38.0,35.657701308062414,35.0,True
101990961244800083,air_humidity,2026-08-15 12:00:00+00:00,42.5,41.16788954837226,38.0,True
101990961244800083,air_humidity,2026-08-15 13:00:00+00:00,39.0,46.37236926127275,42.5,True
101990961244800083,air_humidity,2026-08-15 14:00:00+00:00,38.8,43.980106402852556,39.0,True
101990961244800083,air_humidity,2026-08-15 15:00:00+00:00,41.0,46.19976170526423,38.8,True
101990961244800083,air_humidity,2026-08-15 16:00:00+00:00,46.8,49.45769821669782,41.0,True
101990961244800083,air_humidity,2026-08-15 17:00:00+00:00,55.75,52.05981656314691,46.8,True
101990961244800083,air_humidity,2026-08-15 18:00:00+00:00,63.25,60.89291309130185,55.75,True
101990961244800083,air_humidity,2026-08-15 19:00:00+00:00,66.0,66.36754969595731,63.25,True
101990961244800083,air_humidity,2026-08-15 20:00:00+00:00,66.8,67.34048496490783,66.0,True
101990961244800083,air_humidity,2026-08-15 21:00:00+00:00,64.0,67.96106750480206,66.8,True
101990961244800083,air_humidity,2026-08-15 22:00:00+00:00,,65.10527427431884,64.0,False
101990961244800083,air_humidity,2026-08-15 23:00:00+00:00,,66.99734738214957,,False
101990961244800083,air_humidity,2026-08-16 00:00:00+00:00,,68.5588102339373,,False
101990961244800083,air_humidity,2026-08-16 01:00:00+00:00,,69.01456582820589,,False
101990961244800083,air_humidity,2026-08-16 02:00:00+00:00,,69.30508045316682,,False
101990961244800083,air_humidity,2026-08-16 03:00:00+00:00,,70.19809234819024,,False
101990961244800083,air_humidity,2026-08-16 04:00:00+00:00,72.0,69.40622297275223,,False
101990961244800083,air_humidity,2026-08-16 05:00:00+00:00,69.8,66.86926929926344,72.0,True
101990961244800083,air_humidity,2026-08-16 06:00:00+00:00,58.8,61.514149796724446,69.8,True
101990961244800083,air_humidity,2026-08-16 07:00:00+00:00,51.75,50.27853378840565,58.8,True
101990961244800083,air_humidity,2026-08-16 08:00:00+00:00,40.25,45.599124542463464,51.75,True
101990961244800083,air_humidity,2026-08-16 09:00:00+00:00,42.8,36.26292281494069,40.25,True
101990961244800083,air_humidity,2026-08-16 10:00:00+00:00,43.0,40.81809856427669,42.8,True
101990961244800083,air_humidity,2026-08-16 11:00:00+00:00,43.75,42.45475145438975,43.0,True
101990961244800083,air_humidity,2026-08-16 12:00:00+00:00,43.5,45.904522907050406,43.75,True
101990961244800083,air_humidity,2026-08-16 13:00:00+00:00,42.0,44.76689957474488,43.5,True
101990961244800083,air_humidity,2026-08-16 14:00:00+00:00,46.0,46.87492650437808,42.0,True
101990961244800083,air_humidity,2026-08-16 15:00:00+00:00,52.0,52.04050862155016,46.0,True
101990961244800083,air_humidity,2026-08-16 16:00:00+00:00,63.75,59.12074247654943,52.0,True
101990961244800083,air_humidity,2026-08-16 17:00:00+00:00,67.6,67.88270481733721,63.75,True
101990961244800083,air_humidity,2026-08-16 18:00:00+00:00,66.8,69.94222981468305,67.6,True
101990961244800083,air_humidity,2026-08-16 19:00:00+00:00,64.5,67.92456974503898,66.8,True
101990961244800083,air_humidity,2026-08-16 20:00:00+00:00,67.2,65.17681590734276,64.5,True
101990961244800083,air_humidity,2026-08-16 21:00:00+00:00,70.5,68.06155067565156,67.2,True
101990961244800083,air_humidity,2026-08-16 22:00:00+00:00,,71.6990748903932,70.5,False
101990961244800083,air_humidity,2026-08-16 23:00:00+00:00,,72.39668229468074,,False
101990961244800083,air_humidity,2026-08-17 00:00:00+00:00,,72.98327384551007,,False
101990961244800083,air_humidity,2026-08-17 01:00:00+00:00,,72.6412395874325,,False
101990961244800083,air_humidity,2026-08-17 02:00:00+00:00,,72.27621286265396,,False
101990961244800083,air_humidity,2026-08-17 03:00:00+00:00,,72.62724441630458,,False
101990961244800083,air_humidity,2026-08-17 04:00:00+00:00,82.0,71.48392803573336,,False
101990961244800083,air_humidity,2026-08-17 05:00:00+00:00,76.0,76.0819582949837,82.0,True
101990961244800083,air_humidity,2026-08-17 06:00:00+00:00,63.833333333333336,66.12755407917513,76.0,True
101990961244800083,air_humidity,2026-08-17 07:00:00+00:00,57.4,54.89445505314482,63.833333333333336,True
101990961244800083,air_humidity,2026-08-17 08:00:00+00:00,51.5,50.36287408316608,57.4,True
101990961244800083,air_humidity,2026-08-17 09:00:00+00:00,51.0,48.186936022742756,51.5,True
101990961244800083,air_humidity,2026-08-17 10:00:00+00:00,48.0,47.389504394536004,51.0,True
101990961244800083,air_humidity,2026-08-17 11:00:00+00:00,44.75,46.54369082300798,48.0,True
101990961244800083,air_humidity,2026-08-17 12:00:00+00:00,67.4,45.90326290448861,44.75,True
101990961244800083,air_humidity,2026-08-17 13:00:00+00:00,75.25,70.4224027850828,67.4,True
101990961244800083,air_humidity,2026-08-17 14:00:00+00:00,69.25,77.05363565093401,75.25,True
101990961244800083,air_humidity,2026-08-17 15:00:00+00:00,64.5,70.786856803493,69.25,True
101990961244800083,air_humidity,2026-08-17 16:00:00+00:00,71.25,69.55521896093167,64.5,True
101990961244800083,air_humidity,2026-08-17 17:00:00+00:00,76.16666666666667,73.92011811416226,71.25,True
101990961244800083,air_humidity,2026-08-17 18:00:00+00:00,78.75,77.5975427472624,76.16666666666667,True
101990961244800083,air_humidity,2026-08-17 19:00:00+00:00,79.4,78.92592406937115,78.75,True
101990961244800083,air_humidity,2026-08-17 20:00:00+00:00,79.2,79.34551331235342,79.4,True
101990961244800083,air_humidity,2026-08-17 21:00:00+00:00,79.0,78.92487541827113,79.2,True
101990961244800083,air_humidity,2026-08-17 22:00:00+00:00,,79.27279996471208,79.0,False
101990961244800083,air_humidity,2026-08-17 23:00:00+00:00,,79.66415432700452,,False
101990961244800083,air_humidity,2026-08-18 00:00:00+00:00,,80.02361017585355,,False
101990961244800083,air_humidity,2026-08-18 01:00:00+00:00,,79.52297724730036,,False
101990961244800083,air_humidity,2026-08-18 02:00:00+00:00,,79.0602690159072,,False
101990961244800083,air_humidity,2026-08-18 03:00:00+00:00,,79.36955852662913,,False
101990961244800083,air_humidity,2026-08-18 04:00:00+00:00,83.0,78.13487171141351,,False
101990961244800083,air_humidity,2026-08-18 05:00:00+00:00,78.25,77.1756799020986,83.0,True
101990961244800083,air_humidity,2026-08-18 06:00:00+00:00,65.5,68.80381694264601,78.25,True
101990961244800083,air_humidity,2026-08-18 07:00:00+00:00,56.0,56.94214766690082,65.5,True
101990961244800083,air_humidity,2026-08-18 08:00:00+00:00,51.0,49.673703645608754,56.0,True
101990961244800083,air_humidity,2026-08-18 09:00:00+00:00,49.5,48.49510119206863,51.0,True
101990961244800083,air_humidity,2026-08-18 10:00:00+00:00,46.285714285714285,46.25429948553249,49.5,True
101990961244800083,air_humidity,2026-08-18 11:00:00+00:00,43.8,45.22386203777752,46.285714285714285,True
101990961244800083,air_humidity,2026-08-18 12:00:00+00:00,62.0,48.57494157580611,43.8,True
101990961244800083,air_humidity,2026-08-18 13:00:00+00:00,89.75,66.14051804470509,62.0,True
101990961244800083,air_humidity,2026-08-18 14:00:00+00:00,77.4,93.26717515816097,89.75,True
101990961244800083,air_humidity,2026-08-18 15:00:00+00:00,89.25,75.41707851406201,77.4,True
101990961244800083,air_humidity,2026-08-18 16:00:00+00:00,91.0,95.13013776378922,89.25,True
101990961244800083,air_humidity,2026-08-18 17:00:00+00:00,90.75,90.06275572152569,91.0,True
101990961244800083,air_humidity,2026-08-18 18:00:00+00:00,90.5,90.59939894668126,90.75,True
101990961244800083,air_humidity,2026-08-18 19:00:00+00:00,88.0,89.6303867577518,90.5,True
101990961244800083,air_humidity,2026-08-18 20:00:00+00:00,85.5,86.77499599740507,88.0,True
101990961244800083,air_humidity,2026-08-18 21:00:00+00:00,,84.57586689871123,85.5,False
101990961244800083,air_humidity,2026-08-18 22:00:00+00:00,,84.72795201837508,,False
101990961244800083,air_humidity,2026-08-18 23:00:00+00:00,,85.06434245413404,,False
101990961244800083,air_humidity,2026-08-19 00:00:00+00:00,,85.3650264920528,,False
101990961244800083,air_humidity,2026-08-19 01:00:00+00:00,,84.79895928225572,,False
101990961244800083,air_humidity,2026-08-19 02:00:00+00:00,,84.26101603961978,,False
101990961244800083,air_humidity,2026-08-19 03:00:00+00:00,,84.4817033982588,,False
101990961244800083,air_humidity,2026-08-19 04:00:00+00:00,81.0,83.20087618081583,,False
101990961244800083,air_humidity,2026-08-19 05:00:00+00:00,76.5,76.03879054668829,81.0,True
101990961244800083,air_humidity,2026-08-19 06:00:00+00:00,69.25,67.71410570920769,76.5,True
101990961244800083,air_humidity,2026-08-19 07:00:00+00:00,65.5,61.513806657393374,69.25,True
101990961244800083,air_humidity,2026-08-19 08:00:00+00:00,64.66666666666667,59.489461978362016,65.5,True
101990961244800083,air_humidity,2026-08-19 09:00:00+00:00,,61.44185494068942,64.66666666666667,False
101990961244800083,air_humidity,2026-08-19 10:00:00+00:00,55.0,56.704674711191664,,False
101990961244800083,air_humidity,2026-08-19 11:00:00+00:00,50.5,53.03056425148125,55.0,True
101990961244800083,air_humidity,2026-08-19 12:00:00+00:00,50.0,54.90913066693959,50.5,True
101990961244800083,air_humidity,2026-08-19 13:00:00+00:00,,55.45688524311693,50.0,False
101990961244800083,air_humidity,2026-08-19 14:00:00+00:00,59.0,59.13252006512871,,False
101990961244800083,air_humidity,2026-08-19 15:00:00+00:00,,66.05097619212604,59.0,False
101990961244800083,air_humidity,2026-08-19 16:00:00+00:00,,72.94122199181751,,False
101990961244800083,air_humidity,2026-08-19 17:00:00+00:00,96.0,76.07281017098705,,False
101990961244800083,air_humidity,2026-08-19 18:00:00+00:00,94.5,96.67343764806164,96.0,True
101990961244800083,air_humidity,2026-08-19 19:00:00+00:00,92.0,92.69329409717237,94.5,True
101990961244800083,air_humidity,2026-08-19 20:00:00+00:00,91.0,90.52913426393229,92.0,True
101990961244800083,air_humidity,2026-08-19 21:00:00+00:00,,89.93111624821358,91.0,False
101990961244800083,air_humidity,2026-08-19 22:00:00+00:00,,89.57439474523198,,False
101990961244800083,air_humidity,2026-08-19 23:00:00+00:00,,89.4734293639919,,False
101990961244800083,air_humidity,2026-08-20 00:00:00+00:00,,89.39649743765642,,False
101990961244800083,air_humidity,2026-08-20 01:00:00+00:00,,88.49625818464804,,False
101990961244800083,air_humidity,2026-08-20 02:00:00+00:00,,87.65317641742385,,False
101990961244800083,air_humidity,2026-08-20 03:00:00+00:00,,87.58460104963179,,False
101990961244800083,air_humidity,2026-08-20 04:00:00+00:00,,86.04440920067428,,False
101990961244800083,air_humidity,2026-08-20 05:00:00+00:00,,80.8101127299968,,False
101990961244800083,air_humidity,2026-08-20 06:00:00+00:00,,72.15488583822972,,False
101990961244800083,air_humidity,2026-08-20 07:00:00+00:00,,64.76192952175528,,False
101990961244800083,air_humidity,2026-08-20 08:00:00+00:00,,59.16716008310279,,False
101990961244800083,air_humidity,2026-08-20 09:00:00+00:00,62.0,56.11585063411064,,False
101990961244800083,air_humidity,2026-08-20 10:00:00+00:00,60.0,57.81600238747775,62.0,True
101990961244800083,air_humidity,2026-08-20 11:00:00+00:00,58.5,58.18096340523867,60.0,True
101990961244800083,air_humidity,2026-08-20 12:00:00+00:00,59.5,61.063507131927004,58.5,True
101990961244800083,air_humidity,2026-08-20 13:00:00+00:00,73.0,62.59629834952806,59.5,True
101990961244800083,air_humidity,2026-08-20 14:00:00+00:00,94.0,77.48781655870442,73.0,True
101990961244800083,air_humidity,2026-08-20 15:00:00+00:00,96.0,99.81939204898488,94.0,True
101990961244800083,air_humidity,2026-08-20 16:00:00+00:00,95.0,99.08658870556562,96.0,True
101990961244800083,air_humidity,2026-08-20 17:00:00+00:00,94.0,95.53666242705522,95.0,True
101990961244800083,air_humidity,2026-08-20 18:00:00+00:00,93.33333333333331,93.90069854372787,94.0,True
101990961244800083,air_humidity,2026-08-20 19:00:00+00:00,93.0,92.87124702997349,93.33333333333331,True
101990961244800083,air_humidity,2026-08-20 20:00:00+00:00,,92.51868284847824,93.0,False
101990961244800083,air_humidity,2026-08-20 21:00:00+00:00,,92.00174379769072,,False
101990961244800083,air_humidity,2026-08-20 22:00:00+00:00,,92.19425604881485,,False
101990961244800083,air_humidity,2026-08-20 23:00:00+00:00,,92.54714867839427,,False
101990961244800083,air_humidity,2026-08-21 00:00:00+00:00,,92.84561947596238,,False
101990961244800083,air_humidity,2026-08-21 01:00:00+00:00,,92.25816750353269,,False
101990961244800083,air_humidity,2026-08-21 02:00:00+00:00,,91.67838865795517,,False
101990961244800083,air_humidity,2026-08-21 03:00:00+00:00,,91.83461950054605,,False
101990961244800083,air_humidity,2026-08-21 04:00:00+00:00,,90.47846426347921,,False
101990961244800083,air_humidity,2026-08-21 05:00:00+00:00,,85.34907493532741,,False
101990961244800083,air_humidity,2026-08-21 06:00:00+00:00,,76.72286392949886,,False
101990961244800083,air_humidity,2026-08-21 07:00:00+00:00,64.0,69.16619383382003,,False
101990961244800083,air_humidity,2026-08-21 08:00:00+00:00,63.0,58.69038864281748,64.0,True
101990961244800083,air_humidity,2026-08-21 09:00:00+00:00,,61.0385845099858,63.0,False
101990961244800083,air_humidity,2026-08-21 10:00:00+00:00,54.5,57.66916866609241,,False
101990961244800083,air_humidity,2026-08-21 11:00:00+00:00,,53.576460579471906,54.5,False
101990961244800083,air_humidity,2026-08-21 12:00:00+00:00,55.0,57.45528678973382,,False
101990961244800083,air_humidity,2026-08-21 13:00:00+00:00,52.0,60.54668693840688,55.0,True
101990961244800083,air_humidity,2026-08-21 14:00:00+00:00,56.0,58.54824356291715,52.0,True
101990961244800083,air_humidity,2026-08-21 15:00:00+00:00,61.0,63.50987620782142,56.0,True
101990961244800083,air_humidity,2026-08-21 16:00:00+00:00,73.0,68.98335422335401,61.0,True
101990961244800083,air_humidity,2026-08-21 17:00:00+00:00,78.5,78.04544762424342,73.0,True
101990961244800083,air_humidity,2026-08-21 18:00:00+00:00,,81.2136550304525,78.5,False
101990961244800083,air_humidity,2026-08-21 19:00:00+00:00,,82.7974548349237,,False
101990961244800083,air_humidity,2026-08-21 20:00:00+00:00,,83.69095768384844,,False
101990961244800083,air_humidity,2026-08-21 21:00:00+00:00,,84.25271919478976,,False
101990961244800083,air_humidity,2026-08-21 22:00:00+00:00,,85.30366393074038,,False
101990961244800083,air_humidity,2026-08-21 23:00:00+00:00,,86.3454633177781,,False
101990961244800083,air_humidity,2026-08-22 00:00:00+00:00,,87.19527587449883,,False
101990961244800083,air_humidity,2026-08-22 01:00:00+00:00,,87.04612079410714,,False
101990961244800083,air_humidity,2026-08-22 02:00:00+00:00,,86.81121998934302,,False
101990961244800083,air_humidity,2026-08-22 03:00:00+00:00,,87.23449278572643,,False
101990961244800083,air_humidity,2026-08-22 04:00:00+00:00,,86.07514277938354,,False
101990961244800083,air_humidity,2026-08-22 05:00:00+00:00,83.0,81.06453101228021,,False
101990961244800083,air_humidity,2026-08-22 06:00:00+00:00,77.0,74.22821142051396,83.0,True
101990961244800083,air_humidity,2026-08-22 07:00:00+00:00,,69.48235475883466,77.0,False
101990961244800083,air_humidity,2026-08-22 08:00:00+00:00,,63.65949721944319,,False
101990961244800083,air_humidity,2026-08-22 09:00:00+00:00,59.0,60.245869573667576,,False
101990961244800083,air_humidity,2026-08-22 10:00:00+00:00,52.0,55.26642115585351,59.0,True
101990961244800083,air_humidity,2026-08-22 11:00:00+00:00,50.0,50.78278088968497,52.0,True
101990961244800083,air_humidity,2026-08-22 12:00:00+00:00,53.0,53.95036199471737,50.0,True
101990961244800083,air_humidity,2026-08-22 13:00:00+00:00,59.0,56.908010481058334,53.0,True
101990961244800083,air_humidity,2026-08-22 14:00:00+00:00,67.0,64.68635466929145,59.0,True
101990961244800083,air_humidity,2026-08-22 15:00:00+00:00,,73.21198905987954,67.0,False
101990961244800083,air_humidity,2026-08-22 16:00:00+00:00,78.0,80.36446868446014,,False
101990961244800083,air_humidity,2026-08-22 17:00:00+00:00,78.33333333333333,81.2840476182889,78.0,True
101990961244800083,air_humidity,2026-08-22 18:00:00+00:00,80.0,80.3463577687156,78.33333333333333,True
101990961244800083,air_humidity,2026-08-22 19:00:00+00:00,82.0,81.65669969998963,80.0,True
101990961244800083,air_humidity,2026-08-22 20:00:00+00:00,,83.07409789962509,82.0,False
101990961244800083,air_humidity,2026-08-22 21:00:00+00:00,,83.71887095172126,,False
101990961244800083,air_humidity,2026-08-22 22:00:00+00:00,,84.84312850397032,,False
101990961244800083,air_humidity,2026-08-22 23:00:00+00:00,,85.95167843448242,,False
101990961244800083,air_humidity,2026-08-23 00:00:00+00:00,,86.86443411105714,,False
101990961244800083,air_humidity,2026-08-23 01:00:00+00:00,,86.77700071268221,,False
101990961244800083,air_humidity,2026-08-23 02:00:00+00:00,,86.6051332069024,,False
101990961244800083,air_humidity,2026-08-23 03:00:00+00:00,,87.09534079874349,,False
101990961244800083,air_humidity,2026-08-23 04:00:00+00:00,,86.00940387175989,,False
101990961244800083,air_humidity,2026-08-23 05:00:00+00:00,,81.15155197136602,,False
101990961244800083,air_humidity,2026-08-23 06:00:00+00:00,,72.97692635342769,,False
101990961244800083,air_humidity,2026-08-23 07:00:00+00:00,,65.50386284259261,,False
101990961244800083,air_humidity,2026-08-23 08:00:00+00:00,,59.89733530134497,,False
101990961244800083,air_humidity,2026-08-23 09:00:00+00:00,49.5,56.912295062540565,,False
101990961244800083,air_humidity,2026-08-23 10:00:00+00:00,,46.520978210868265,49.5,False
101990961244800083,air_humidity,2026-08-23 11:00:00+00:00,,46.48026913248914,,False
101990961244800083,air_humidity,2026-08-23 12:00:00+00:00,47.5,50.89279173316599,,False
101990961244800083,air_humidity,2026-08-23 13:00:00+00:00,57.0,52.72258158041743,47.5,True
101990961244800083,air_humidity,2026-08-23 14:00:00+00:00,,63.68298769054279,57.0,False
101990961244800083,air_humidity,2026-08-23 15:00:00+00:00,,69.74205200715623,,False
101990961244800083,air_humidity,2026-08-23 16:00:00+00:00,65.0,76.70082602457762,,False
101990961244800083,air_humidity,2026-08-23 17:00:00+00:00,70.0,68.8765920634218,65.0,True
101990961244800083,air_humidity,2026-08-23 18:00:00+00:00,,73.69009824436097,70.0,False
101990961244800083,air_humidity,2026-08-23 19:00:00+00:00,,76.01540961237274,,False
101990961244800083,air_humidity,2026-08-23 20:00:00+00:00,,77.44423225830829,,False
101990961244800083,air_humidity,2026-08-23 21:00:00+00:00,,78.42011813268385,,False
101990961244800083,air_humidity,2026-08-23 22:00:00+00:00,,79.8061797055696,,False
101990961244800083,air_humidity,2026-08-23 23:00:00+00:00,,81.12205559175534,,False
101990961244800083,air_humidity,2026-08-24 00:00:00+00:00,,82.19755422816908,,False
101990961244800083,air_humidity,2026-08-24 01:00:00+00:00,,82.23575634394483,,False
101990961244800083,air_humidity,2026-08-24 02:00:00+00:00,,82.15828593569316,,False
101990961244800083,air_humidity,2026-08-24 03:00:00+00:00,,82.71616921333668,,False
101990961244800083,air_humidity,2026-08-24 04:00:00+00:00,,81.67350416706289,,False
101990961244800083,air_humidity,2026-08-24 05:00:00+00:00,71.0,76.79308733738267,,False
101990961244800083,air_humidity,2026-08-24 06:00:00+00:00,60.5,63.244001868875095,71.0,True
101990961244800083,air_humidity,2026-08-24 07:00:00+00:00,53.5,53.622555774257755,60.5,True
101990961244800083,air_humidity,2026-08-24 08:00:00+00:00,49.0,48.9478681945478,53.5,True
101990961244800083,air_humidity,2026-08-24 09:00:00+00:00,,46.95341480551867,49.0,False
101990961244800083,air_humidity,2026-08-24 10:00:00+00:00,42.6,44.12452126752587,,False
101990961244800083,air_humidity,2026-08-24 11:00:00+00:00,41.0,42.288788782533665,42.6,True
101990961244800083,air_humidity,2026-08-24 12:00:00+00:00,38.5,45.406792113645366,41.0,True
101990961244800083,air_humidity,2026-08-24 13:00:00+00:00,,43.70071856230144,38.5,False
101990961244800083,air_humidity,2026-08-24 14:00:00+00:00,54.333333333333336,50.46025261787734,,False
101990961244800083,air_humidity,2026-08-24 15:00:00+00:00,73.0,61.0584695104981,54.333333333333336,True
101990961244800083,air_humidity,2026-08-24 16:00:00+00:00,76.0,80.77898352028586,73.0,True
101990961244800083,air_humidity,2026-08-24 17:00:00+00:00,83.0,77.56119655833875,76.0,True
101990961244800083,air_humidity,2026-08-24 18:00:00+00:00,,85.08758453323291,83.0,False
101990961244800083,air_humidity,2026-08-24 19:00:00+00:00,,85.02015514708376,,False
101990961244800083,air_humidity,2026-08-24 20:00:00+00:00,,84.54037035186391,,False
101990961244800083,air_humidity,2026-08-24 21:00:00+00:00,,83.97095572979777,,False
101990961244800083,air_humidity,2026-08-24 22:00:00+00:00,,84.09507560466922,,False
101990961244800083,air_humidity,2026-08-24 23:00:00+00:00,,84.37845174359583,,False
101990961244800083,air_humidity,2026-08-25 00:00:00+00:00,,84.6062856936274,,False
101990961244800083,air_humidity,2026-08-25 01:00:00+00:00,,83.94494014170611,,False
101990961244800083,air_humidity,2026-08-25 02:00:00+00:00,,83.28573261190608,,False
101990961244800083,air_humidity,2026-08-25 03:00:00+00:00,,83.35448253831119,,False
101990961244800083,air_humidity,2026-08-25 04:00:00+00:00,,81.89387859104762,,False
101990961244800083,air_humidity,2026-08-25 05:00:00+00:00,,76.60371775558106,,False
101990961244800083,air_humidity,2026-08-25 06:00:00+00:00,,67.76573824936803,,False
101990961244800083,air_humidity,2026-08-25 07:00:00+00:00,,60.21593808340459,,False
101990961244800083,air_humidity,2026-08-25 08:00:00+00:00,,54.649554553526706,,False
101990961244800083,air_humidity,2026-08-25 09:00:00+00:00,,51.66239153203063,,False
101990961244800083,air_humidity,2026-08-25 10:00:00+00:00,,48.11274528673227,,False
101990961244800083,air_humidity,2026-08-25 11:00:00+00:00,,47.07008619105105,,False
101990961244800083,air_humidity,2026-08-25 12:00:00+00:00,,49.97277118183465,,False
101990961244800083,air_humidity,2026-08-25 13:00:00+00:00,,54.49933852775804,,False
101990961244800083,air_humidity,2026-08-25 14:00:00+00:00,,60.20505537458693,,False
101990961244800083,air_humidity,2026-08-25 15:00:00+00:00,,67.65850332066711,,False
101990961244800083,air_humidity,2026-08-25 16:00:00+00:00,,73.95855538545189,,False
101990961244800083,air_humidity,2026-08-25 17:00:00+00:00,,77.59322405408174,,False
101990961244800083,air_humidity,2026-08-25 18:00:00+00:00,,79.61305553880975,,False
101990961244800083,air_humidity,2026-08-25 19:00:00+00:00,,80.56253065261538,,False
101990961244800083,air_humidity,2026-08-25 20:00:00+00:00,,80.91662239054227,,False
101990961244800083,air_humidity,2026-08-25 21:00:00+00:00,,81.03016444066894,,False
101990961244800083,air_humidity,2026-08-25 22:00:00+00:00,,81.71440184125906,,False
101990961244800083,air_humidity,2026-08-25 23:00:00+00:00,,82.45921595208603,,False
101990961244800083,air_humidity,2026-08-26 00:00:00+00:00,,83.06969642614798,,False
101990961244800083,air_humidity,2026-08-26 01:00:00+00:00,,82.72868338943078,,False
101990961244800083,air_humidity,2026-08-26 02:00:00+00:00,,82.34127440425888,,False
101990961244800083,air_humidity,2026-08-26 03:00:00+00:00,,82.64496804184988,,False
101990961244800083,air_humidity,2026-08-26 04:00:00+00:00,,81.39253669987548,,False
101990961244800083,air_humidity,2026-08-26 05:00:00+00:00,80.0,76.31369750702166,,False
101990961244800083,air_humidity,2026-08-26 06:00:00+00:00,,71.09274825121184,80.0,False
101990961244800083,air_humidity,2026-08-26 07:00:00+00:00,,63.2003382254997,,False
101990961244800083,air_humidity,2026-08-26 08:00:00+00:00,46.5,57.30700465481586,,False
101990961244800083,air_humidity,2026-08-26 09:00:00+00:00,45.0,44.11629123661764,46.5,True
101990961244800083,air_humidity,2026-08-26 10:00:00+00:00,39.0,42.77533754868225,45.0,True
101990961244800083,air_humidity,2026-08-26 11:00:00+00:00,,38.63530121248158,39.0,False
101990961244800083,air_humidity,2026-08-26 12:00:00+00:00,31.5,43.30495808455845,,False
101990961244800083,air_humidity,2026-08-26 13:00:00+00:00,35.0,37.574091798600186,31.5,True
101990961244800083,air_humidity,2026-08-26 14:00:00+00:00,49.0,42.72819192712609,35.0,True
101990961244800083,air_humidity,2026-08-26 15:00:00+00:00,64.0,58.45304947392956,49.0,True
101990961244800083,air_humidity,2026-08-26 16:00:00+00:00,68.0,71.92773951540347,64.0,True
101990961244800083,air_humidity,2026-08-26 17:00:00+00:00,72.66666666666667,71.01316814412267,68.0,True
101990961244800083,air_humidity,2026-08-26 18:00:00+00:00,81.5,75.36091971286139,72.66666666666667,True
101990961244800083,air_humidity,2026-08-26 19:00:00+00:00,83.0,83.14916227177413,81.5,True
101990961244800083,air_humidity,2026-08-26 20:00:00+00:00,,82.57562595708468,83.0,False
101990961244800083,air_humidity,2026-08-26 21:00:00+00:00,,82.09978782924294,,False
101990961244800083,air_humidity,2026-08-26 22:00:00+00:00,,82.31815948047021,,False
101990961244800083,air_humidity,2026-08-26 23:00:00+00:00,,82.6995953396891,,False
101990961244800083,air_humidity,2026-08-27 00:00:00+00:00,,83.0333862241059,,False
101990961244800083,air_humidity,2026-08-27 01:00:00+00:00,,82.49055053872235,,False
101990961244800083,air_humidity,2026-08-27 02:00:00+00:00,,81.9676050430297,,False
101990961244800083,air_humidity,2026-08-27 03:00:00+00:00,,82.19633673647841,,False
101990961244800083,air_humidity,2026-08-27 04:00:00+00:00,,80.92660972613545,,False
101990961244800083,air_humidity,2026-08-27 05:00:00+00:00,,75.77035539887525,,False
101990961244800083,air_humidity,2026-08-27 06:00:00+00:00,,66.60967787446702,,False
101990961244800083,air_humidity,2026-08-27 07:00:00+00:00,,58.426510353289295,,False
101990961244800083,air_humidity,2026-08-27 08:00:00+00:00,,52.343225635144954,,False
101990961244800083,air_humidity,2026-08-27 09:00:00+00:00,,49.57470426176407,,False
101990961244800083,air_humidity,2026-08-27 10:00:00+00:00,,45.71811176959624,,False
101990961244800083,air_humidity,2026-08-27 11:00:00+00:00,,44.124603193981464,,False
101990961244800083,air_humidity,2026-08-27 12:00:00+00:00,,46.875592516244176,,False
101990961244800083,air_humidity,2026-08-27 13:00:00+00:00,,51.17283109076731,,False
101990961244800083,air_humidity,2026-08-27 14:00:00+00:00,,57.59451318650422,,False
101990961244800083,air_humidity,2026-08-27 15:00:00+00:00,50.0,65.1528880877561,,False
101990961244800083,air_humidity,2026-08-27 16:00:00+00:00,,57.71093249253475,50.0,False
101990961244800083,air_humidity,2026-08-27 17:00:00+00:00,72.0,63.01870314990614,,False
101990961244800083,air_humidity,2026-08-27 18:00:00+00:00,,75.8842223404863,72.0,False
101990961244800083,air_humidity,2026-08-27 19:00:00+00:00,,76.86086489364068,,False
101990961244800083,air_humidity,2026-08-27 20:00:00+00:00,,77.02194283286829,,False
101990961244800083,air_humidity,2026-08-27 21:00:00+00:00,,76.97346462524679,,False
101990961244800083,air_humidity,2026-08-27 22:00:00+00:00,,77.53052781156217,,False
101990961244800083,air_humidity,2026-08-27 23:00:00+00:00,,78.1770182318301,,False
101990961244800083,air_humidity,2026-08-28 00:00:00+00:00,,78.71398227319546,,False
101990961244800083,air_humidity,2026-08-28 01:00:00+00:00,,78.32152236046919,,False
101990961244800083,air_humidity,2026-08-28 02:00:00+00:00,,77.90295383799021,,False
101990961244800083,air_humidity,2026-08-28 03:00:00+00:00,,78.19487111492573,,False
101990961244800083,air_humidity,2026-08-28 04:00:00+00:00,,76.95010291228778,,False
101990961244800083,air_humidity,2026-08-28 05:00:00+00:00,,71.83927880950013,,False
101990961244800083,air_humidity,2026-08-28 06:00:00+00:00,,62.95663701702611,,False
101990961244800083,air_humidity,2026-08-28 07:00:00+00:00,,55.08452653080847,,False
101990961244800083,air_humidity,2026-08-28 08:00:00+00:00,,49.20789331298839,,False
101990961244800083,air_humidity,2026-08-28 09:00:00+00:00,,46.28116970811976,,False
101990961244800083,air_humidity,2026-08-28 10:00:00+00:00,,42.51134591581469,,False
101990961244800083,air_humidity,2026-08-28 11:00:00+00:00,,41.13923510517123,,False
101990961244800083,air_humidity,2026-08-28 12:00:00+00:00,,44.09110373070894,,False
101990961244800083,air_humidity,2026-08-28 13:00:00+00:00,,48.255208395974414,,False
101990961244800083,air_humidity,2026-08-28 14:00:00+00:00,,53.81541081171025,,False
101990961244800083,air_humidity,2026-08-28 15:00:00+00:00,,60.64868418243355,,False
101990961244800083,air_humidity,2026-08-28 16:00:00+00:00,,67.82255481623213,,False
101990961244800083,air_humidity,2026-08-28 17:00:00+00:00,,72.00582680712793,,False
101990961244800083,air_humidity,2026-08-28 18:00:00+00:00,,74.55994591191414,,False
101990961244800083,air_humidity,2026-08-28 19:00:00+00:00,,75.61320135828774,,False
101990961244800083,air_humidity,2026-08-28 20:00:00+00:00,,75.9512701901265,,False
101990961244800083,air_humidity,2026-08-28 21:00:00+00:00,,76.05223311342527,,False
101990961244800083,air_humidity,2026-08-28 22:00:00+00:00,,76.73259547611212,,False
101990961244800083,air_humidity,2026-08-28 23:00:00+00:00,,77.48143025091258,,False
101990961244800083,air_humidity,2026-08-29 00:00:00+00:00,,78.10406388153847,,False
101990961244800083,air_humidity,2026-08-29 01:00:00+00:00,,77.78415704497691,,False
101990961244800083,air_humidity,2026-08-29 02:00:00+00:00,,77.42801556023201,,False
101990961244800083,air_humidity,2026-08-29 03:00:00+00:00,,77.774785982988,,False
101990961244800083,air_humidity,2026-08-29 04:00:00+00:00,,76.57952132794364,,False
101990961244800083,air_humidity,2026-08-29 05:00:00+00:00,82.0,71.52020184478138,,False
101990961244800083,air_humidity,2026-08-29 06:00:00+00:00,,72.31293400438466,82.0,False
101990961244800083,air_humidity,2026-08-29 07:00:00+00:00,,63.440978605176944,,False
101990961244800083,air_humidity,2026-08-29 08:00:00+00:00,43.333333333333336,56.76589299345044,,False
101990961244800083,air_humidity,2026-08-29 09:00:00+00:00,38.0,40.732347738723035,43.333333333333336,True
101990961244800083,air_humidity,2026-08-29 10:00:00+00:00,36.66666666666666,35.32891918955846,38.0,True
101990961244800083,air_humidity,2026-08-29 11:00:00+00:00,36.0,36.89516185883955,36.66666666666666,True
101990961244800083,air_humidity,2026-08-29 12:00:00+00:00,34.0,39.94322049835778,36.0,True
101990961244800083,air_humidity,2026-08-29 13:00:00+00:00,34.25,38.77470074753434,34.0,True
101990961244800083,air_humidity,2026-08-29 14:00:00+00:00,50.0,41.294007000829396,34.25,True
101990961244800083,air_humidity,2026-08-29 15:00:00+00:00,56.0,59.55419700374251,50.0,True
101990961244800083,air_humidity,2026-08-29 16:00:00+00:00,63.5,62.82113952099884,56.0,True
101990961244800083,air_humidity,2026-08-29 17:00:00+00:00,69.6,68.11553458823334,63.5,True
101990961244800083,air_humidity,2026-08-29 18:00:00+00:00,73.0,72.72580476001549,69.6,True
101990961244800083,air_humidity,2026-08-29 19:00:00+00:00,75.4,74.31707391012866,73.0,True
101990961244800083,air_humidity,2026-08-29 20:00:00+00:00,77.0,75.99679207777076,75.4,True
101990961244800083,air_humidity,2026-08-29 21:00:00+00:00,,77.16572113307494,77.0,False
101990961244800083,air_humidity,2026-08-29 22:00:00+00:00,,77.70361016610633,,False
101990961244800083,air_humidity,2026-08-29 23:00:00+00:00,,78.3651957929431,,False
101990961244800083,air_humidity,2026-08-30 00:00:00+00:00,,78.95163457956515,,False
101990961244800083,air_humidity,2026-08-30 01:00:00+00:00,,78.64496387194151,,False
101990961244800083,air_humidity,2026-08-30 02:00:00+00:00,,78.35200609252064,,False
101990961244800083,air_humidity,2026-08-30 03:00:00+00:00,,78.81458632362259,,False
101990961244800083,air_humidity,2026-08-30 04:00:00+00:00,,77.79306247034593,,False
101990961244800083,air_humidity,2026-08-30 05:00:00+00:00,,72.79920336221525,,False
101990961244800083,air_humidity,2026-08-30 06:00:00+00:00,,63.31156115251878,,False
101990961244800083,air_humidity,2026-08-30 07:00:00+00:00,77.0,54.70818724219485,,False
101990961244800083,air_humidity,2026-08-30 08:00:00+00:00,,68.1607389880767,77.0,False
101990961244800083,air_humidity,2026-08-30 09:00:00+00:00,,62.165168871764266,,False
101990961244800083,air_humidity,2026-08-30 10:00:00+00:00,37.0,56.54163765034134,,False
101990961244800083,air_humidity,2026-08-30 11:00:00+00:00,,35.585137773567055,37.0,False
101990961244800083,air_humidity,2026-08-30 12:00:00+00:00,35.0,39.27083827939816,,False
101990961244800083,air_humidity,2026-08-30 13:00:00+00:00,38.0,40.01597679189848,35.0,True
101990961244800083,air_humidity,2026-08-30 14:00:00+00:00,43.0,46.32085696340896,38.0,True
101990961244800083,air_humidity,2026-08-30 15:00:00+00:00,52.0,51.034256122379105,43.0,True
101990961244800083,air_humidity,2026-08-30 16:00:00+00:00,60.0,60.66525919515715,52.0,True
101990961244800083,air_humidity,2026-08-30 17:00:00+00:00,66.0,65.2454328236883,60.0,True
101990961244800083,air_humidity,2026-08-30 18:00:00+00:00,,69.77132533503739,66.0,False
101990961244800083,air_humidity,2026-08-30 19:00:00+00:00,,71.82824474254001,,False
101990961244800083,air_humidity,2026-08-30 20:00:00+00:00,,73.02775822829442,,False
101990961244800083,air_humidity,2026-08-30 21:00:00+00:00,,73.84510211788698,,False
101990961244800083,air_humidity,2026-08-30 22:00:00+00:00,,75.14703748428161,,False
101990961244800083,air_humidity,2026-08-30 23:00:00+00:00,,76.45105750833974,,False
101990961244800083,air_humidity,2026-08-31 00:00:00+00:00,,77.58563181720277,,False
101990961244800083,air_humidity,2026-08-31 01:00:00+00:00,,77.75629674060758,,False
101990961244800083,air_humidity,2026-08-31 02:00:00+00:00,,77.89030900151744,,False
101990961244800083,air_humidity,2026-08-31 03:00:00+00:00,,78.74774775680531,,False
101990961244800083,air_humidity,2026-08-31 04:00:00+00:00,,78.10609475561697,,False
101990961244800083,air_humidity,2026-08-31 05:00:00+00:00,,73.5953504450993,,False
101990961244800083,air_humidity,2026-08-31 06:00:00+00:00,,65.08764384882379,,False
101990961244800083,air_humidity,2026-08-31 07:00:00+00:00,,57.31082318709022,,False
101990961244800083,air_humidity,2026-08-31 08:00:00+00:00,,50.11655737098834,,False
101990961244800083,air_humidity,2026-08-31 09:00:00+00:00,,45.861812124033605,,False
101990961244800083,air_humidity,2026-08-31 10:00:00+00:00,,41.32153472994625,,False
101990961244800083,air_humidity,2026-08-31 11:00:00+00:00,,39.877267643158476,,False
101990961244800083,air_humidity,2026-08-31 12:00:00+00:00,,42.58465499347854,,False
101990961244800083,air_humidity,2026-08-31 13:00:00+00:00,,46.57337459271097,,False
101990961244800083,air_humidity,2026-08-31 14:00:00+00:00,,52.63174182509837,,False
101990961244800083,air_humidity,2026-08-31 15:00:00+00:00,,59.72449548886619,,False
101990961244800083,air_humidity,2026-08-31 16:00:00+00:00,,66.64686092426379,,False
101990961244800083,air_humidity,2026-08-31 17:00:00+00:00,,70.73624305930201,,False
101990961244800083,air_humidity,2026-08-31 18:00:00+00:00,,73.39216515628347,,False
101990961244800083,air_humidity,2026-08-31 19:00:00+00:00,,74.6502189519649,,False
101990961244800083,air_humidity,2026-08-31 20:00:00+00:00,,75.19092474113016,,False
101990961244800083,air_humidity,2026-08-31 21:00:00+00:00,,75.47010949975711,,False
101990961244800083,air_humidity,2026-08-31 22:00:00+00:00,,76.31906005885921,,False
101990961244800083,air_humidity,2026-08-31 23:00:00+00:00,,77.23337552166635,,False
101990961244800083,air_humidity,2026-09-01 00:00:00+00:00,,78.02475994619759,,False
101990961244800083,air_humidity,2026-09-01 01:00:00+00:00,,77.88399758455648,,False
101990961244800083,air_humidity,2026-09-01 02:00:00+00:00,,77.7249679969936,,False
101990961244800083,air_humidity,2026-09-01 03:00:00+00:00,,78.29516903227935,,False
101990961244800083,air_humidity,2026-09-01 04:00:00+00:00,,77.35975237609728,,False
101990961244800083,air_humidity,2026-09-01 05:00:00+00:00,,72.54279479730091,,False
101990961244800083,air_humidity,2026-09-01 06:00:00+00:00,,63.72768825944749,,False
101990961244800083,air_humidity,2026-09-01 07:00:00+00:00,48.0,55.77569601716003,,False
101990961244800083,air_humidity,2026-09-01 08:00:00+00:00,,42.04050284153976,48.0,False
101990961244800083,air_humidity,2026-09-01 09:00:00+00:00,,39.28478002474308,,False
101990961244800083,air_humidity,2026-09-01 10:00:00+00:00,,35.96009918616505,,False
101990961244800083,air_humidity,2026-09-01 11:00:00+00:00,36.0,35.18382886475629,,False
101990961244800083,air_humidity,2026-09-01 12:00:00+00:00,38.0,39.15221061660859,36.0,True
101990961244800083,air_humidity,2026-09-01 13:00:00+00:00,35.5,42.22554309396342,38.0,True
101990961244800083,air_humidity,2026-09-01 14:00:00+00:00,49.5,41.542924635650856,35.5,True
101990961244800083,air_humidity,2026-09-01 15:00:00+00:00,52.66666666666666,58.366262583551645,49.5,True
101990961244800083,air_humidity,2026-09-01 16:00:00+00:00,57.0,58.936900658251425,52.66666666666666,True
101990961244800083,air_humidity,2026-09-01 17:00:00+00:00,65.0,61.58527550837015,57.0,True
101990961244800083,air_humidity,2026-09-01 18:00:00+00:00,,68.73004301877695,65.0,False
101990961244800083,air_humidity,2026-09-01 19:00:00+00:00,,70.11388277649253,,False
101990961244800083,air_humidity,2026-09-01 20:00:00+00:00,,70.74978145662837,,False
101990961244800083,air_humidity,2026-09-01 21:00:00+00:00,,71.08981820171238,,False
101990961244800083,air_humidity,2026-09-01 22:00:00+00:00,,71.97860193164132,,False
101990961244800083,air_humidity,2026-09-01 23:00:00+00:00,,72.91648499235016,,False
101990961244800083,air_humidity,2026-09-02 00:00:00+00:00,,73.7165418761351,,False
101990961244800083,air_humidity,2026-09-02 01:00:00+00:00,,73.57031286770521,,False
101990961244800083,air_humidity,2026-09-02 02:00:00+00:00,,73.39182154490369,,False
101990961244800083,air_humidity,2026-09-02 03:00:00+00:00,,73.9281039425476,,False
101990961244800083,air_humidity,2026-09-02 04:00:00+00:00,,72.94323311640817,,False
101990961244800083,air_humidity,2026-09-02 05:00:00+00:00,74.0,68.05715987881855,,False
101990961244800083,air_humidity,2026-09-02 06:00:00+00:00,,64.46291957837038,74.0,False
101990961244800083,air_humidity,2026-09-02 07:00:00+00:00,48.0,55.67628283579538,,False
101990961244800083,air_humidity,2026-09-02 08:00:00+00:00,44.0,41.39697807404386,48.0,True
101990961244800083,air_humidity,2026-09-02 09:00:00+00:00,42.5,41.42273088805794,44.0,True
101990961244800083,air_humidity,2026-09-02 10:00:00+00:00,37.0,38.828029527557874,42.5,True
101990961244800083,air_humidity,2026-09-02 11:00:00+00:00,37.0,35.602913180901076,37.0,True
101990961244800083,air_humidity,2026-09-02 12:00:00+00:00,34.666666666666664,40.01994281292147,37.0,True
101990961244800083,air_humidity,2026-09-02 13:00:00+00:00,36.0,37.49144396452914,34.666666666666664,True
101990961244800083,air_humidity,2026-09-02 14:00:00+00:00,44.4,43.93154453529084,36.0,True
101990961244800083,air_humidity,2026-09-02 15:00:00+00:00,48.0,51.80169537814305,44.4,True
101990961244800083,air_humidity,2026-09-02 16:00:00+00:00,52.0,54.94672635916166,48.0,True
101990961244800083,air_humidity,2026-09-02 17:00:00+00:00,71.0,57.44342493039351,52.0,True
101990961244800083,air_humidity,2026-09-02 18:00:00+00:00,,76.0636416288355,71.0,False
101990961244800083,air_humidity,2026-09-02 19:00:00+00:00,,76.21961411343025,,False
101990961244800083,air_humidity,2026-09-02 20:00:00+00:00,,75.87113838241369,,False
101990961244800083,air_humidity,2026-09-02 21:00:00+00:00,,75.43023465290793,,False
101990961244800083,air_humidity,2026-09-02 22:00:00+00:00,,75.70263676436875,,False
101990961244800083,air_humidity,2026-09-02 23:00:00+00:00,,76.1600527668497,,False
101990961244800083,air_humidity,2026-09-03 00:00:00+00:00,,76.5944039170146,,False
101990961244800083,air_humidity,2026-09-03 01:00:00+00:00,,76.1811504297245,,False
101990961244800083,air_humidity,2026-09-03 02:00:00+00:00,,75.82250753311106,,False
101990961244800083,air_humidity,2026-09-03 03:00:00+00:00,,76.25746333172764,,False
101990961244800083,air_humidity,2026-09-03 04:00:00+00:00,65.0,75.2455729108674,,False
101990961244800083,air_humidity,2026-09-03 05:00:00+00:00,64.0,61.14624032948512,65.0,True
101990961244800083,air_humidity,2026-09-03 06:00:00+00:00,,55.7811356396109,64.0,False
101990961244800083,air_humidity,2026-09-03 07:00:00+00:00,,47.64012524242402,,False
101990961244800083,air_humidity,2026-09-03 08:00:00+00:00,39.333333333333336,41.830671933759625,,False
101990961244800083,air_humidity,2026-09-03 09:00:00+00:00,39.0,36.63940859769856,39.333333333333336,True
101990961244800083,air_humidity,2026-09-03 10:00:00+00:00,38.0,35.59493330086442,39.0,True
101990961244800083,air_humidity,2026-09-03 11:00:00+00:00,36.0,37.158505538700965,38.0,True
101990961244800083,air_humidity,2026-09-03 12:00:00+00:00,35.0,37.71688912033255,36.0,True
101990961244800083,air_humidity,2026-09-03 13:00:00+00:00,,38.18933802681948,35.0,False
101990961244800083,air_humidity,2026-09-03 14:00:00+00:00,36.0,45.3656193417712,,False
101990961244800083,air_humidity,2026-09-03 15:00:00+00:00,49.0,43.16894624451535,36.0,True
101990961244800083,air_humidity,2026-09-03 16:00:00+00:00,55.5,57.31523628661931,49.0,True
101990961244800083,air_humidity,2026-09-03 17:00:00+00:00,,61.674552151886225,55.5,False
101990961244800083,air_humidity,2026-09-03 18:00:00+00:00,,65.07016128611805,,False
101990961244800083,air_humidity,2026-09-03 19:00:00+00:00,,66.49934700683295,,False
101990961244800083,air_humidity,2026-09-03 20:00:00+00:00,,67.16200800333891,,False
101990961244800083,air_humidity,2026-09-03 21:00:00+00:00,,67.51096876749519,,False
101990961244800083,air_humidity,2026-09-03 22:00:00+00:00,,68.39254853239957,,False
101990961244800083,air_humidity,2026-09-03 23:00:00+00:00,,69.30925963884975,,False
101990961244800083,air_humidity,2026-09-04 00:00:00+00:00,,70.0739890226978,,False
101990961244800083,air_humidity,2026-09-04 01:00:00+00:00,,69.87699541081338,,False
101990961244800083,air_humidity,2026-09-04 02:00:00+00:00,,69.63037246406552,,False
101990961244800083,air_humidity,2026-09-04 03:00:00+00:00,,70.07845811874657,,False
101990961244800083,air_humidity,2026-09-04 04:00:00+00:00,74.0,69.17334526249998,,False
101990961244800083,air_humidity,2026-09-04 05:00:00+00:00,65.0,69.32172375303205,74.0,True
101990961244800083,air_humidity,2026-09-04 06:00:00+00:00,53.0,55.085817917717435,65.0,True
101990961244800083,air_humidity,2026-09-04 07:00:00+00:00,49.5,44.79112114032573,53.0,True
101990961244800083,air_humidity,2026-09-04 08:00:00+00:00,,43.95607981647939,49.5,False
101990961244800083,air_humidity,2026-09-04 09:00:00+00:00,48.0,40.65049308888394,,False
101990961244800083,air_humidity,2026-09-04 10:00:00+00:00,50.0,43.69875945377881,48.0,True
101990961244800083,air_humidity,2026-09-04 11:00:00+00:00,44.0,47.77256786958464,50.0,True
101990961244800083,air_humidity,2026-09-04 12:00:00+00:00,43.0,43.75272071534223,44.0,True
101990961244800083,air_humidity,2026-09-04 13:00:00+00:00,60.0,44.79454719780018,43.0,True
101990961244800083,air_humidity,2026-09-04 14:00:00+00:00,93.0,66.28502788336218,60.0,True
101990961244800083,air_humidity,2026-09-04 15:00:00+00:00,89.0,98.84989042201278,93.0,True
101990961244800083,air_humidity,2026-09-04 16:00:00+00:00,84.0,87.8713772400359,89.0,True
101990961244800083,air_humidity,2026-09-04 17:00:00+00:00,80.5,84.70662834191815,84.0,True
101990961244800083,air_humidity,2026-09-04 18:00:00+00:00,,80.4501164021324,80.5,False
101990961244800083,air_humidity,2026-09-04 19:00:00+00:00,,80.24218511394292,,False
101990961244800083,air_humidity,2026-09-04 20:00:00+00:00,,79.5845171590525,,False
101990961244800083,air_humidity,2026-09-04 21:00:00+00:00,,78.87646702040509,,False
101990961244800083,air_humidity,2026-09-04 22:00:00+00:00,,78.91413445948066,,False
101990961244800083,air_humidity,2026-09-04 23:00:00+00:00,,79.16087959003296,,False
101990961244800083,air_humidity,2026-09-05 00:00:00+00:00,,79.39948207488975,,False
101990961244800083,air_humidity,2026-09-05 01:00:00+00:00,,78.79647983754211,,False
101990961244800083,air_humidity,2026-09-05 02:00:00+00:00,,78.24543396953555,,False
101990961244800083,air_humidity,2026-09-05 03:00:00+00:00,,78.4765565778593,,False
101990961244800083,air_humidity,2026-09-05 04:00:00+00:00,,77.21597817881973,,False
101990961244800083,air_humidity,2026-09-05 05:00:00+00:00,,71.85751805035929,,False
101990961244800083,air_humidity,2026-09-05 06:00:00+00:00,,62.141917957218055,,False
101990961244800083,air_humidity,2026-09-05 07:00:00+00:00,,54.37970235661745,,False
101990961244800083,air_humidity,2026-09-05 08:00:00+00:00,,48.37522542120743,,False
101990961244800083,air_humidity,2026-09-05 09:00:00+00:00,,45.60518793277605,,False
101990961244800083,air_humidity,2026-09-05 10:00:00+00:00,,42.41374591150554,,False
101990961244800083,air_humidity,2026-09-05 11:00:00+00:00,,40.538757295647244,,False
101990961244800083,air_humidity,2026-09-05 12:00:00+00:00,,42.45136389774426,,False
101990961244800083,air_humidity,2026-09-05 13:00:00+00:00,,47.40925731422978,,False
101990961244800083,air_humidity,2026-09-05 14:00:00+00:00,,57.158553381788906,,False
101990961244800083,air_humidity,2026-09-05 15:00:00+00:00,,62.64674630395432,,False
101990961244800083,air_humidity,2026-09-05 16:00:00+00:00,,67.77689561903068,,False
101990961244800083,air_humidity,2026-09-05 17:00:00+00:00,,71.57398602877252,,False
101990961244800083,air_humidity,2026-09-05 18:00:00+00:00,,73.97432773177115,,False
101990961244800083,air_humidity,2026-09-05 19:00:00+00:00,,74.96521265333755,,False
101990961244800083,air_humidity,2026-09-05 20:00:00+00:00,,75.27999020681457,,False
101990961244800083,air_humidity,2026-09-05 21:00:00+00:00,,75.36042053243376,,False
101990961244800083,air_humidity,2026-09-05 22:00:00+00:00,,76.03704558800044,,False
101990961244800083,air_humidity,2026-09-05 23:00:00+00:00,,76.8011953060989,,False
101990961244800083,air_humidity,2026-09-06 00:00:00+00:00,,77.45835748994205,,False
101990961244800083,air_humidity,2026-09-06 01:00:00+00:00,,77.19349948204274,,False
101990961244800083,air_humidity,2026-09-06 02:00:00+00:00,,76.91513083009333,,False
101990961244800083,air_humidity,2026-09-06 03:00:00+00:00,,77.36557821160483,,False
101990961244800083,air_humidity,2026-09-06 04:00:00+00:00,75.0,76.3405018216945,,False
101990961244800083,air_humidity,2026-09-06 05:00:00+00:00,,70.2293009711952,75.0,False
101990961244800083,air_humidity,2026-09-06 06:00:00+00:00,59.66666666666666,60.98353038153144,,False
101990961244800083,air_humidity,2026-09-06 07:00:00+00:00,,51.863152041845076,59.66666666666666,False
101990961244800083,air_humidity,2026-09-06 08:00:00+00:00,42.0,45.95716640965316,,False
101990961244800083,air_humidity,2026-09-06 09:00:00+00:00,40.0,39.4181109891215,42.0,True
101990961244800083,air_humidity,2026-09-06 10:00:00+00:00,40.0,37.22145926495169,40.0,True
101990961244800083,air_humidity,2026-09-06 11:00:00+00:00,38.0,39.196618996207775,40.0,True
101990961244800083,air_humidity,2026-09-06 12:00:00+00:00,40.0,40.063308964913794,38.0,True
101990961244800083,air_humidity,2026-09-06 13:00:00+00:00,49.0,44.180858300025605,40.0,True
101990961244800083,air_humidity,2026-09-06 14:00:00+00:00,,57.377650109756566,49.0,False
101990961244800083,air_humidity,2026-09-06 15:00:00+00:00,91.25,62.97810905961548,,False
101990961244800083,air_humidity,2026-09-06 16:00:00+00:00,89.5,95.25295805914446,91.25,True
101990961244800083,air_humidity,2026-09-06 17:00:00+00:00,89.0,89.0836818082959,89.5,True
101990961244800083,air_humidity,2026-09-06 18:00:00+00:00,,88.93603934688205,89.0,False
101990961244800083,air_humidity,2026-09-06 19:00:00+00:00,,87.87716983622146,,False
101990961244800083,air_humidity,2026-09-06 20:00:00+00:00,,86.51701369074274,,False
101990961244800083,air_humidity,2026-09-06 21:00:00+00:00,,85.22651858419538,,False
101990961244800083,air_humidity,2026-09-06 22:00:00+00:00,,84.77691774507112,,False
101990961244800083,air_humidity,2026-09-06 23:00:00+00:00,,84.61103460394203,,False
101990961244800083,air_humidity,2026-09-07 00:00:00+00:00,,84.49393628207122,,False
101990961244800083,air_humidity,2026-09-07 01:00:00+00:00,,83.57677160047905,,False
101990961244800083,air_humidity,2026-09-07 02:00:00+00:00,,82.73951306883738,,False
101990961244800083,air_humidity,2026-09-07 03:00:00+00:00,,82.69999206558938,,False
101990961244800083,air_humidity,2026-09-07 04:00:00+00:00,,81.25900570894996,,False
101990961244800083,air_humidity,2026-09-07 05:00:00+00:00,,76.10238144108499,,False
101990961244800083,air_humidity,2026-09-07 06:00:00+00:00,,66.44804531912467,,False
101990961244800083,air_humidity,2026-09-07 07:00:00+00:00,,58.03874062450985,,False
101990961244800083,air_humidity,2026-09-07 08:00:00+00:00,,51.46510959743475,,False
101990961244800083,air_humidity,2026-09-07 09:00:00+00:00,,48.45921864826521,,False
101990961244800083,air_humidity,2026-09-07 10:00:00+00:00,,45.25261056798828,,False
101990961244800083,air_humidity,2026-09-07 11:00:00+00:00,,43.64303419890811,,False
101990961244800083,air_humidity,2026-09-07 12:00:00+00:00,,45.76396357568565,,False
101990961244800083,air_humidity,2026-09-07 13:00:00+00:00,,50.27189339140253,,False
101990961244800083,air_humidity,2026-09-07 14:00:00+00:00,68.0,59.91091339741681,,False
101990961244800083,air_humidity,2026-09-07 15:00:00+00:00,75.0,75.13790635149846,68.0,True
101990961244800083,air_humidity,2026-09-07 16:00:00+00:00,87.0,79.0542125783782,75.0,True
101990961244800083,air_humidity,2026-09-07 17:00:00+00:00,92.0,90.59535124741956,87.0,True
101990961244800083,air_humidity,2026-09-07 18:00:00+00:00,,92.54746423492863,92.0,False
101990961244800083,air_humidity,2026-09-07 19:00:00+00:00,,91.6764035483457,,False
101990961244800083,air_humidity,2026-09-07 20:00:00+00:00,,90.47178384483225,,False
101990961244800083,air_humidity,2026-09-07 21:00:00+00:00,,89.31166638197904,,False
101990961244800083,air_humidity,2026-09-07 22:00:00+00:00,,88.97256319507635,,False
101990961244800083,air_humidity,2026-09-07 23:00:00+00:00,,88.90218962214357,,False
101990961244800083,air_humidity,2026-09-08 00:00:00+00:00,,88.8695193865073,,False
101990961244800083,air_humidity,2026-09-08 01:00:00+00:00,,88.029014958274,,False
101990961244800083,air_humidity,2026-09-08 02:00:00+00:00,,87.26362793330874,,False
101990961244800083,air_humidity,2026-09-08 03:00:00+00:00,,87.29396009289187,,False
101990961244800083,air_humidity,2026-09-08 04:00:00+00:00,,85.92509461663252,,False
101990961244800083,air_humidity,2026-09-08 05:00:00+00:00,73.0,80.84986453762431,,False
101990961244800083,air_humidity,2026-09-08 06:00:00+00:00,66.0,64.20818735772124,73.0,True
101990961244800083,air_humidity,2026-09-08 07:00:00+00:00,,58.80334251503952,66.0,False
101990961244800083,air_humidity,2026-09-08 08:00:00+00:00,,52.86821138653411,,False
101990961244800083,air_humidity,2026-09-08 09:00:00+00:00,,50.23733461211381,,False
101990961244800083,air_humidity,2026-09-08 10:00:00+00:00,,47.164416751186025,,False
101990961244800083,air_humidity,2026-09-08 11:00:00+00:00,,45.9312259513751,,False
101990961244800083,air_humidity,2026-09-08 12:00:00+00:00,,48.37688987746057,,False
101990961244800083,air_humidity,2026-09-08 13:00:00+00:00,,52.822200917788855,,False
101990961244800083,air_humidity,2026-09-08 14:00:00+00:00,,61.585926610974354,,False
101990961244800083,air_humidity,2026-09-08 15:00:00+00:00,,68.59434439855352,,False
101990961244800083,air_humidity,2026-09-08 16:00:00+00:00,,75.0956552089142,,False
101990961244800083,air_humidity,2026-09-08 17:00:00+00:00,,79.47323905120574,,False
101990961244800083,air_humidity,2026-09-08 18:00:00+00:00,,81.76523180721988,,False
101990961244800083,air_humidity,2026-09-08 19:00:00+00:00,,82.55051585565488,,False
101990961244800083,air_humidity,2026-09-08 20:00:00+00:00,,82.68054810324891,,False
101990961244800083,air_humidity,2026-09-08 21:00:00+00:00,,82.59113743560387,,False
101990961244800083,air_humidity,2026-09-08 22:00:00+00:00,,83.1071930578745,,False
101990961244800083,air_humidity,2026-09-08 23:00:00+00:00,,83.71443566106412,,False
101990961244800083,air_humidity,2026-09-09 00:00:00+00:00,,84.21166753081486,,False
101990961244800083,air_humidity,2026-09-09 01:00:00+00:00,,83.77675144442799,,False
101990961244800083,air_humidity,2026-09-09 02:00:00+00:00,,83.31065705852322,,False
101990961244800083,air_humidity,2026-09-09 03:00:00+00:00,,83.54740383432319,,False
101990961244800083,air_humidity,2026-09-09 04:00:00+00:00,,82.29504188622002,,False
101990961244800083,air_humidity,2026-09-09 05:00:00+00:00,,77.34500408421975,,False
101990961244800083,air_humidity,2026-09-09 06:00:00+00:00,,68.30686068527648,,False
101990961244800083,air_humidity,2026-09-09 07:00:00+00:00,,60.33664750751245,,False
101990961244800083,air_humidity,2026-09-09 08:00:00+00:00,,54.09407969299017,,False
101990961244800083,air_humidity,2026-09-09 09:00:00+00:00,,51.18896717209186,,False
101990961244800083,air_humidity,2026-09-09 10:00:00+00:00,,47.86467933423075,,False
101990961244800083,air_humidity,2026-09-09 11:00:00+00:00,,46.43038276782378,,False
101990961244800083,air_humidity,2026-09-09 12:00:00+00:00,,48.69169224323921,,False
101990961244800083,air_humidity,2026-09-09 13:00:00+00:00,,52.93361268099724,,False
101990961244800083,air_humidity,2026-09-09 14:00:00+00:00,,61.49571726409254,,False
101990961244800083,air_humidity,2026-09-09 15:00:00+00:00,,68.4297139302041,,False
101990961244800083,air_humidity,2026-09-09 16:00:00+00:00,,74.42931876058822,,False
101990961244800083,air_humidity,2026-09-09 17:00:00+00:00,,78.70744829010634,,False
101990961244800083,air_humidity,2026-09-09 18:00:00+00:00,,81.13581762794706,,False
101990961244800083,air_humidity,2026-09-09 19:00:00+00:00,,82.06349169461878,,False
101990961244800083,air_humidity,2026-09-09 20:00:00+00:00,,82.31436708600246,,False
101990961244800083,air_humidity,2026-09-09 21:00:00+00:00,,82.32939774313309,,False
101990961244800083,air_humidity,2026-09-09 22:00:00+00:00,,82.93792793729129,,False
101990961244800083,air_humidity,2026-09-09 23:00:00+00:00,,83.62959541803147,,False
101990961244800083,air_humidity,2026-09-10 00:00:00+00:00,,84.20677108058224,,False
101990961244800083,air_humidity,2026-09-10 01:00:00+00:00,,83.85069233808804,,False
101990961244800083,air_humidity,2026-09-10 02:00:00+00:00,,83.46565558790405,,False
101990961244800083,air_humidity,2026-09-10 03:00:00+00:00,,83.78910314226998,,False
101990961244800083,air_humidity,2026-09-10 04:00:00+00:00,,82.63269016451213,,False
101990961244800083,air_humidity,2026-09-10 05:00:00+00:00,,77.73441313473933,,False
101990961244800083,air_humidity,2026-09-10 06:00:00+00:00,,68.52959056602653,,False
101990961244800083,air_humidity,2026-09-10 07:00:00+00:00,,60.49467363440038,,False
101990961244800083,air_humidity,2026-09-10 08:00:00+00:00,,54.22526690548852,,False
101990961244800083,air_humidity,2026-09-10 09:00:00+00:00,,51.29638882033048,,False
101990961244800083,air_humidity,2026-09-10 10:00:00+00:00,,47.950503104680486,,False
101990961244800083,air_humidity,2026-09-10 11:00:00+00:00,,46.49890935516877,,False
101990961244800083,air_humidity,2026-09-10 12:00:00+00:00,,48.74448538745977,,False
101990961244800083,air_humidity,2026-09-10 13:00:00+00:00,,52.96932644660466,,False
101990961244800083,air_humidity,2026-09-10 14:00:00+00:00,,61.514639483428724,,False
101990961244800083,air_humidity,2026-09-10 15:00:00+00:00,,68.44215769899014,,False
101990961244800083,air_humidity,2026-09-10 16:00:00+00:00,,74.4011356529354,,False
101990961244800083,air_humidity,2026-09-10 17:00:00+00:00,,78.67095513761747,,False
101990961244800083,air_humidity,2026-09-10 18:00:00+00:00,,81.10997875790119,,False
101990961244800083,air_humidity,2026-09-10 19:00:00+00:00,,82.04884074690254,,False
101990961244800083,air_humidity,2026-09-10 20:00:00+00:00,,82.30921918105375,,False
101990961244800083,air_humidity,2026-09-10 21:00:00+00:00,,82.3324724765556,,False
101990961244800083,air_humidity,2026-09-10 22:00:00+00:00,,82.9482939546954,,False
101990961244800083,air_humidity,2026-09-10 23:00:00+00:00,,83.64663009928323,,False
101990961244800083,air_humidity,2026-09-11 00:00:00+00:00,,84.23013358830298,,False
101990961244800083,air_humidity,2026-09-11 01:00:00+00:00,,83.88030886374843,,False
101990961244800083,air_humidity,2026-09-11 02:00:00+00:00,,83.50171615685748,,False
101990961244800083,air_humidity,2026-09-11 03:00:00+00:00,,83.8320698394236,,False
101990961244800083,air_humidity,2026-09-11 04:00:00+00:00,,82.6833121614431,,False
101990961244800083,air_humidity,2026-09-11 05:00:00+00:00,,77.78915543992731,,False
101990961244800083,air_humidity,2026-09-11 06:00:00+00:00,,68.57095154006826,,False
101990961244800083,air_humidity,2026-09-11 07:00:00+00:00,,60.530830389186114,,False
101990961244800083,air_humidity,2026-09-11 08:00:00+00:00,,54.259257598872274,,False
101990961244800083,air_humidity,2026-09-11 09:00:00+00:00,,51.328462589295846,,False
101990961244800083,air_humidity,2026-09-11 10:00:00+00:00,,47.980835972271784,,False
101990961244800083,air_humidity,2026-09-11 11:00:00+00:00,,46.52784786459608,,False
101990961244800083,air_humidity,2026-09-11 12:00:00+00:00,,48.77215637882848,,False
101990961244800083,air_humidity,2026-09-11 13:00:00+00:00,,52.9956232797164,,False
101990961244800083,air_humidity,2026-09-11 14:00:00+00:00,,61.539586225990696,,False
101990961244800083,air_humidity,2026-09-11 15:00:00+00:00,,68.46658170758158,,False
101990961244800083,air_humidity,2026-09-11 16:00:00+00:00,,74.42230075634862,,False
101990961244800083,air_humidity,2026-09-11 17:00:00+00:00,,78.69145190927017,,False
101990961244800083,air_humidity,2026-09-11 18:00:00+00:00,,81.13132753217796,,False
101990961244800083,air_humidity,2026-09-11 19:00:00+00:00,,82.07108464623728,,False
101990961244800083,air_humidity,2026-09-11 20:00:00+00:00,,82.33222345794954,,False
101990961244800083,air_humidity,2026-09-11 21:00:00+00:00,,82.35613474633594,,False
101990961244800083,air_humidity,2026-09-11 22:00:00+00:00,,82.97253976355515,,False
101990961244800083,air_humidity,2026-09-11 23:00:00+00:00,,83.6714097013897,,False
101990961244800083,air_humidity,2026-09-12 00:00:00+00:00,,84.25541979243661,,False
101990961244800083,air_humidity,2026-09-12 01:00:00+00:00,,83.90609585627034,,False
101990961244800083,air_humidity,2026-09-12 02:00:00+00:00,,83.52801925005306,,False
101990961244800083,air_humidity,2026-09-12 03:00:00+00:00,,83.85892613432893,,False
101990961244800083,air_humidity,2026-09-12 04:00:00+00:00,,82.71078175510317,,False
101990961244800083,air_humidity,2026-09-12 05:00:00+00:00,,77.81695506423905,,False
101990961244800083,air_humidity,2026-09-12 06:00:00+00:00,,68.59767855946014,,False
101990961244800083,air_humidity,2026-09-12 07:00:00+00:00,,60.55714018882249,,False
101990961244800083,air_humidity,2026-09-12 08:00:00+00:00,,54.28539369616316,,False
101990961244800083,air_humidity,2026-09-12 09:00:00+00:00,,51.3544449706831,,False
101990961244800083,air_humidity,2026-09-12 10:00:00+00:00,,48.00667876084613,,False
101990961244800083,air_humidity,2026-09-12 11:00:00+00:00,,46.553578846869655,,False
101990961244800083,air_humidity,2026-09-12 12:00:00+00:00,,48.79778573078245,,False
101990961244800083,air_humidity,2026-09-12 13:00:00+00:00,,53.02114246307382,,False
101990961244800083,air_humidity,2026-09-12 14:00:00+00:00,,61.56499717650122,,False
101990961244800083,air_humidity,2026-09-12 15:00:00+00:00,,68.49195073942299,,False
101990961244800083,air_humidity,2026-09-12 16:00:00+00:00,,74.44740858317131,,False
101990961244800083,air_humidity,2026-09-12 17:00:00+00:00,,78.7165061566492,,False
101990961244800083,air_humidity,2026-09-12 18:00:00+00:00,,81.15645005052781,,False
101990961244800083,air_humidity,2026-09-12 19:00:00+00:00,,82.09627889403335,,False
101990961244800083,air_humidity,2026-09-12 20:00:00+00:00,,82.3574786378001,,False
101990961244800083,air_humidity,2026-09-12 21:00:00+00:00,,82.38144265420357,,False
101990961244800083,air_humidity,2026-09-12 22:00:00+00:00,,82.99789443362668,,False
101990961244800083,air_humidity,2026-09-12 23:00:00+00:00,,83.6968071478327,,False
101990961244800083,air_humidity,2026-09-13 00:00:00+00:00,,84.2808578368638,,False
101990961244800083,air_humidity,2026-09-13 01:00:00+00:00,,83.93157403344311,,False
101990961244800083,air_humidity,2026-09-13 02:00:00+00:00,,83.55353878774277,,False
101990961244800083,air_humidity,2026-09-13 03:00:00+00:00,,83.88449000646354,,False
101990961244800083,air_humidity,2026-09-13 04:00:00+00:00,,82.73639477854314,,False
101990961244800083,air_humidity,2026-09-13 05:00:00+00:00,,77.84259453672195,,False
101990961244800083,air_humidity,2026-09-13 06:00:00+00:00,,68.62323206678779,,False
101990961244800083,air_humidity,2026-09-13 07:00:00+00:00,,60.58266025714053,,False
101990961244800083,air_humidity,2026-09-13 08:00:00+00:00,,54.31089984237481,,False
101990961244800083,air_humidity,2026-09-13 09:00:00+00:00,,51.379938796737044,,False
101990961244800083,air_humidity,2026-09-13 10:00:00+00:00,,48.03216139874709,,False
101990961244800083,air_humidity,2026-09-13 11:00:00+00:00,,46.57905252365923,,False
101990961244800083,air_humidity,2026-09-13 12:00:00+00:00,,48.82325126208712,,False
101990961244800083,air_humidity,2026-09-13 13:00:00+00:00,,53.0465991646497,,False
101990961244800083,air_humidity,2026-09-13 14:00:00+00:00,,61.59044520353605,,False
101990961244800083,air_humidity,2026-09-13 15:00:00+00:00,,68.51739540671484,,False
101990961244800083,air_humidity,2026-09-13 16:00:00+00:00,,74.4728323160127,,False
101990961244800083,air_humidity,2026-09-13 17:00:00+00:00,,78.74192559524904,,False
101990961244800083,air_humidity,2026-09-13 18:00:00+00:00,,81.18187496062677,,False
101990961244800083,air_humidity,2026-09-13 19:00:00+00:00,,82.12170955282808,,False
101990961244800083,air_humidity,2026-09-13 20:00:00+00:00,,82.38291417994544,,False
101990961244800083,air_humidity,2026-09-13 21:00:00+00:00,,82.40688242219659,,False
101990961244800083,air_humidity,2026-09-13 22:00:00+00:00,,83.02333794934526,,False
101990961244800083,air_humidity,2026-09-13 23:00:00+00:00,,83.72225409183892,,False
101990961244800083,air_humidity,2026-09-14 00:00:00+00:00,,84.3063080345763,,False
101990961244800083,air_humidity,2026-09-14 01:00:00+00:00,,83.9570274475801,,False
101990961244800083,air_humidity,2026-09-14 02:00:00+00:00,,83.57899551670799,,False
101990961244800083,air_humidity,2026-09-14 03:00:00+00:00,,83.90995028860607,,False
101990961244800083,air_humidity,2026-09-14 04:00:00+00:00,,82.76185899991357,,False
101990961244800083,air_humidity,2026-09-14 05:00:00+00:00,,77.86806087784599,,False
101990961244800083,air_humidity,2026-09-14 06:00:00+00:00,,68.64869151821391,,False
101990961244800083,air_humidity,2026-09-14 07:00:00+00:00,,60.608117028586115,,False
101990961244800083,air_humidity,2026-09-14 08:00:00+00:00,,54.3363554980262,,False
101990961244800083,air_humidity,2026-09-14 09:00:00+00:00,,51.40539346498357,,False
101990961244800083,air_humidity,2026-09-14 10:00:00+00:00,,48.05761517031418,,False
101990961244800083,air_humidity,2026-09-14 11:00:00+00:00,,46.60450557703406,,False
101990961244800083,air_humidity,2026-09-14 12:00:00+00:00,,48.84870366263871,,False
101990961244800083,air_humidity,2026-09-14 13:00:00+00:00,,53.0720508575396,,False
101990961244800083,air_humidity,2026-09-14 14:00:00+00:00,,61.61589620120213,,False
101990961244800083,air_humidity,2026-09-14 15:00:00+00:00,82.0,68.54284613511267,,False
101990961244800083,air_humidity,2026-09-14 16:00:00+00:00,,87.30683547281735,82.0,False
101990961244800083,air_humidity,2026-09-14 17:00:00+00:00,83.0,90.77846615163895,,False
